"year","owner","player","team","pos","value","keeper","lag1_price","lag2_price","lag3_price","lag4_price","lag5_price","overall_rank","pos_rank","lag1_pos_rank","lag2_pos_rank","lag3_pos_rank","lag4_pos_rank","lag5_pos_rank","lag1_overall","lag2_overall","lag3_overall","lag4_overall","lag5_overall"
2010,"McShane","49ers D/ST","SF","D/ST",3,0,NA,NA,NA,NA,NA,110.8,4,NA,NA,NA,NA,NA,NA,NA,NA,NA,NA
2012,"Thieneman","49ers D/ST","SF","D/ST",14,0,NA,3,NA,NA,NA,88.8,1,13,4,NA,NA,NA,166.8,110.8,NA,NA,NA
2013,"Thieneman","49ers D/ST","49ERS ","D/ST",10,0,14,NA,3,NA,NA,95.9,2,1,13,4,NA,NA,88.8,166.8,110.8,NA,NA
2014,"McShane","49ers D/ST","49ERS ","D/ST",7,0,10,14,NA,3,NA,NA,NA,NA,NA,NA,NA,NA,NA,NA,NA,NA,NA
2012,"Thieneman","Aaron Hernandez","NE","TE",18,0,NA,NA,NA,NA,NA,41.9,3,13,NA,NA,NA,NA,126.2,NA,NA,NA,NA
2010,"Regan","Aaron Rodgers","GB","QB",86,0,NA,NA,NA,NA,NA,6.8,1,NA,NA,NA,NA,NA,NA,NA,NA,NA,NA
2013,"Matovina","Aaron Rodgers","GB","QB",106,0,NA,NA,86,NA,NA,24.7,2,1,2,1,NA,NA,2.1,9.3,6.8,NA,NA
2014,"Ready","Aaron Rodgers","GB","QB",109,0,106,NA,NA,86,NA,18.5,3,2,1,2,1,NA,24.7,2.1,9.3,6.8,NA
2015,"Kane","Aaron Rodgers","GB","QB",104,0,109,106,NA,NA,86,21.2,2,3,2,1,2,1,18.5,24.7,2.1,9.3,6.8
2011,"Harrington","Adam Vinatieri","IND","K",1,0,NA,NA,NA,NA,NA,NA,NA,NA,NA,NA,NA,NA,NA,NA,NA,NA,NA
2014,"Kane","Adam Vinatieri","IND","K",1,0,NA,NA,1,NA,NA,NA,NA,NA,NA,NA,NA,NA,NA,NA,NA,NA,NA
2015,"Skrzyskewski","Adam Vinatieri","IND","K",1,0,1,NA,NA,1,NA,148.2,2,NA,NA,NA,NA,8,NA,NA,NA,NA,168
2010,"Olson","Adrian Peterson","MIN","RB",107,0,NA,NA,NA,NA,NA,2.1,2,NA,NA,NA,NA,NA,NA,NA,NA,NA,NA
2011,"Ready","Adrian Peterson","MIN","RB",102,0,107,NA,NA,NA,NA,1.5,1,2,NA,NA,NA,NA,2.1,NA,NA,NA,NA
2012,"Olson","Adrian Peterson","MIN","RB",66,0,102,107,NA,NA,NA,18.4,11,1,2,NA,NA,NA,1.5,2.1,NA,NA,NA
2014,"Thieneman","Adrian Peterson","MIN","RB",97,0,NA,66,102,107,NA,3.1,2,1,11,1,2,NA,1.3,18.4,1.5,2.1,NA
2010,"Matovina","Ahmad Bradshaw","NYG","RB",1,0,NA,NA,NA,NA,NA,65.4,27,NA,NA,NA,NA,NA,NA,NA,NA,NA,NA
2012,"Shokunbi","Ahmad Bradshaw","NYG","RB",55,0,NA,1,NA,NA,NA,37.7,19,18,27,NA,NA,NA,35.6,65.4,NA,NA,NA
2013,"Kane","Ahmad Bradshaw","IND","RB",20,0,55,NA,1,NA,NA,55.2,28,19,18,27,NA,NA,37.7,35.6,65.4,NA,NA
2014,"Olson","Ahmad Bradshaw","IND","RB",1,0,20,55,NA,1,NA,125.8,47,28,19,18,27,NA,55.2,37.7,35.6,65.4,NA
2011,"Hartman","A.J. Green","CIN","WR",11,0,NA,NA,NA,NA,NA,98.1,36,NA,NA,NA,NA,NA,NA,NA,NA,NA,NA
2014,"Harrington","A.J. Green","CIN","WR",81,0,NA,NA,11,NA,NA,13.7,4,3,5,36,NA,NA,17.8,26.3,98.1,NA,NA
2015,"Ready","A.J. Green","CIN","WR",80,0,81,NA,NA,11,NA,18.5,7,4,3,5,36,NA,13.7,17.8,26.3,98.1,NA
2011,"Kane","Alex Henery","PHI","K",1,0,NA,NA,NA,NA,NA,164.3,5,NA,NA,NA,NA,NA,NA,NA,NA,NA,NA
2012,"Skrzyskewski","Alex Henery","PHI","K",1,0,1,NA,NA,NA,NA,NA,NA,NA,NA,NA,NA,NA,NA,NA,NA,NA,NA
2010,"Regan","Alex Smith","SF","QB",2,0,NA,NA,NA,NA,NA,130.5,19,NA,NA,NA,NA,NA,NA,NA,NA,NA,NA
2012,"McShane","Alex Smith","SF","QB",12,0,NA,2,NA,NA,NA,NA,NA,NA,NA,NA,NA,NA,NA,NA,NA,NA,NA
2013,"Ready","Alex Smith","KC","QB",10,0,12,NA,2,NA,NA,156.3,22,NA,NA,19,NA,NA,NA,NA,130.5,NA,NA
2014,"Harrington","Alex Smith","KC","QB",13,0,10,12,NA,2,NA,NA,NA,NA,NA,NA,NA,NA,NA,NA,NA,NA,NA
2015,"Regan","Alex Smith","KC","QB",14,0,13,10,12,NA,2,NA,NA,NA,NA,NA,NA,NA,NA,NA,NA,NA,NA
2015,"Hartman","Alfred Blue","HOU","RB",10,0,NA,NA,NA,NA,NA,79.1,33,NA,NA,NA,NA,NA,NA,NA,NA,NA,NA
2015,"Olson","Allen Robinson","JAC","WR",29,0,NA,NA,NA,NA,NA,61.6,27,NA,NA,NA,NA,NA,NA,NA,NA,NA,NA
2012,"Shokunbi","Alshon Jeffery","CHI","WR",1,0,NA,NA,NA,NA,NA,NA,NA,NA,NA,NA,NA,NA,NA,NA,NA,NA,NA
2013,"Harrington","Alshon Jeffery","CHI","WR",4,0,1,NA,NA,NA,NA,118.1,47,NA,NA,NA,NA,NA,NA,NA,NA,NA,NA
2015,"Olson","Alshon Jeffery","CHI","WR",44,0,NA,4,1,NA,NA,27.8,11.5,9,47,NA,NA,NA,25.3,118.1,NA,NA,NA
2015,"Higdon","Amari Cooper","OAK","WR",20,0,NA,NA,NA,NA,NA,42.5,19,NA,NA,NA,NA,NA,NA,NA,NA,NA,NA
2015,"Skrzyskewski","Ameer Abdullah","DET","RB",11,0,NA,NA,NA,NA,NA,43.5,22,NA,NA,NA,NA,NA,NA,NA,NA,NA,NA
2013,"Matovina","Andre Brown","HOU","RB",1,0,NA,NA,NA,NA,NA,134.3,50,NA,NA,NA,NA,NA,NA,NA,NA,NA,NA
2014,"Skrzyskewski","Andre Ellington","ARI","RB",37,0,NA,NA,NA,NA,NA,24.9,13,NA,NA,NA,NA,NA,NA,NA,NA,NA,NA
2015,"Skrzyskewski","Andre Ellington","ARI","RB",15,0,37,NA,NA,NA,NA,51.1,25,13,NA,NA,NA,NA,24.9,NA,NA,NA,NA
2011,"Kane","Andre Johnson","HOU","WR",71,0,NA,NA,NA,NA,NA,7.1,1,1,NA,NA,NA,NA,5.6,NA,NA,NA,NA
2012,"Matovina","Andre Johnson","HOU","WR",47,0,71,NA,NA,NA,NA,27.2,6,1,1,NA,NA,NA,7.1,5.6,NA,NA,NA
2014,"McShane","Andre Johnson","HOU","WR",46,0,NA,47,71,NA,NA,44.6,19,8,6,1,1,NA,31.3,27.2,7.1,5.6,NA
2015,"Matovina","Andre Johnson","IND","WR",20,0,46,NA,47,71,NA,38.8,17,19,8,6,1,1,44.6,31.3,27.2,7.1,5.6
2011,"Olson","Andre Roberts","ARI","WR",1,0,NA,NA,NA,NA,NA,NA,NA,NA,NA,NA,NA,NA,NA,NA,NA,NA,NA
2013,"Regan","Andre Roberts","WSH","WR",1,0,NA,1,NA,NA,NA,163.5,64,NA,NA,NA,NA,NA,NA,NA,NA,NA,NA
2014,"Skrzyskewski","Andre Williams","NYG","RB",2,0,NA,NA,NA,NA,NA,108.2,43,NA,NA,NA,NA,NA,NA,NA,NA,NA,NA
2015,"Ready","Andre Williams","NYG","RB",1,0,2,NA,NA,NA,NA,147.7,54,43,NA,NA,NA,NA,108.2,NA,NA,NA,NA
2012,"Thieneman","Andrew Luck","IND","QB",31,0,NA,NA,NA,NA,NA,108,16,NA,NA,NA,NA,NA,NA,NA,NA,NA,NA
2012,"Olson","Andy Dalton","CIN","QB",11,0,NA,NA,NA,NA,NA,NA,NA,NA,NA,NA,NA,NA,NA,NA,NA,NA,NA
2013,"Hartman","Andy Dalton","CIN","QB",20,0,11,NA,NA,NA,NA,119.6,15,NA,NA,NA,NA,NA,NA,NA,NA,NA,NA
2014,"McShane","Andy Dalton","CIN","QB",28,0,20,11,NA,NA,NA,121.3,16,15,NA,NA,NA,NA,119.6,NA,NA,NA,NA
2015,"Hartman","Andy Dalton","CIN","QB",8,0,28,20,11,NA,NA,160.7,24,16,15,NA,NA,NA,121.3,119.6,NA,NA,NA
2010,"Matovina","Anquan Boldin","BAL","WR",28,0,NA,NA,NA,NA,NA,31.1,13,NA,NA,NA,NA,NA,NA,NA,NA,NA,NA
2011,"Regan","Anquan Boldin","BAL","WR",28,0,28,NA,NA,NA,NA,56,22,13,NA,NA,NA,NA,31.1,NA,NA,NA,NA
2012,"Harrington","Anquan Boldin","BAL","WR",18,0,28,28,NA,NA,NA,89.8,34,22,13,NA,NA,NA,56,31.1,NA,NA,NA
2013,"Shokunbi","Anquan Boldin","SF","WR",18,0,18,28,28,NA,NA,83.4,33,34,22,13,NA,NA,89.8,56,31.1,NA,NA
2014,"Thieneman","Anquan Boldin","SF","WR",4,0,18,18,28,28,NA,112.7,45,33,34,22,13,NA,83.4,89.8,56,31.1,NA
2015,"Kane","Anquan Boldin","SF","WR",6,0,4,18,18,28,28,110.4,45,45,33,34,22,13,112.7,83.4,89.8,56,31.1
2012,"Hartman","Anthony Allen","BAL","RB",1,0,NA,NA,NA,NA,NA,NA,NA,NA,NA,NA,NA,NA,NA,NA,NA,NA,NA
2010,"Kane","Anthony Gonzalez","IND","WR",1,0,NA,NA,NA,NA,NA,113.8,45,NA,NA,NA,NA,NA,NA,NA,NA,NA,NA
2011,"Olson","Antonio Brown","PIT","WR",3,0,NA,NA,NA,NA,NA,126.3,50,NA,NA,NA,NA,NA,NA,NA,NA,NA,NA
2013,"Kane","Antonio Brown","PIT","WR",30,0,NA,3,NA,NA,NA,56.8,22,15,50,NA,NA,NA,43.3,126.3,NA,NA,NA
2014,"Skrzyskewski","Antonio Brown","PIT","WR",57,0,30,NA,3,NA,NA,22.3,8,22,15,50,NA,NA,56.8,43.3,126.3,NA,NA
2015,"Skrzyskewski","Antonio Brown","PIT","WR",77,0,57,30,NA,3,NA,8.5,2,8,22,15,50,NA,22.3,56.8,43.3,126.3,NA
2010,"Olson","Antonio Bryant","FA","WR",1,0,NA,NA,NA,NA,NA,NA,NA,NA,NA,NA,NA,NA,NA,NA,NA,NA,NA
2010,"Thieneman","Antonio Gates","SD","TE",24,0,NA,NA,NA,NA,NA,42,2,NA,NA,NA,NA,NA,NA,NA,NA,NA,NA
2011,"Matovina","Antonio Gates","SD","TE",41,0,24,NA,NA,NA,NA,37.8,1,2,NA,NA,NA,NA,42,NA,NA,NA,NA
2012,"Hartman","Antonio Gates","SD","TE",21,0,41,24,NA,NA,NA,45.6,4,1,2,NA,NA,NA,37.8,42,NA,NA,NA
2013,"Matovina","Antonio Gates","SD","TE",9,0,21,41,24,NA,NA,88.9,8,4,1,2,NA,NA,45.6,37.8,42,NA,NA
2010,"Shokunbi","Arian Foster","HOU","RB",2,0,NA,NA,NA,NA,NA,36.3,16,NA,NA,NA,NA,NA,NA,NA,NA,NA,NA
2015,"Olson","Arian Foster","HOU","RB",23,0,NA,NA,NA,NA,2,39,19,11,4,1,3,16,22.1,5.1,2,2.9,36.3
2011,"Kane","Austin Collie","IND","WR",17,0,NA,NA,NA,NA,NA,78.3,29,52,NA,NA,NA,NA,125.3,NA,NA,NA,NA
2010,"Olson","Beanie Wells","ARI","RB",40,0,NA,NA,NA,NA,NA,48.2,21,NA,NA,NA,NA,NA,NA,NA,NA,NA,NA
2011,"Skrzyskewski","Beanie Wells","ARI","RB",25,0,40,NA,NA,NA,NA,55.9,25,21,NA,NA,NA,NA,48.2,NA,NA,NA,NA
2012,"Higdon","Beanie Wells","ARI","RB",18,0,25,40,NA,NA,NA,87.2,35,25,21,NA,NA,NA,55.9,48.2,NA,NA,NA
2011,"Skrzyskewski","Bears D/ST","CHI","D/ST",16,0,NA,NA,NA,NA,NA,114.8,7,10.5,NA,NA,NA,NA,157.3,NA,NA,NA,NA
2012,"Matovina","Bears D/ST","CHI","D/ST",2,0,16,NA,NA,NA,NA,NA,NA,NA,NA,NA,NA,NA,NA,NA,NA,NA,NA
2013,"Shokunbi","Bears D/ST","BEARS ","D/ST",6,0,2,16,NA,NA,NA,105.4,3,NA,7,10.5,NA,NA,NA,114.8,157.3,NA,NA
2010,"Kane","Bengals D/ST","CIN","D/ST",1,0,NA,NA,NA,NA,NA,163.6,14,NA,NA,NA,NA,NA,NA,NA,NA,NA,NA
2012,"Olson","Bengals D/ST","CIN","D/ST",1,0,NA,1,NA,NA,NA,NA,NA,NA,NA,NA,NA,NA,NA,NA,NA,NA,NA
2013,"Regan","Bengals D/ST","BENGALS ","D/ST",4,0,1,NA,1,NA,NA,115.2,5,NA,NA,14,NA,NA,NA,NA,163.6,NA,NA
2014,"Shokunbi","Bengals D/ST","BENGALS ","D/ST",3,0,4,1,NA,1,NA,130.5,6,5,NA,NA,14,NA,115.2,NA,NA,163.6,NA
2011,"Hartman","BenJarvus Green-Ellis","NE","RB",23,0,NA,NA,NA,NA,NA,68.6,28,NA,NA,NA,NA,NA,NA,NA,NA,NA,NA
2012,"Hartman","BenJarvus Green-Ellis","CIN","RB",22,0,23,NA,NA,NA,NA,49.7,22,28,NA,NA,NA,NA,68.6,NA,NA,NA,NA
2013,"Higdon","BenJarvus Green-Ellis","CIN","RB",6,0,22,23,NA,NA,NA,85.7,36,22,28,NA,NA,NA,49.7,68.6,NA,NA,NA
2014,"Harrington","Benny Cunningham","STL","RB",1,0,NA,NA,NA,NA,NA,NA,NA,NA,NA,NA,NA,NA,NA,NA,NA,NA,NA
2010,"Matovina","Ben Roethlisberger","PIT","QB",7,0,NA,NA,NA,NA,NA,111.5,16,NA,NA,NA,NA,NA,NA,NA,NA,NA,NA
2014,"Kane","Ben Roethlisberger","PIT","QB",36,0,NA,NA,NA,7,NA,125,17,18,13,10,16,NA,132,92.6,67.1,111.5,NA
2015,"Higdon","Ben Roethlisberger","PIT","QB",70,0,36,NA,NA,NA,7,59.3,5,17,18,13,10,16,125,132,92.6,67.1,111.5
2012,"McShane","Ben Tate","HOU","RB",10,0,NA,NA,NA,NA,NA,80.5,32,41,NA,NA,NA,NA,106.6,NA,NA,NA,NA
2013,"McShane","Ben Tate","CLE","RB",4,0,10,NA,NA,NA,NA,77.1,33,32,41,NA,NA,NA,80.5,106.6,NA,NA,NA
2014,"Skrzyskewski","Ben Tate","CLE","RB",43,0,4,10,NA,NA,NA,53.7,25,33,32,41,NA,NA,77.1,80.5,106.6,NA,NA
2010,"Hartman","Bernard Berrian","MIN","WR",1,0,NA,NA,NA,NA,NA,113.4,44,NA,NA,NA,NA,NA,NA,NA,NA,NA,NA
2013,"Hartman","Bernard Pierce","BAL","RB",4,0,NA,NA,NA,NA,NA,102.8,40,NA,NA,NA,NA,NA,NA,NA,NA,NA,NA
2014,"Matovina","Bernard Pierce","BAL","RB",1,0,4,NA,NA,NA,NA,92.1,38,40,NA,NA,NA,NA,102.8,NA,NA,NA,NA
2010,"Olson","Bernard Scott","CIN","RB",2,0,NA,NA,NA,NA,NA,150.2,53,NA,NA,NA,NA,NA,NA,NA,NA,NA,NA
2012,"Kane","Bernard Scott","CIN","RB",1,0,NA,2,NA,NA,NA,NA,NA,NA,NA,NA,NA,NA,NA,NA,NA,NA,NA
2012,"Hartman","Bills D/ST","BUF","D/ST",1,0,NA,NA,NA,NA,NA,156.8,6,NA,NA,NA,NA,NA,NA,NA,NA,NA,NA
2015,"Regan","Bills D/ST","BILLS ","D/ST",5,0,NA,NA,1,NA,NA,111.3,3,NA,NA,6,NA,NA,NA,NA,156.8,NA,NA
2011,"Ready","Billy Cundiff","BAL","K",1,0,NA,NA,NA,NA,NA,NA,NA,NA,NA,NA,NA,NA,NA,NA,NA,NA,NA
2014,"Higdon","Bishop Sankey","TEN","RB",5,0,NA,NA,NA,NA,NA,60.7,27,NA,NA,NA,NA,NA,NA,NA,NA,NA,NA
2015,"Olson","Bishop Sankey","TEN","RB",1,0,5,NA,NA,NA,NA,98.6,41,27,NA,NA,NA,NA,60.7,NA,NA,NA,NA
2013,"Matovina","Blaine Gabbert","SF","QB",1,0,NA,NA,NA,NA,NA,NA,NA,NA,NA,NA,NA,NA,NA,NA,NA,NA,NA
2013,"Higdon","Blair Walsh","MIN","K",2,0,NA,NA,NA,NA,NA,145.6,2,NA,NA,NA,NA,NA,NA,NA,NA,NA,NA
2014,"Harrington","Blair Walsh","MIN","K",1,0,2,NA,NA,NA,NA,NA,NA,NA,NA,NA,NA,NA,NA,NA,NA,NA,NA
2015,"Regan","Blair Walsh","MIN","K",1,0,1,2,NA,NA,NA,173,13,NA,2,NA,NA,NA,NA,145.6,NA,NA,NA
2014,"Higdon","Blake Bortles","JAC","QB",1,0,NA,NA,NA,NA,NA,NA,NA,NA,NA,NA,NA,NA,NA,NA,NA,NA,NA
2015,"McShane","Blake Bortles","JAC","QB",8,0,1,NA,NA,NA,NA,NA,NA,NA,NA,NA,NA,NA,NA,NA,NA,NA,NA
2014,"Shokunbi","Brandin Cooks","NO","WR",13,0,NA,NA,NA,NA,NA,72.6,30,NA,NA,NA,NA,NA,NA,NA,NA,NA,NA
2015,"Matovina","Brandin Cooks","NO","WR",37,0,13,NA,NA,NA,NA,24.9,10,30,NA,NA,NA,NA,72.6,NA,NA,NA,NA
2010,"Regan","Brandon Jacobs","NYG","RB",16,0,NA,NA,NA,NA,NA,84.2,33,NA,NA,NA,NA,NA,NA,NA,NA,NA,NA
2011,"Higdon","Brandon Jacobs","NYG","RB",4,0,16,NA,NA,NA,NA,88.2,35,33,NA,NA,NA,NA,84.2,NA,NA,NA,NA
2013,"Thieneman","Brandon LaFell","NE","WR",1,0,NA,NA,NA,NA,NA,NA,NA,NA,NA,NA,NA,NA,NA,NA,NA,NA,NA
2012,"Harrington","Brandon Lloyd","NE","WR",29,0,NA,NA,NA,NA,NA,50,19,18,NA,NA,NA,NA,47.2,NA,NA,NA,NA
2010,"Shokunbi","Brandon Marshall","MIA","WR",47,0,NA,NA,NA,NA,NA,18.9,7,NA,NA,NA,NA,NA,NA,NA,NA,NA,NA
2011,"Thieneman","Brandon Marshall","MIA","WR",33,0,47,NA,NA,NA,NA,40.7,15,7,NA,NA,NA,NA,18.9,NA,NA,NA,NA
2012,"Ready","Brandon Marshall","CHI","WR",40,0,33,47,NA,NA,NA,24.4,4,15,7,NA,NA,NA,40.7,18.9,NA,NA,NA
2013,"Ready","Brandon Marshall","CHI","WR",45,0,40,33,47,NA,NA,23.7,5,4,15,7,NA,NA,24.4,40.7,18.9,NA,NA
2014,"Hartman","Brandon Marshall","CHI","WR",74,0,45,40,33,47,NA,17.1,6,5,4,15,7,NA,23.7,24.4,40.7,18.9,NA
2015,"Skrzyskewski","Brandon Marshall","NYJ","WR",20,0,74,45,40,33,47,50.6,22,6,5,4,15,7,17.1,23.7,24.4,40.7,18.9
2015,"Olson","Brandon McManus","DEN","K",1,0,NA,NA,NA,NA,NA,171,11,NA,NA,NA,NA,NA,NA,NA,NA,NA,NA
2013,"Kane","Brandon Myers","TB","TE",8,0,NA,NA,NA,NA,NA,139.4,14,NA,NA,NA,NA,NA,NA,NA,NA,NA,NA
2011,"Skrzyskewski","Brandon Pettigrew","DET","TE",12,0,NA,NA,NA,NA,NA,128.1,14,NA,NA,NA,NA,NA,NA,NA,NA,NA,NA
2012,"McShane","Brandon Pettigrew","DET","TE",27,0,12,NA,NA,NA,NA,73.2,7,14,NA,NA,NA,NA,128.1,NA,NA,NA,NA
2013,"Harrington","Brandon Pettigrew","DET","TE",1,0,27,12,NA,NA,NA,148.6,16,7,14,NA,NA,NA,73.2,128.1,NA,NA,NA
2013,"Olson","Brandon Weeden","DAL","QB",7,0,NA,NA,NA,NA,NA,NA,NA,NA,NA,NA,NA,NA,NA,NA,NA,NA,NA
2010,"Kane","Braylon Edwards","NYJ","WR",9,0,NA,NA,NA,NA,NA,102.3,40,NA,NA,NA,NA,NA,NA,NA,NA,NA,NA
2011,"Higdon","Braylon Edwards","SF","WR",3,0,9,NA,NA,NA,NA,109.3,43,40,NA,NA,NA,NA,102.3,NA,NA,NA,NA
2010,"Skrzyskewski","Brent Celek","PHI","TE",18,0,NA,NA,NA,NA,NA,61.7,6,NA,NA,NA,NA,NA,NA,NA,NA,NA,NA
2012,"Ready","Brent Celek","PHI","TE",1,0,NA,18,NA,NA,NA,154.7,17,16,6,NA,NA,NA,139,61.7,NA,NA,NA
2010,"Thieneman","Brett Favre","MIN","QB",40,0,NA,NA,NA,NA,NA,82.6,11,NA,NA,NA,NA,NA,NA,NA,NA,NA,NA
2010,"Thieneman","Brian Brohm","BUF","QB",1,0,NA,NA,NA,NA,NA,NA,NA,NA,NA,NA,NA,NA,NA,NA,NA,NA,NA
2014,"Harrington","Brian Hoyer","CLE","QB",1,0,NA,NA,NA,NA,NA,NA,NA,NA,NA,NA,NA,NA,NA,NA,NA,NA,NA
2015,"Regan","Brian Hoyer","HOU","QB",2,0,1,NA,NA,NA,NA,NA,NA,NA,NA,NA,NA,NA,NA,NA,NA,NA,NA
2015,"Shokunbi","Brian Quick","STL","WR",3,0,NA,NA,NA,NA,NA,106.6,44,NA,NA,NA,NA,NA,NA,NA,NA,NA,NA
2010,"Matovina","Broncos D/ST","DEN","D/ST",1,0,NA,NA,NA,NA,NA,NA,NA,NA,NA,NA,NA,NA,NA,NA,NA,NA,NA
2013,"Olson","Broncos D/ST","BRONCOS ","D/ST",1,0,NA,NA,1,NA,NA,120.6,6,NA,NA,NA,NA,NA,NA,NA,NA,NA,NA
2014,"Thieneman","Broncos D/ST","BRONCOS ","D/ST",1,0,1,NA,NA,1,NA,114.4,3,6,NA,NA,NA,NA,120.6,NA,NA,NA,NA
2015,"Skrzyskewski","Broncos D/ST","BRONCOS ","D/ST",1,0,1,1,NA,NA,1,153.2,10,3,6,NA,NA,NA,114.4,120.6,NA,NA,NA
2013,"Skrzyskewski","Bryce Brown","PHI","RB",8,0,NA,NA,NA,NA,NA,98.6,38,NA,NA,NA,NA,NA,NA,NA,NA,NA,NA
2013,"Matovina","Buccaneers D/ST","BUCCANEERS ","D/ST",1,0,NA,NA,NA,NA,NA,164.5,13.5,NA,NA,NA,NA,NA,NA,NA,NA,NA,NA
2014,"Kane","Buccaneers D/ST","BUCCANEERS ","D/ST",1,0,1,NA,NA,NA,NA,159.7,10,13.5,NA,NA,NA,NA,164.5,NA,NA,NA,NA
2010,"Regan","Cadillac Williams","TB","RB",1,0,NA,NA,NA,NA,NA,86.2,35,NA,NA,NA,NA,NA,NA,NA,NA,NA,NA
2015,"Matovina","Caleb Sturgis","FA","K",1,0,NA,NA,NA,NA,NA,NA,NA,NA,NA,NA,NA,NA,NA,NA,NA,NA,NA
2010,"Ready","Calvin Johnson","DET","WR",49,0,NA,NA,NA,NA,NA,12.6,4,NA,NA,NA,NA,NA,NA,NA,NA,NA,NA
2011,"Ready","Calvin Johnson","DET","WR",70,0,49,NA,NA,NA,NA,10.8,2,4,NA,NA,NA,NA,12.6,NA,NA,NA,NA
2013,"Ready","Calvin Johnson","DET","WR",79,0,NA,70,49,NA,NA,9.1,1,1,2,4,NA,NA,5.9,10.8,12.6,NA,NA
2014,"Thieneman","Calvin Johnson","DET","WR",78,0,79,NA,70,49,NA,5.5,1,1,1,2,4,NA,9.1,5.9,10.8,12.6,NA
2015,"Hartman","Calvin Johnson","DET","WR",76,0,78,79,NA,70,49,15.8,6,1,1,1,2,4,5.5,9.1,5.9,10.8,12.6
2011,"Harrington","Cam Newton","CAR","QB",1,0,NA,NA,NA,NA,NA,153.6,24,NA,NA,NA,NA,NA,NA,NA,NA,NA,NA
2014,"Skrzyskewski","Cardinals D/ST","CARDINALS ","D/ST",1,0,NA,NA,NA,NA,NA,138.6,7,11,NA,NA,NA,NA,157,NA,NA,NA,NA
2015,"Hartman","Cardinals D/ST","CARDINALS ","D/ST",1,0,1,NA,NA,NA,NA,143.8,7,7,11,NA,NA,NA,138.6,157,NA,NA,NA
2014,"Shokunbi","Carlos Hyde","SF","RB",9,0,NA,NA,NA,NA,NA,90.2,37,NA,NA,NA,NA,NA,NA,NA,NA,NA,NA
2010,"Kane","Carson Palmer","CIN","QB",6,0,NA,NA,NA,NA,NA,98.2,14,NA,NA,NA,NA,NA,NA,NA,NA,NA,NA
2012,"Hartman","Carson Palmer","OAK","QB",8,0,NA,6,NA,NA,NA,NA,NA,NA,NA,NA,NA,NA,NA,NA,NA,NA,NA
2013,"Shokunbi","Carson Palmer","ARI","QB",24,0,8,NA,6,NA,NA,126.5,17,NA,NA,14,NA,NA,NA,NA,98.2,NA,NA
2014,"Matovina","Carson Palmer","ARI","QB",23,0,24,8,NA,6,NA,129.8,18,17,NA,NA,14,NA,126.5,NA,NA,98.2,NA
2015,"Ready","Carson Palmer","ARI","QB",10,0,23,24,8,NA,6,128.8,17,18,17,NA,NA,14,129.8,126.5,NA,NA,98.2
2014,"Matovina","Cecil Shorts","JAC","WR",14,0,NA,NA,NA,NA,NA,131.2,52,30,NA,NA,NA,NA,77.5,NA,NA,NA,NA
2010,"McShane","Cedric Benson","CIN","RB",46,0,NA,NA,NA,NA,NA,31.7,14,NA,NA,NA,NA,NA,NA,NA,NA,NA,NA
2011,"Olson","Cedric Benson","CIN","RB",19,0,46,NA,NA,NA,NA,65.9,27,14,NA,NA,NA,NA,31.7,NA,NA,NA,NA
2012,"Harrington","Cedric Benson","GB","RB",7,0,19,46,NA,NA,NA,57.2,25,27,14,NA,NA,NA,65.9,31.7,NA,NA,NA
2010,"Shokunbi","Chad Henne","MIA","QB",8,0,NA,NA,NA,NA,NA,128.5,18,NA,NA,NA,NA,NA,NA,NA,NA,NA,NA
2010,"Skrzyskewski","Chad Ochocinco","CIN","WR",28,0,NA,NA,NA,NA,NA,45.2,17,NA,NA,NA,NA,NA,NA,NA,NA,NA,NA
2011,"Shokunbi","Chad Ochocinco","NE","WR",29,0,28,NA,NA,NA,NA,49.6,19,17,NA,NA,NA,NA,45.2,NA,NA,NA,NA
2011,"Regan","Chargers D/ST","SD","D/ST",1,0,NA,NA,NA,NA,NA,149.6,11,13,NA,NA,NA,NA,163.4,NA,NA,NA,NA
2014,"Hartman","Charles Clay","MIA","TE",1,0,NA,NA,NA,NA,NA,149.9,16,NA,NA,NA,NA,NA,NA,NA,NA,NA,NA
2015,"Skrzyskewski","Charles Johnson","MIN","WR",21,0,NA,NA,NA,NA,NA,67.3,29,NA,NA,NA,NA,NA,NA,NA,NA,NA,NA
2015,"Kane","Charles Sims","TB","RB",1,0,NA,NA,NA,NA,NA,150.8,56,NA,NA,NA,NA,NA,NA,NA,NA,NA,NA
2010,"Matovina","Chaz Schilens","OAK","WR",1,0,NA,NA,NA,NA,NA,NA,NA,NA,NA,NA,NA,NA,NA,NA,NA,NA,NA
2010,"Olson","Chester Taylor","CHI","RB",1,0,NA,NA,NA,NA,NA,128.4,47,NA,NA,NA,NA,NA,NA,NA,NA,NA,NA
2012,"Harrington","Chiefs D/ST","KC","D/ST",1,0,NA,NA,NA,NA,NA,NA,NA,NA,NA,NA,NA,NA,NA,NA,NA,NA,NA
2014,"Matovina","Chiefs D/ST","CHIEFS ","D/ST",1,0,NA,1,NA,NA,NA,142.9,8,NA,NA,NA,NA,NA,NA,NA,NA,NA,NA
2010,"Shokunbi","Chris Cooley","WAS","TE",10,0,NA,NA,NA,NA,NA,95.9,9,NA,NA,NA,NA,NA,NA,NA,NA,NA,NA
2011,"Kane","Chris Cooley","WSH","TE",1,0,10,NA,NA,NA,NA,153.6,20,9,NA,NA,NA,NA,95.9,NA,NA,NA,NA
2013,"Olson","Chris Givens","STL","WR",3,0,NA,NA,NA,NA,NA,92.5,37,NA,NA,NA,NA,NA,NA,NA,NA,NA,NA
2013,"Kane","Chris Ivory","NYJ","RB",16,0,NA,NA,NA,NA,NA,68.4,31,NA,NA,NA,NA,NA,NA,NA,NA,NA,NA
2014,"Regan","Chris Ivory","NYJ","RB",1,0,16,NA,NA,NA,NA,139.2,51,31,NA,NA,NA,NA,68.4,NA,NA,NA,NA
2015,"Higdon","Chris Ivory","NYJ","RB",16,0,1,16,NA,NA,NA,42,21,51,31,NA,NA,NA,139.2,68.4,NA,NA,NA
2010,"Harrington","Chris Johnson","TEN","RB",114,0,NA,NA,NA,NA,NA,1.4,1,NA,NA,NA,NA,NA,NA,NA,NA,NA,NA
2011,"Harrington","Chris Johnson","TEN","RB",95,0,114,NA,NA,NA,NA,3.9,4,1,NA,NA,NA,NA,1.4,NA,NA,NA,NA
2012,"Matovina","Chris Johnson","TEN","RB",74,0,95,114,NA,NA,NA,8.9,5,4,1,NA,NA,NA,3.9,1.4,NA,NA,NA
2013,"Regan","Chris Johnson","NYJ","RB",60,0,74,95,114,NA,NA,15.5,13,5,4,1,NA,NA,8.9,3.9,1.4,NA,NA
2014,"Harrington","Chris Johnson","NYJ","RB",7,0,60,74,95,114,NA,56.7,26,13,5,4,1,NA,15.5,8.9,3.9,1.4,NA
2012,"Higdon","Christian Ponder","MIN","QB",1,0,NA,NA,NA,NA,NA,NA,NA,NA,NA,NA,NA,NA,NA,NA,NA,NA,NA
2013,"Higdon","Christian Ponder","MIN","QB",7,0,1,NA,NA,NA,NA,NA,NA,NA,NA,NA,NA,NA,NA,NA,NA,NA,NA
2013,"Matovina","Christine Michael","SEA","RB",1,0,NA,NA,NA,NA,NA,128.4,48,NA,NA,NA,NA,NA,NA,NA,NA,NA,NA
2014,"Kane","C.J. Anderson","DEN","RB",1,0,NA,NA,NA,NA,NA,NA,NA,NA,NA,NA,NA,NA,NA,NA,NA,NA,NA
2010,"Skrzyskewski","C.J. Spiller","BUF","RB",17,0,NA,NA,NA,NA,NA,57.7,25,NA,NA,NA,NA,NA,NA,NA,NA,NA,NA
2011,"Thieneman","C.J. Spiller","BUF","RB",1,0,17,NA,NA,NA,NA,118.3,43,25,NA,NA,NA,NA,57.7,NA,NA,NA,NA
2012,"Harrington","C.J. Spiller","BUF","RB",10,0,1,17,NA,NA,NA,98.6,40,43,25,NA,NA,NA,118.3,57.7,NA,NA,NA
2013,"Matovina","C.J. Spiller","BUF","RB",96,0,10,1,17,NA,NA,5.3,5,40,43,25,NA,NA,98.6,118.3,57.7,NA,NA
2014,"Kane","C.J. Spiller","BUF","RB",35,0,96,10,1,17,NA,39.7,20,5,40,43,25,NA,5.3,98.6,118.3,57.7,NA
2015,"Harrington","C.J. Spiller","NO","RB",6,0,35,96,10,1,17,64.1,29,20,5,40,43,25,39.7,5.3,98.6,118.3,57.7
2010,"Regan","Clinton Portis","WAS","RB",1,0,NA,NA,NA,NA,NA,87.2,36,NA,NA,NA,NA,NA,NA,NA,NA,NA,NA
2012,"Olson","Coby Fleener","IND","TE",1,0,NA,NA,NA,NA,NA,148.9,16,NA,NA,NA,NA,NA,NA,NA,NA,NA,NA
2015,"Higdon","Coby Fleener","IND","TE",1,0,NA,NA,1,NA,NA,NA,NA,NA,NA,NA,NA,NA,NA,NA,NA,NA,NA
2015,"Thieneman","Cody Latimer","DEN","WR",1,0,NA,NA,NA,NA,NA,153.1,60,NA,NA,NA,NA,NA,NA,NA,NA,NA,NA
2015,"Higdon","Cody Parkey","PHI","K",1,0,NA,NA,NA,NA,NA,157.5,3,NA,NA,NA,NA,NA,NA,NA,NA,NA,NA
2015,"Matovina","Cole Beasley","DAL","WR",1,0,NA,NA,NA,NA,NA,NA,NA,NA,NA,NA,NA,NA,NA,NA,NA,NA,NA
2015,"Matovina","Colin Kaepernick","SF","QB",31,0,NA,NA,NA,NA,NA,146.1,19,12,7,NA,NA,NA,96.5,60.9,NA,NA,NA
2011,"Shokunbi","Colt McCoy","CLE","QB",10,0,NA,NA,NA,NA,NA,139.3,21,NA,NA,NA,NA,NA,NA,NA,NA,NA,NA
2011,"Thieneman","Colts D/ST","IND","D/ST",3,0,NA,NA,NA,NA,NA,NA,NA,NA,NA,NA,NA,NA,NA,NA,NA,NA,NA
2014,"Kane","Cordarrelle Patterson","MIN","WR",30,0,NA,NA,NA,NA,NA,34.5,12,49,NA,NA,NA,NA,126.7,NA,NA,NA,NA
2010,"Harrington","Cowboys D/ST","DAL","D/ST",2,0,NA,NA,NA,NA,NA,147.9,9,NA,NA,NA,NA,NA,NA,NA,NA,NA,NA
2012,"Shokunbi","Cowboys D/ST","DAL","D/ST",1,0,NA,2,NA,NA,NA,NA,NA,NA,NA,NA,NA,NA,NA,NA,NA,NA,NA
2010,"Kane","Dallas Clark","IND","TE",22,0,NA,NA,NA,NA,NA,NA,NA,NA,NA,NA,NA,NA,NA,NA,NA,NA,NA
2011,"Regan","Dallas Clark","IND","TE",30,0,22,NA,NA,NA,NA,NA,NA,NA,NA,NA,NA,NA,NA,NA,NA,NA,NA
2012,"Matovina","Dan Bailey","DAL","K",2,0,NA,NA,NA,NA,NA,NA,NA,NA,NA,NA,NA,NA,NA,NA,NA,NA,NA
2014,"Skrzyskewski","Dan Bailey","DAL","K",1,0,NA,2,NA,NA,NA,NA,NA,NA,NA,NA,NA,NA,NA,NA,NA,NA,NA
2015,"Ready","Dan Bailey","DAL","K",1,0,1,NA,2,NA,NA,160.4,5,NA,13,NA,NA,NA,NA,170.7,NA,NA,NA
2011,"Olson","Daniel Thomas","MIA","RB",20,0,NA,NA,NA,NA,NA,84.5,34,NA,NA,NA,NA,NA,NA,NA,NA,NA,NA
2012,"Olson","Daniel Thomas","MIA","RB",4,0,20,NA,NA,NA,NA,137.5,46,34,NA,NA,NA,NA,84.5,NA,NA,NA,NA
2011,"Kane","Danny Amendola","STL","WR",2,0,NA,NA,NA,NA,NA,100.9,38,NA,NA,NA,NA,NA,NA,NA,NA,NA,NA
2013,"Thieneman","Danny Amendola","NE","WR",18,0,NA,2,NA,NA,NA,40.6,13,39,38,NA,NA,NA,105.1,100.9,NA,NA,NA
2014,"Hartman","Danny Amendola","NE","WR",4,0,18,NA,2,NA,NA,123.7,49,13,39,38,NA,NA,40.6,105.1,100.9,NA,NA
2011,"Ready","Danny Woodhead","NE","RB",3,0,NA,NA,NA,NA,NA,132.9,45.5,NA,NA,NA,NA,NA,NA,NA,NA,NA,NA
2014,"Regan","Danny Woodhead","SD","RB",2,0,NA,NA,3,NA,NA,94.2,39,42,NA,45.5,NA,NA,111.7,NA,132.9,NA,NA
2015,"Thieneman","Danny Woodhead","SD","RB",1,0,2,NA,NA,3,NA,92.8,39,39,42,NA,45.5,NA,94.2,111.7,NA,132.9,NA
2010,"Olson","Darren McFadden","OAK","RB",8,0,NA,NA,NA,NA,NA,108.9,42,NA,NA,NA,NA,NA,NA,NA,NA,NA,NA
2012,"Olson","Darren McFadden","OAK","RB",48,0,NA,8,NA,NA,NA,6.4,4,9,42,NA,NA,NA,13.8,108.9,NA,NA,NA
2013,"Thieneman","Darren McFadden","OAK","RB",35,0,48,NA,8,NA,NA,39.8,23,4,9,42,NA,NA,6.4,13.8,108.9,NA,NA
2014,"Thieneman","Darren McFadden","OAK","RB",1,0,35,48,NA,8,NA,118.2,46,23,4,9,42,NA,39.8,6.4,13.8,108.9,NA
2015,"Hartman","Darren McFadden","DAL","RB",5,0,1,35,48,NA,8,80.3,34,46,23,4,9,42,118.2,39.8,6.4,13.8,108.9
2010,"Matovina","Darren Sproles","SD","RB",1,0,NA,NA,NA,NA,NA,110.1,43,NA,NA,NA,NA,NA,NA,NA,NA,NA,NA
2012,"McShane","Darren Sproles","NO","RB",26,0,NA,1,NA,NA,NA,30.3,17,44,43,NA,NA,NA,123.2,110.1,NA,NA,NA
2013,"McShane","Darren Sproles","PHI","RB",31,0,26,NA,1,NA,NA,33.5,22,17,44,43,NA,NA,30.3,123.2,110.1,NA,NA
2014,"Olson","Darren Sproles","PHI","RB",1,0,31,26,NA,1,NA,80.7,33,22,17,44,43,NA,33.5,30.3,123.2,110.1,NA
2012,"Higdon","Darrius Heyward-Bey","OAK","WR",3,0,NA,NA,NA,NA,NA,95.4,36,NA,NA,NA,NA,NA,NA,NA,NA,NA,NA
2013,"Matovina","Darrius Heyward-Bey","PIT","WR",1,0,3,NA,NA,NA,NA,133.2,51,36,NA,NA,NA,NA,95.4,NA,NA,NA,NA
2012,"Hartman","Darvin Adams","FA","WR",1,0,NA,NA,NA,NA,NA,NA,NA,NA,NA,NA,NA,NA,NA,NA,NA,NA,NA
2013,"Shokunbi","Daryl Richardson","STL","RB",20,0,NA,NA,NA,NA,NA,45.2,25,NA,NA,NA,NA,NA,NA,NA,NA,NA,NA
2015,"Thieneman","Davante Adams","GB","WR",42,0,NA,NA,NA,NA,NA,34.8,15,NA,NA,NA,NA,NA,NA,NA,NA,NA,NA
2010,"Skrzyskewski","David Akers","PHI","K",2,0,NA,NA,NA,NA,NA,166.8,7,NA,NA,NA,NA,NA,NA,NA,NA,NA,NA
2012,"Olson","David Akers","SF","K",1,0,NA,2,NA,NA,NA,129.1,1,NA,7,NA,NA,NA,NA,166.8,NA,NA,NA
2013,"Thieneman","David Akers","DET","K",1,0,1,NA,2,NA,NA,167.5,9,1,NA,7,NA,NA,129.1,NA,166.8,NA,NA
2015,"Thieneman","David Cobb","TEN","RB",1,0,NA,NA,NA,NA,NA,112.4,45,NA,NA,NA,NA,NA,NA,NA,NA,NA,NA
2010,"Regan","David Garrard","JAC","QB",2,0,NA,NA,NA,NA,NA,159.1,27,NA,NA,NA,NA,NA,NA,NA,NA,NA,NA
2011,"Ready","David Garrard","FA","QB",3,0,2,NA,NA,NA,NA,NA,NA,NA,NA,NA,NA,NA,NA,NA,NA,NA,NA
2015,"Thieneman","David Johnson","ARI","RB",1,0,NA,NA,NA,NA,NA,119.8,47,NA,NA,NA,NA,NA,NA,NA,NA,NA,NA
2012,"Higdon","David Wilson","NYG","RB",6,0,NA,NA,NA,NA,NA,73.9,29,NA,NA,NA,NA,NA,NA,NA,NA,NA,NA
2011,"Harrington","Davone Bess","MIA","WR",1,0,NA,NA,NA,NA,NA,NA,NA,NA,NA,NA,NA,NA,NA,NA,NA,NA,NA
2013,"Harrington","DeAndre Hopkins","HOU","WR",2,0,NA,NA,NA,NA,NA,105.9,42,NA,NA,NA,NA,NA,NA,NA,NA,NA,NA
2014,"Shokunbi","DeAndre Hopkins","HOU","WR",5,0,2,NA,NA,NA,NA,117.6,47,42,NA,NA,NA,NA,105.9,NA,NA,NA,NA
2015,"Ready","DeAndre Hopkins","HOU","WR",42,0,5,2,NA,NA,NA,31.6,14,47,42,NA,NA,NA,117.6,105.9,NA,NA,NA
2010,"Thieneman","DeAngelo Williams","CAR","RB",53,0,NA,NA,NA,NA,NA,20.4,10,NA,NA,NA,NA,NA,NA,NA,NA,NA,NA
2011,"Kane","DeAngelo Williams","CAR","RB",40,0,53,NA,NA,NA,NA,49.7,23,10,NA,NA,NA,NA,20.4,NA,NA,NA,NA
2012,"Thieneman","DeAngelo Williams","CAR","RB",8,0,40,53,NA,NA,NA,76.2,31,23,10,NA,NA,NA,49.7,20.4,NA,NA,NA
2013,"Harrington","DeAngelo Williams","CAR","RB",13,0,8,40,53,NA,NA,60.2,29,31,23,10,NA,NA,76.2,49.7,20.4,NA,NA
2014,"Harrington","DeAngelo Williams","CAR","RB",2,0,13,8,40,53,NA,113.7,45,29,31,23,10,NA,60.2,76.2,49.7,20.4,NA
2015,"Harrington","DeAngelo Williams","PIT","RB",8,0,2,13,8,40,53,125,49,45,29,31,23,10,113.7,60.2,76.2,49.7,20.4
2011,"Harrington","Deion Branch","NE","WR",1,0,NA,NA,NA,NA,NA,144,55,NA,NA,NA,NA,NA,NA,NA,NA,NA,NA
2014,"Thieneman","Delanie Walker","TEN","TE",1,0,NA,NA,NA,NA,NA,NA,NA,NA,NA,NA,NA,NA,NA,NA,NA,NA,NA
2015,"Kane","Delanie Walker","TEN","TE",3,0,1,NA,NA,NA,NA,106,10,NA,NA,NA,NA,NA,NA,NA,NA,NA,NA
2012,"Matovina","DeMarco Murray","DAL","RB",69,0,NA,NA,NA,NA,NA,11.7,7,52,NA,NA,NA,NA,149.3,NA,NA,NA,NA
2013,"McShane","DeMarco Murray","DAL","RB",32,0,69,NA,NA,NA,NA,27.4,19,7,52,NA,NA,NA,11.7,149.3,NA,NA,NA
2014,"Kane","DeMarco Murray","DAL","RB",71,0,32,69,NA,NA,NA,13.2,8,19,7,52,NA,NA,27.4,11.7,149.3,NA,NA
2015,"Harrington","DeMarco Murray","PHI","RB",69,0,71,32,69,NA,NA,13,8,8,19,7,52,NA,13.2,27.4,11.7,149.3,NA
2012,"McShane","Denarius Moore","OAK","WR",14,0,NA,NA,NA,NA,NA,111.2,42,NA,NA,NA,NA,NA,NA,NA,NA,NA,NA
2013,"Kane","Denarius Moore","OAK","WR",4,0,14,NA,NA,NA,NA,144.5,55,42,NA,NA,NA,NA,111.2,NA,NA,NA,NA
2014,"McShane","Dennis Pitta","BAL","TE",4,0,NA,NA,NA,NA,NA,87.9,9,NA,NA,NA,NA,NA,NA,NA,NA,NA,NA
2015,"Harrington","Derek Carr","OAK","QB",17,0,NA,NA,NA,NA,NA,161.9,25,NA,NA,NA,NA,NA,NA,NA,NA,NA,NA
2013,"Kane","Derek Dimke","NO","K",1,0,NA,NA,NA,NA,NA,NA,NA,NA,NA,NA,NA,NA,NA,NA,NA,NA,NA
2010,"Harrington","Derrick Mason","BAL","WR",7,0,NA,NA,NA,NA,NA,100.2,39,NA,NA,NA,NA,NA,NA,NA,NA,NA,NA
2010,"Regan","DeSean Jackson","PHI","WR",35,0,NA,NA,NA,NA,NA,24.2,10,NA,NA,NA,NA,NA,NA,NA,NA,NA,NA
2011,"Hartman","DeSean Jackson","PHI","WR",37,0,35,NA,NA,NA,NA,27.5,9,10,NA,NA,NA,NA,24.2,NA,NA,NA,NA
2012,"Harrington","DeSean Jackson","PHI","WR",37,0,37,35,NA,NA,NA,55.2,21,9,10,NA,NA,NA,27.5,24.2,NA,NA,NA
2013,"Hartman","DeSean Jackson","WSH","WR",26,0,37,37,35,NA,NA,58.5,23,21,9,10,NA,NA,55.2,27.5,24.2,NA,NA
2014,"Thieneman","DeSean Jackson","WSH","WR",26,0,26,37,37,35,NA,57,23,23,21,9,10,NA,58.5,55.2,27.5,24.2,NA
2015,"Shokunbi","DeSean Jackson","WSH","WR",13,0,26,26,37,37,35,71.2,30,23,23,21,9,10,57,58.5,55.2,27.5,24.2
2015,"Hartman","DeVante Parker","MIA","WR",2,0,NA,NA,NA,NA,NA,116.2,47,NA,NA,NA,NA,NA,NA,NA,NA,NA,NA
2010,"Hartman","Devery Henderson","NO","WR",1,0,NA,NA,NA,NA,NA,154.8,63,NA,NA,NA,NA,NA,NA,NA,NA,NA,NA
2010,"Ready","Devin Aromashodu","CHI","WR",1,0,NA,NA,NA,NA,NA,96.9,37,NA,NA,NA,NA,NA,NA,NA,NA,NA,NA
2015,"Thieneman","Devin Funchess","CAR","WR",13,0,NA,NA,NA,NA,NA,93.7,38,NA,NA,NA,NA,NA,NA,NA,NA,NA,NA
2015,"Ready","Devonta Freeman","ATL","RB",1,0,NA,NA,NA,NA,NA,99.7,42,42,NA,NA,NA,NA,103.2,NA,NA,NA,NA
2010,"Shokunbi","Dez Bryant","DAL","WR",13,0,NA,NA,NA,NA,NA,80.1,31,NA,NA,NA,NA,NA,NA,NA,NA,NA,NA
2011,"McShane","Dez Bryant","DAL","WR",46,0,13,NA,NA,NA,NA,39.5,14,31,NA,NA,NA,NA,80.1,NA,NA,NA,NA
2012,"Regan","Dez Bryant","DAL","WR",36,0,46,13,NA,NA,NA,39.5,13,14,31,NA,NA,NA,39.5,80.1,NA,NA,NA
2013,"Thieneman","Dez Bryant","DAL","WR",58,0,36,46,13,NA,NA,14.4,2,13,14,31,NA,NA,39.5,39.5,80.1,NA,NA
2014,"Harrington","Dez Bryant","DAL","WR",78,0,58,36,46,13,NA,11.7,3,2,13,14,31,NA,14.4,39.5,39.5,80.1,NA
2015,"McShane","Dez Bryant","DAL","WR",84,0,78,58,36,46,13,8.4,1,3,2,13,14,31,11.7,14.4,39.5,39.5,80.1
2015,"McShane","Dolphins D/ST","DOLPHINS ","D/ST",2,0,NA,NA,NA,NA,NA,116.2,4,NA,NA,NA,NA,15,NA,NA,NA,NA,165
2010,"Higdon","Donald Brown","IND","RB",5,0,NA,NA,NA,NA,NA,100.2,40,NA,NA,NA,NA,NA,NA,NA,NA,NA,NA
2012,"Olson","Donald Brown","IND","RB",7,0,NA,5,NA,NA,NA,67.9,27,NA,40,NA,NA,NA,NA,100.2,NA,NA,NA
2014,"Kane","Donald Brown","SD","RB",1,0,NA,7,NA,5,NA,NA,NA,NA,NA,NA,NA,NA,NA,NA,NA,NA,NA
2010,"Thieneman","Donald Driver","GB","WR",22,0,NA,NA,NA,NA,NA,67.3,25,NA,NA,NA,NA,NA,NA,NA,NA,NA,NA
2011,"Harrington","Donald Driver","GB","WR",1,0,22,NA,NA,NA,NA,123.4,49,25,NA,NA,NA,NA,67.3,NA,NA,NA,NA
2010,"Harrington","Donovan McNabb","WAS","QB",7,0,NA,NA,NA,NA,NA,110.1,15,NA,NA,NA,NA,NA,NA,NA,NA,NA,NA
2011,"Thieneman","Donovan McNabb","FA","QB",13,0,7,NA,NA,NA,NA,137.4,20,15,NA,NA,NA,NA,110.1,NA,NA,NA,NA
2015,"Matovina","Doug Baldwin","SEA","WR",1,0,NA,NA,NA,NA,NA,NA,NA,NA,NA,NA,NA,NA,NA,NA,NA,NA,NA
2012,"Skrzyskewski","Doug Martin","TB","RB",10,0,NA,NA,NA,NA,NA,25.4,15,NA,NA,NA,NA,NA,NA,NA,NA,NA,NA
2014,"Matovina","Doug Martin","TB","RB",73,0,NA,10,NA,NA,NA,18.9,10,2,15,NA,NA,NA,2.9,25.4,NA,NA,NA
2015,"Higdon","Doug Martin","TB","RB",11,0,73,NA,10,NA,NA,37,18,10,2,15,NA,NA,18.9,2.9,25.4,NA,NA
2010,"Kane","Drew Brees","NO","QB",78,0,NA,NA,NA,NA,NA,12.1,2,NA,NA,NA,NA,NA,NA,NA,NA,NA,NA
2011,"Kane","Drew Brees","NO","QB",76,0,78,NA,NA,NA,NA,27,5,2,NA,NA,NA,NA,12.1,NA,NA,NA,NA
2012,"Higdon","Drew Brees","NO","QB",102,0,76,78,NA,NA,NA,7.3,3,5,2,NA,NA,NA,27,12.1,NA,NA,NA
2013,"Olson","Drew Brees","NO","QB",101,0,102,76,78,NA,NA,19.1,1,3,5,2,NA,NA,7.3,27,12.1,NA,NA
2014,"Olson","Drew Brees","NO","QB",106,0,101,102,76,78,NA,13.9,2,1,3,5,2,NA,19.1,7.3,27,12.1,NA
2015,"Kane","Drew Brees","NO","QB",85,0,106,101,102,76,78,50.4,4,2,1,3,5,2,13.9,19.1,7.3,27,12.1
2015,"McShane","Duke Johnson","CLE","RB",8,0,NA,NA,NA,NA,NA,109.4,44,NA,NA,NA,NA,NA,NA,NA,NA,NA,NA
2011,"Shokunbi","Dustin Keller","NYJ","TE",1,0,NA,NA,NA,NA,NA,152.7,19,14,NA,NA,NA,NA,144.8,NA,NA,NA,NA
2015,"Olson","Dwayne Allen","IND","TE",1,0,NA,NA,NA,NA,NA,136.9,14,NA,NA,NA,NA,NA,NA,NA,NA,NA,NA
2010,"Ready","Dwayne Bowe","KC","WR",20,0,NA,NA,NA,NA,NA,47.4,18,NA,NA,NA,NA,NA,NA,NA,NA,NA,NA
2011,"Higdon","Dwayne Bowe","KC","WR",41,0,20,NA,NA,NA,NA,34.3,12,18,NA,NA,NA,NA,47.4,NA,NA,NA,NA
2012,"Shokunbi","Dwayne Bowe","KC","WR",26,0,41,20,NA,NA,NA,63.7,25,12,18,NA,NA,NA,34.3,47.4,NA,NA,NA
2013,"Olson","Dwayne Bowe","KC","WR",27,0,26,41,20,NA,NA,42.1,14,25,12,18,NA,NA,63.7,34.3,47.4,NA,NA
2014,"Ready","Dwayne Bowe","KC","WR",2,0,27,26,41,20,NA,109.4,43,14,25,12,18,NA,42.1,63.7,34.3,47.4,NA
2010,"Olson","Eagles D/ST","PHI","D/ST",2,0,NA,NA,NA,NA,NA,133.9,7,NA,NA,NA,NA,NA,NA,NA,NA,NA,NA
2011,"McShane","Eagles D/ST","PHI","D/ST",3,0,2,NA,NA,NA,NA,94.2,3,7,NA,NA,NA,NA,133.9,NA,NA,NA,NA
2012,"Ready","Eagles D/ST","PHI","D/ST",3,0,3,2,NA,NA,NA,121.8,3,3,7,NA,NA,NA,94.2,133.9,NA,NA,NA
2015,"Matovina","Eagles D/ST","EAGLES ","D/ST",1,0,NA,NA,3,3,2,133.5,6,NA,NA,3,3,7,NA,NA,121.8,94.2,133.9
2010,"Matovina","Early Doucet","ARI","WR",1,0,NA,NA,NA,NA,NA,159,69,NA,NA,NA,NA,NA,NA,NA,NA,NA,NA
2013,"Harrington","Eddie Lacy","GB","RB",30,0,NA,NA,NA,NA,NA,29.4,20,NA,NA,NA,NA,NA,NA,NA,NA,NA,NA
2010,"McShane","Eddie Royal","DEN","WR",1,0,NA,NA,NA,NA,NA,102.8,41,NA,NA,NA,NA,NA,NA,NA,NA,NA,NA
2011,"Harrington","Eddie Royal","DEN","WR",1,0,1,NA,NA,NA,NA,NA,NA,NA,NA,NA,NA,NA,NA,NA,NA,NA,NA
2015,"Olson","Eddie Royal","CHI","WR",1,0,NA,NA,NA,1,1,96.2,39,NA,NA,NA,NA,41,NA,NA,NA,NA,102.8
2013,"Thieneman","EJ Manuel","BUF","QB",1,0,NA,NA,NA,NA,NA,157.6,23,NA,NA,NA,NA,NA,NA,NA,NA,NA,NA
2014,"Shokunbi","EJ Manuel","BUF","QB",5,0,1,NA,NA,NA,NA,NA,NA,NA,NA,NA,NA,NA,NA,NA,NA,NA,NA
2010,"Higdon","Eli Manning","NYG","QB",17,0,NA,NA,NA,NA,NA,93.8,13,NA,NA,NA,NA,NA,NA,NA,NA,NA,NA
2011,"Shokunbi","Eli Manning","NYG","QB",42,0,17,NA,NA,NA,NA,97.9,13,13,NA,NA,NA,NA,93.8,NA,NA,NA,NA
2012,"Olson","Eli Manning","NYG","QB",49,0,42,17,NA,NA,NA,49.9,8,13,13,NA,NA,NA,97.9,93.8,NA,NA,NA
2013,"Shokunbi","Eli Manning","NYG","QB",56,0,49,42,17,NA,NA,108.5,14,8,13,13,NA,NA,49.9,97.9,93.8,NA,NA
2014,"Matovina","Eli Manning","NYG","QB",18,0,56,49,42,17,NA,NA,NA,NA,NA,NA,NA,NA,NA,NA,NA,NA,NA
2015,"Harrington","Eli Manning","NYG","QB",60,0,18,56,49,42,17,103.4,13,NA,14,8,13,13,NA,108.5,49.9,97.9,93.8
2013,"Olson","Emmanuel Sanders","DEN","WR",4,0,NA,NA,NA,NA,NA,116.3,46,NA,57,NA,NA,NA,NA,146.6,NA,NA,NA
2014,"Shokunbi","Emmanuel Sanders","DEN","WR",17,0,4,NA,NA,NA,NA,43,16,46,NA,57,NA,NA,116.3,NA,146.6,NA,NA
2015,"Higdon","Emmanuel Sanders","DEN","WR",36,0,17,4,NA,NA,NA,35.9,16,16,46,NA,57,NA,43,116.3,NA,146.6,NA
2012,"Hartman","Eric Decker","DEN","WR",21,0,NA,NA,NA,NA,NA,48,18,NA,NA,NA,NA,NA,NA,NA,NA,NA,NA
2013,"Shokunbi","Eric Decker","NYJ","WR",18,0,21,NA,NA,NA,NA,62.9,24,18,NA,NA,NA,NA,48,NA,NA,NA,NA
2014,"Higdon","Eric Decker","NYJ","WR",10,0,18,21,NA,NA,NA,89.7,37,24,18,NA,NA,NA,62.9,48,NA,NA,NA
2015,"Matovina","Eric Decker","NYJ","WR",6,0,10,18,21,NA,NA,103.5,41,37,24,18,NA,NA,89.7,62.9,48,NA,NA
2011,"Olson","Falcons D/ST","ATL","D/ST",1,0,NA,NA,NA,NA,NA,NA,NA,NA,NA,NA,NA,NA,NA,NA,NA,NA,NA
2012,"Kane","Falcons D/ST","ATL","D/ST",2,0,1,NA,NA,NA,NA,NA,NA,NA,NA,NA,NA,NA,NA,NA,NA,NA,NA
2010,"Ready","Felix Jones","DAL","RB",20,0,NA,NA,NA,NA,NA,65.2,26,NA,NA,NA,NA,NA,NA,NA,NA,NA,NA
2011,"Matovina","Felix Jones","DAL","RB",24,0,20,NA,NA,NA,NA,30,16,26,NA,NA,NA,NA,65.2,NA,NA,NA,NA
2012,"Matovina","Felix Jones","DAL","RB",2,0,24,20,NA,NA,NA,NA,NA,NA,NA,NA,NA,NA,NA,NA,NA,NA,NA
2010,"Matovina","Frank Gore","SF","RB",81,0,NA,NA,NA,NA,NA,6,5,NA,NA,NA,NA,NA,NA,NA,NA,NA,NA
2011,"McShane","Frank Gore","SF","RB",62,0,81,NA,NA,NA,NA,18.8,11,5,NA,NA,NA,NA,6,NA,NA,NA,NA
2012,"Harrington","Frank Gore","SF","RB",29,0,62,81,NA,NA,NA,41.3,20,11,5,NA,NA,NA,18.8,6,NA,NA,NA
2013,"Regan","Frank Gore","SF","RB",61,0,29,62,81,NA,NA,24.4,18,20,11,5,NA,NA,41.3,18.8,6,NA,NA
2014,"Harrington","Frank Gore","SF","RB",44,0,61,29,62,81,NA,45.6,22,18,20,11,5,NA,24.4,41.3,18.8,6,NA
2015,"Regan","Frank Gore","IND","RB",41,0,44,61,29,62,81,26.6,13,22,18,20,11,5,45.6,24.4,41.3,18.8,6
2012,"Shokunbi","Fred Davis","WSH","TE",22,0,NA,NA,NA,NA,NA,87.9,9,NA,NA,NA,NA,NA,NA,NA,NA,NA,NA
2010,"Skrzyskewski","Fred Jackson","BUF","RB",10,0,NA,NA,NA,NA,NA,107,41,NA,NA,NA,NA,NA,NA,NA,NA,NA,NA
2011,"Higdon","Fred Jackson","BUF","RB",20,0,10,NA,NA,NA,NA,73.2,29,41,NA,NA,NA,NA,107,NA,NA,NA,NA
2012,"Skrzyskewski","Fred Jackson","BUF","RB",45,0,20,10,NA,NA,NA,20.1,12,29,41,NA,NA,NA,73.2,107,NA,NA,NA
2013,"Skrzyskewski","Fred Jackson","BUF","RB",2,0,45,20,10,NA,NA,95.7,37,12,29,41,NA,NA,20.1,73.2,107,NA,NA
2014,"Hartman","Fred Jackson","BUF","RB",3,0,2,45,20,10,NA,84.2,34,37,12,29,41,NA,95.7,20.1,73.2,107,NA
2010,"Thieneman","Garrett Hartley","NO","K",2,0,NA,NA,NA,NA,NA,143,3,NA,NA,NA,NA,NA,NA,NA,NA,NA,NA
2011,"Skrzyskewski","Garrett Hartley","NO","K",1,0,2,NA,NA,NA,NA,NA,NA,NA,NA,NA,NA,NA,NA,NA,NA,NA,NA
2012,"Harrington","Garrett Hartley","NO","K",1,0,1,2,NA,NA,NA,NA,NA,NA,NA,NA,NA,NA,NA,NA,NA,NA,NA
2013,"Regan","Garrett Hartley","FA","K",1,0,1,1,2,NA,NA,166.8,8,NA,NA,3,NA,NA,NA,NA,143,NA,NA
2014,"Higdon","Geno Smith","NYJ","QB",15,0,NA,NA,NA,NA,NA,NA,NA,NA,NA,NA,NA,NA,NA,NA,NA,NA,NA
2015,"Kane","Geno Smith","NYJ","QB",1,0,15,NA,NA,NA,NA,NA,NA,NA,NA,NA,NA,NA,NA,NA,NA,NA,NA
2012,"Skrzyskewski","Giants D/ST","NYG","D/ST",1,0,NA,NA,NA,NA,NA,145.8,4,9,10.5,NA,NA,NA,131.2,157.3,NA,NA,NA
2013,"Olson","Giovani Bernard","CIN","RB",17,0,NA,NA,NA,NA,NA,41.8,24,NA,NA,NA,NA,NA,NA,NA,NA,NA,NA
2014,"Regan","Giovani Bernard","CIN","RB",66,0,17,NA,NA,NA,NA,17.6,9,24,NA,NA,NA,NA,41.8,NA,NA,NA,NA
2015,"Skrzyskewski","Giovani Bernard","CIN","RB",13,0,66,17,NA,NA,NA,82.4,35,9,24,NA,NA,NA,17.6,41.8,NA,NA,NA
2010,"Ready","Golden Tate","SEA","WR",2,0,NA,NA,NA,NA,NA,136.8,54,NA,NA,NA,NA,NA,NA,NA,NA,NA,NA
2013,"Harrington","Golden Tate","DET","WR",1,0,NA,NA,2,NA,NA,91.6,36,NA,NA,54,NA,NA,NA,NA,136.8,NA,NA
2014,"Olson","Golden Tate","DET","WR",11,0,1,NA,NA,2,NA,75.4,31,36,NA,NA,54,NA,91.6,NA,NA,136.8,NA
2015,"Ready","Golden Tate","DET","WR",29,0,11,1,NA,NA,2,45.2,20,31,36,NA,NA,54,75.4,91.6,NA,NA,136.8
2010,"Ready","Greg Jennings","GB","WR",28,0,NA,NA,NA,NA,NA,21.5,9,NA,NA,NA,NA,NA,NA,NA,NA,NA,NA
2012,"Shokunbi","Greg Jennings","GB","WR",56,0,NA,28,NA,NA,NA,28.2,7,7,9,NA,NA,NA,22.1,21.5,NA,NA,NA
2013,"McShane","Greg Jennings","MIN","WR",11,0,56,NA,28,NA,NA,89.5,35,7,7,9,NA,NA,28.2,22.1,21.5,NA,NA
2014,"Ready","Greg Jennings","MIN","WR",1,0,11,56,NA,28,NA,NA,NA,NA,NA,NA,NA,NA,NA,NA,NA,NA,NA
2011,"Skrzyskewski","Greg Little","CLE","WR",5,0,NA,NA,NA,NA,NA,136.3,52,NA,NA,NA,NA,NA,NA,NA,NA,NA,NA
2012,"Regan","Greg Little","CLE","WR",3,0,5,NA,NA,NA,NA,121,46,52,NA,NA,NA,NA,136.3,NA,NA,NA,NA
2010,"Harrington","Greg Olsen","CHI","TE",2,0,NA,NA,NA,NA,NA,149.8,17,NA,NA,NA,NA,NA,NA,NA,NA,NA,NA
2011,"Olson","Greg Olsen","CAR","TE",5,0,2,NA,NA,NA,NA,144.6,17,17,NA,NA,NA,NA,149.8,NA,NA,NA,NA
2013,"Skrzyskewski","Greg Olsen","CAR","TE",5,0,NA,5,2,NA,NA,100.9,10,12,17,17,NA,NA,107.7,144.6,149.8,NA,NA
2014,"Harrington","Greg Olsen","CAR","TE",4,0,5,NA,5,2,NA,90.6,10,10,12,17,17,NA,100.9,107.7,144.6,149.8,NA
2015,"McShane","Greg Olsen","CAR","TE",18,0,4,5,NA,5,2,50.9,3,10,10,12,17,17,90.6,100.9,107.7,144.6,149.8
2010,"McShane","Hakeem Nicks","NYG","WR",22,0,NA,NA,NA,NA,NA,53.1,19,NA,NA,NA,NA,NA,NA,NA,NA,NA,NA
2013,"Kane","Hakeem Nicks","IND","WR",32,0,NA,NA,22,NA,NA,55.6,21,12,6,19,NA,NA,37.9,20.1,53.1,NA,NA
2014,"Regan","Hakeem Nicks","IND","WR",1,0,32,NA,NA,22,NA,111.7,44,21,12,6,19,NA,55.6,37.9,20.1,53.1,NA
2010,"Matovina","Heath Miller","PIT","TE",1,0,NA,NA,NA,NA,NA,154.3,19,NA,NA,NA,NA,NA,NA,NA,NA,NA,NA
2014,"Ready","Heath Miller","PIT","TE",1,0,NA,NA,NA,1,NA,142.5,15,NA,NA,NA,19,NA,NA,NA,NA,154.3,NA
2010,"Skrzyskewski","Hines Ward","PIT","WR",20,0,NA,NA,NA,NA,NA,58.1,23,NA,NA,NA,NA,NA,NA,NA,NA,NA,NA
2011,"Ready","Hines Ward","PIT","WR",4,0,20,NA,NA,NA,NA,100,37,23,NA,NA,NA,NA,58.1,NA,NA,NA,NA
2012,"Harrington","Isaac Redman","PIT","RB",9,0,NA,NA,NA,NA,NA,85.6,34,NA,NA,NA,NA,NA,NA,NA,NA,NA,NA
2013,"Higdon","Isaac Redman","PIT","RB",3,0,9,NA,NA,NA,NA,121.3,46,34,NA,NA,NA,NA,85.6,NA,NA,NA,NA
2015,"Higdon","Isaiah Crowell","CLE","RB",5,0,NA,NA,NA,NA,NA,85.6,37,NA,NA,NA,NA,NA,NA,NA,NA,NA,NA
2013,"McShane","Isaiah Pead","STL","RB",6,0,NA,NA,NA,NA,NA,155.7,57,NA,NA,NA,NA,NA,NA,NA,NA,NA,NA
2012,"Kane","Jacob Tamme","DEN","TE",7,0,NA,NA,NA,NA,NA,107,11,NA,NA,NA,NA,NA,NA,NA,NA,NA,NA
2011,"Matovina","Jacoby Ford","OAK","WR",6,0,NA,NA,NA,NA,NA,115.9,46,NA,NA,NA,NA,NA,NA,NA,NA,NA,NA
2013,"Ready","Jacoby Jones","BAL","WR",2,0,NA,NA,NA,NA,NA,154.6,58,NA,NA,50,NA,NA,NA,NA,124.7,NA,NA
2013,"Matovina","Jacquizz Rodgers","ATL","RB",1,0,NA,NA,NA,NA,NA,129.6,49,41,NA,NA,NA,NA,101.6,NA,NA,NA,NA
2010,"McShane","Jahvid Best","DET","RB",6,0,NA,NA,NA,NA,NA,38.5,18,NA,NA,NA,NA,NA,NA,NA,NA,NA,NA
2012,"Skrzyskewski","Jake Locker","TEN","QB",1,0,NA,NA,NA,NA,NA,NA,NA,NA,NA,NA,NA,NA,NA,NA,NA,NA,NA
2013,"Regan","Jake Locker","TEN","QB",2,0,1,NA,NA,NA,NA,NA,NA,NA,NA,NA,NA,NA,NA,NA,NA,NA,NA
2014,"Regan","Jake Locker","TEN","QB",17,0,2,1,NA,NA,NA,NA,NA,NA,NA,NA,NA,NA,NA,NA,NA,NA,NA
2010,"Kane","Jamaal Charles","KC","RB",28,0,NA,NA,NA,NA,NA,27.3,12,NA,NA,NA,NA,NA,NA,NA,NA,NA,NA
2012,"Ready","Jamaal Charles","KC","RB",44,0,NA,28,NA,NA,NA,17.7,10,5,12,NA,NA,NA,5.1,27.3,NA,NA,NA
2015,"Shokunbi","Jameis Winston","TB","QB",25,0,NA,NA,NA,NA,NA,157.7,23,NA,NA,NA,NA,NA,NA,NA,NA,NA,NA
2011,"Thieneman","James Jones","GB","WR",7,0,NA,NA,NA,NA,NA,150.5,58,71.5,NA,NA,NA,NA,160.5,NA,NA,NA,NA
2013,"Kane","James Jones","OAK","WR",18,0,NA,7,NA,NA,NA,71.5,28,NA,58,71.5,NA,NA,NA,150.5,160.5,NA,NA
2011,"McShane","James Starks","GB","RB",10,0,NA,NA,NA,NA,NA,90.4,36,NA,NA,NA,NA,NA,NA,NA,NA,NA,NA
2012,"Thieneman","James Starks","GB","RB",1,0,10,NA,NA,NA,NA,NA,NA,NA,NA,NA,NA,NA,NA,NA,NA,NA,NA
2014,"Ready","James Starks","GB","RB",1,0,NA,1,10,NA,NA,NA,NA,NA,NA,NA,NA,NA,NA,NA,NA,NA,NA
2012,"Skrzyskewski","Jared Cook","TEN","TE",2,0,NA,NA,NA,NA,NA,134,14,18,NA,NA,NA,NA,150.8,NA,NA,NA,NA
2013,"Regan","Jared Cook","STL","TE",5,0,2,NA,NA,NA,NA,95.5,9,14,18,NA,NA,NA,134,150.8,NA,NA,NA
2015,"Regan","Jarvis Landry","MIA","WR",23,0,NA,NA,NA,NA,NA,48.3,21,NA,NA,NA,NA,NA,NA,NA,NA,NA,NA
2010,"Higdon","Jason Campbell","OAK","QB",6,0,NA,NA,NA,NA,NA,157,25,NA,NA,NA,NA,NA,NA,NA,NA,NA,NA
2011,"Harrington","Jason Campbell","OAK","QB",3,0,6,NA,NA,NA,NA,NA,NA,NA,NA,NA,NA,NA,NA,NA,NA,NA,NA
2012,"Ready","Jason Hanson","DET","K",3,0,NA,NA,NA,NA,NA,NA,NA,NA,NA,NA,NA,NA,NA,NA,NA,NA,NA
2010,"McShane","Jason Witten","DAL","TE",16,0,NA,NA,NA,NA,NA,55.8,5,NA,NA,NA,NA,NA,NA,NA,NA,NA,NA
2011,"Hartman","Jason Witten","DAL","TE",15,0,16,NA,NA,NA,NA,48.1,3,5,NA,NA,NA,NA,55.8,NA,NA,NA,NA
2012,"Ready","Jason Witten","DAL","TE",8,0,15,16,NA,NA,NA,79,8,3,5,NA,NA,NA,48.1,55.8,NA,NA,NA
2013,"Ready","Jason Witten","DAL","TE",21,0,8,15,16,NA,NA,58.6,4,8,3,5,NA,NA,79,48.1,55.8,NA,NA
2014,"Regan","Jason Witten","DAL","TE",27,0,21,8,15,16,NA,68.6,6,4,8,3,5,NA,58.6,79,48.1,55.8,NA
2015,"Regan","Jason Witten","DAL","TE",16,0,27,21,8,15,16,89.7,8,6,4,8,3,5,68.6,58.6,79,48.1,55.8
2010,"Kane","Jay Cutler","CHI","QB",17,0,NA,NA,NA,NA,NA,78.4,10,NA,NA,NA,NA,NA,NA,NA,NA,NA,NA
2011,"Ready","Jay Cutler","CHI","QB",11,0,17,NA,NA,NA,NA,126,17,10,NA,NA,NA,NA,78.4,NA,NA,NA,NA
2012,"Skrzyskewski","Jay Cutler","CHI","QB",30,0,11,17,NA,NA,NA,80.8,12,17,10,NA,NA,NA,126,78.4,NA,NA,NA
2013,"Ready","Jay Cutler","CHI","QB",22,0,30,11,17,NA,NA,125.8,16,12,17,10,NA,NA,80.8,126,78.4,NA,NA
2014,"Olson","Jay Cutler","CHI","QB",39,0,22,30,11,17,NA,73.3,9,16,12,17,10,NA,125.8,80.8,126,78.4,NA
2015,"Olson","Jay Cutler","CHI","QB",37,0,39,22,30,11,17,149.4,21,9,16,12,17,10,73.3,125.8,80.8,126,78.4
2010,"Ready","Jay Feely","ARI","K",1,0,NA,NA,NA,NA,NA,NA,NA,NA,NA,NA,NA,NA,NA,NA,NA,NA,NA
2014,"Skrzyskewski","Jeremy Hill","CIN","RB",1,0,NA,NA,NA,NA,NA,97.7,41,NA,NA,NA,NA,NA,NA,NA,NA,NA,NA
2013,"Matovina","Jeremy Kerley","NYJ","WR",1,0,NA,NA,NA,NA,NA,NA,NA,NA,NA,NA,NA,NA,NA,NA,NA,NA,NA
2010,"Regan","Jeremy Maclin","PHI","WR",8,0,NA,NA,NA,NA,NA,73.7,29,NA,NA,NA,NA,NA,NA,NA,NA,NA,NA
2011,"Matovina","Jeremy Maclin","PHI","WR",18,0,8,NA,NA,NA,NA,62.4,25,29,NA,NA,NA,NA,73.7,NA,NA,NA,NA
2012,"Olson","Jeremy Maclin","PHI","WR",30,0,18,8,NA,NA,NA,62.7,24,25,29,NA,NA,NA,62.4,73.7,NA,NA,NA
2014,"Harrington","Jeremy Maclin","PHI","WR",13,0,NA,30,18,8,NA,65.3,27,NA,24,25,29,NA,NA,62.7,62.4,73.7,NA
2015,"Shokunbi","Jeremy Maclin","KC","WR",12,0,13,NA,30,18,8,41.3,18,27,NA,24,25,29,65.3,NA,62.7,62.4,73.7
2010,"Ready","Jermichael Finley","GB","TE",12,0,NA,NA,NA,NA,NA,42.8,3,NA,NA,NA,NA,NA,NA,NA,NA,NA,NA
2011,"Thieneman","Jermichael Finley","GB","TE",31,0,12,NA,NA,NA,NA,41.7,2,3,NA,NA,NA,NA,42.8,NA,NA,NA,NA
2012,"Regan","Jermichael Finley","GB","TE",20,0,31,12,NA,NA,NA,63.1,6,2,3,NA,NA,NA,41.7,42.8,NA,NA,NA
2013,"Shokunbi","Jermichael Finley","GB","TE",13,0,20,31,12,NA,NA,75.7,6,6,2,3,NA,NA,63.1,41.7,42.8,NA,NA
2010,"Skrzyskewski","Jerome Harrison","PHI","RB",11,0,NA,NA,NA,NA,NA,75.9,31,NA,NA,NA,NA,NA,NA,NA,NA,NA,NA
2011,"Kane","Jerome Harrison","DET","RB",2,0,11,NA,NA,NA,NA,159.2,56,31,NA,NA,NA,NA,75.9,NA,NA,NA,NA
2011,"Thieneman","Jerome Simpson","CIN","WR",1,0,NA,NA,NA,NA,NA,NA,NA,NA,NA,NA,NA,NA,NA,NA,NA,NA,NA
2010,"McShane","Jerricho Cotchery","NYJ","WR",1,0,NA,NA,NA,NA,NA,137.3,55,NA,NA,NA,NA,NA,NA,NA,NA,NA,NA
2010,"Higdon","Jets D/ST","NYJ","D/ST",9,0,NA,NA,NA,NA,NA,86.5,1,NA,NA,NA,NA,NA,NA,NA,NA,NA,NA
2011,"Matovina","Jets D/ST","NYJ","D/ST",1,0,9,NA,NA,NA,NA,95.7,4,1,NA,NA,NA,NA,86.5,NA,NA,NA,NA
2012,"Matovina","Jets D/ST","NYJ","D/ST",2,0,1,9,NA,NA,NA,152.8,5,4,1,NA,NA,NA,95.7,86.5,NA,NA,NA
2015,"Shokunbi","Jets D/ST","JETS ","D/ST",1,0,NA,NA,2,1,9,147.5,8,NA,NA,5,4,1,NA,NA,152.8,95.7,86.5
2011,"Skrzyskewski","Jimmy Graham","NO","TE",13,0,NA,NA,NA,NA,NA,65,6,NA,NA,NA,NA,NA,NA,NA,NA,NA,NA
2012,"Hartman","Jimmy Graham","NO","TE",35,0,13,NA,NA,NA,NA,13.3,1,6,NA,NA,NA,NA,65,NA,NA,NA,NA
2013,"Thieneman","Jimmy Graham","NO","TE",41,0,35,13,NA,NA,NA,22.6,1,1,6,NA,NA,NA,13.3,65,NA,NA,NA
2014,"Skrzyskewski","Jimmy Graham","NO","TE",69,0,41,35,13,NA,NA,8.2,1,1,1,6,NA,NA,22.6,13.3,65,NA,NA
2015,"Hartman","Jimmy Graham","SEA","TE",40,0,69,41,35,13,NA,32,2,1,1,1,6,NA,8.2,22.6,13.3,65,NA
2012,"Hartman","Joe Adams","CAR","WR",1,0,NA,NA,NA,NA,NA,NA,NA,NA,NA,NA,NA,NA,NA,NA,NA,NA,NA
2010,"Shokunbi","Joe Flacco","BAL","QB",34,0,NA,NA,NA,NA,NA,60.8,8,NA,NA,NA,NA,NA,NA,NA,NA,NA,NA
2011,"Olson","Joe Flacco","BAL","QB",42,0,34,NA,NA,NA,NA,112.1,16,8,NA,NA,NA,NA,60.8,NA,NA,NA,NA
2012,"Thieneman","Joe Flacco","BAL","QB",31,0,42,34,NA,NA,NA,115.1,17,16,8,NA,NA,NA,112.1,60.8,NA,NA,NA
2013,"Kane","Joe Flacco","BAL","QB",33,0,31,42,34,NA,NA,139.2,20,17,16,8,NA,NA,115.1,112.1,60.8,NA,NA
2014,"Ready","Joe Flacco","BAL","QB",22,0,33,31,42,34,NA,NA,NA,NA,NA,NA,NA,NA,NA,NA,NA,NA,NA
2015,"Matovina","Joe Flacco","BAL","QB",20,0,22,33,31,42,34,142.7,18,NA,20,17,16,8,NA,139.2,115.1,112.1,60.8
2010,"McShane","Joey Galloway","WAS","WR",1,0,NA,NA,NA,NA,NA,NA,NA,NA,NA,NA,NA,NA,NA,NA,NA,NA,NA
2015,"Skrzyskewski","John Brown","ARI","WR",5,0,NA,NA,NA,NA,NA,74,32,NA,NA,NA,NA,NA,NA,NA,NA,NA,NA
2010,"Hartman","John Carlson","SEA","TE",1,0,NA,NA,NA,NA,NA,138.5,13,NA,NA,NA,NA,NA,NA,NA,NA,NA,NA
2010,"Kane","Johnny Knox","CHI","WR",9,0,NA,NA,NA,NA,NA,75.1,30,NA,NA,NA,NA,NA,NA,NA,NA,NA,NA
2011,"Kane","Johnny Knox","CHI","WR",11,0,9,NA,NA,NA,NA,104.9,39.5,30,NA,NA,NA,NA,75.1,NA,NA,NA,NA
2014,"Olson","Johnny Manziel","CLE","QB",1,0,NA,NA,NA,NA,NA,NA,NA,NA,NA,NA,NA,NA,NA,NA,NA,NA,NA
2012,"Ready","John Skelton","ARI","QB",2,0,NA,NA,NA,NA,NA,NA,NA,NA,NA,NA,NA,NA,NA,NA,NA,NA,NA
2013,"Hartman","Joique Bell","DET","RB",3,0,NA,NA,NA,NA,NA,135.7,51,NA,NA,NA,NA,NA,NA,NA,NA,NA,NA
2014,"Shokunbi","Joique Bell","DET","RB",15,0,3,NA,NA,NA,NA,51.4,24,51,NA,NA,NA,NA,135.7,NA,NA,NA,NA
2015,"McShane","Joique Bell","DET","RB",19,0,15,3,NA,NA,NA,73.3,32,24,51,NA,NA,NA,51.4,135.7,NA,NA,NA
2015,"Matovina","Jonas Gray","FA","RB",1,0,NA,NA,NA,NA,NA,127.8,50,NA,NA,NA,NA,NA,NA,NA,NA,NA,NA
2013,"Ready","Jonathan Dwyer","ARI","RB",1,0,NA,NA,NA,NA,NA,112.6,43,49,NA,NA,NA,NA,146.9,NA,NA,NA,NA
2010,"Shokunbi","Jonathan Stewart","CAR","RB",30,0,NA,NA,NA,NA,NA,50.7,22,NA,NA,NA,NA,NA,NA,NA,NA,NA,NA
2011,"McShane","Jonathan Stewart","CAR","RB",10,0,30,NA,NA,NA,NA,93.5,37,22,NA,NA,NA,NA,50.7,NA,NA,NA,NA
2012,"Kane","Jonathan Stewart","CAR","RB",20,0,10,30,NA,NA,NA,95.1,38,37,22,NA,NA,NA,93.5,50.7,NA,NA,NA
2015,"Higdon","Jonathan Stewart","CAR","RB",16,0,NA,NA,20,10,30,48,24,52,NA,38,37,22,142.2,NA,95.1,93.5,50.7
2012,"Ready","Jon Baldwin","KC","WR",1,0,NA,NA,NA,NA,NA,NA,NA,NA,NA,NA,NA,NA,NA,NA,NA,NA,NA
2013,"Olson","Jordan Cameron","CLE","TE",4,0,NA,NA,NA,NA,NA,85.6,7,NA,NA,NA,NA,NA,NA,NA,NA,NA,NA
2014,"McShane","Jordan Cameron","CLE","TE",11,0,4,NA,NA,NA,NA,57.6,5,7,NA,NA,NA,NA,85.6,NA,NA,NA,NA
2015,"Thieneman","Jordan Cameron","MIA","TE",1,0,11,4,NA,NA,NA,77.5,6,5,7,NA,NA,NA,57.6,85.6,NA,NA,NA
2015,"Olson","Jordan Matthews","PHI","WR",37,0,NA,NA,NA,NA,NA,27.8,11.5,50,NA,NA,NA,NA,124.7,NA,NA,NA,NA
2014,"Shokunbi","Jordan Reed","WSH","TE",1,0,NA,NA,NA,NA,NA,83.2,8,NA,NA,NA,NA,NA,NA,NA,NA,NA,NA
2011,"Olson","Jordy Nelson","GB","WR",5,0,NA,NA,NA,NA,NA,121.9,47,NA,NA,NA,NA,NA,NA,NA,NA,NA,NA
2013,"Regan","Jordy Nelson","GB","WR",26,0,NA,5,NA,NA,NA,51,19,11,47,NA,NA,NA,34.7,121.9,NA,NA,NA
2015,"Regan","Jordy Nelson","GB","WR",1,0,NA,26,NA,5,NA,NA,NA,NA,NA,NA,NA,NA,NA,NA,NA,NA,NA
2010,"Shokunbi","Joseph Addai","IND","RB",25,0,NA,NA,NA,NA,NA,47.6,20,NA,NA,NA,NA,NA,NA,NA,NA,NA,NA
2011,"Higdon","Joseph Addai","IND","RB",19,0,25,NA,NA,NA,NA,80.6,33,20,NA,NA,NA,NA,47.6,NA,NA,NA,NA
2011,"McShane","Josh Brown","STL","K",1,0,NA,NA,NA,NA,NA,NA,NA,NA,NA,NA,NA,NA,NA,NA,NA,NA,NA
2013,"Skrzyskewski","Josh Brown","NYG","K",1,0,NA,1,NA,NA,NA,NA,NA,NA,NA,NA,NA,NA,NA,NA,NA,NA,NA
2012,"Olson","Josh Freeman","TB","QB",19,0,NA,NA,NA,NA,NA,NA,NA,NA,NA,NA,NA,NA,NA,NA,NA,NA,NA
2013,"Regan","Josh Gordon","CLE","WR",5,0,NA,NA,NA,NA,NA,86.1,34,NA,NA,NA,NA,NA,NA,NA,NA,NA,NA
2014,"Matovina","Josh McCown","TB","QB",29,0,NA,NA,NA,NA,NA,NA,NA,NA,NA,NA,NA,NA,NA,NA,NA,NA,NA
2015,"Ready","Josh McCown","CLE","QB",2,0,29,NA,NA,NA,NA,NA,NA,NA,NA,NA,NA,NA,NA,NA,NA,NA,NA
2010,"Hartman","Josh Morgan","SF","WR",1,0,NA,NA,NA,NA,NA,NA,NA,NA,NA,NA,NA,NA,NA,NA,NA,NA,NA
2014,"Higdon","Julian Edelman","NE","WR",19,0,NA,NA,NA,NA,NA,62.4,26,63,NA,NA,43,NA,161.5,NA,NA,113,NA
2015,"Kane","Julian Edelman","NE","WR",24,0,19,NA,NA,NA,NA,55.1,24,26,63,NA,NA,43,62.4,161.5,NA,NA,113
2011,"Higdon","Julio Jones","ATL","WR",16,0,NA,NA,NA,NA,NA,68.9,26,NA,NA,NA,NA,NA,NA,NA,NA,NA,NA
2012,"Regan","Justin Blackmon","JAC","WR",7,0,NA,NA,NA,NA,NA,80.5,32,NA,NA,NA,NA,NA,NA,NA,NA,NA,NA
2013,"Thieneman","Justin Blackmon","JAC","WR",1,0,7,NA,NA,NA,NA,112.4,44,32,NA,NA,NA,NA,80.5,NA,NA,NA,NA
2010,"Higdon","Justin Forsett","SEA","RB",8,0,NA,NA,NA,NA,NA,67.9,29,NA,NA,NA,NA,NA,NA,NA,NA,NA,NA
2014,"Skrzyskewski","Justin Hunter","TEN","WR",2,0,NA,NA,NA,NA,NA,100.3,40,NA,NA,NA,NA,NA,NA,NA,NA,NA,NA
2013,"Hartman","Justin Tucker","BAL","K",9,0,NA,NA,NA,NA,NA,168.6,12,NA,NA,NA,NA,NA,NA,NA,NA,NA,NA
2014,"Shokunbi","Justin Tucker","BAL","K",2,0,9,NA,NA,NA,NA,150.6,3,12,NA,NA,NA,NA,168.6,NA,NA,NA,NA
2015,"Harrington","Justin Tucker","BAL","K",1,0,2,9,NA,NA,NA,162.3,7,3,12,NA,NA,NA,150.6,168.6,NA,NA,NA
2010,"Higdon","Kellen Winslow","TB","TE",10,0,NA,NA,NA,NA,NA,115.3,12,NA,NA,NA,NA,NA,NA,NA,NA,NA,NA
2011,"Higdon","Kellen Winslow","TB","TE",4,0,10,NA,NA,NA,NA,113,11,12,NA,NA,NA,NA,115.3,NA,NA,NA,NA
2013,"Olson","Kenbrell Thompkins","NE","WR",1,0,NA,NA,NA,NA,NA,75,29,NA,NA,NA,NA,NA,NA,NA,NA,NA,NA
2012,"Shokunbi","Kendall Wright","TEN","WR",1,0,NA,NA,NA,NA,NA,111,41,NA,NA,NA,NA,NA,NA,NA,NA,NA,NA
2013,"Kane","Kendall Wright","TEN","WR",1,0,1,NA,NA,NA,NA,159.1,61,41,NA,NA,NA,NA,111,NA,NA,NA,NA
2014,"Matovina","Kendall Wright","TEN","WR",7,0,1,1,NA,NA,NA,87.3,36,61,41,NA,NA,NA,159.1,111,NA,NA,NA
2015,"Hartman","Kendall Wright","TEN","WR",3,0,7,1,1,NA,NA,111.5,46,36,61,41,NA,NA,87.3,159.1,111,NA,NA
2010,"Higdon","Kenny Britt","TEN","WR",3,0,NA,NA,NA,NA,NA,122.7,48,NA,NA,NA,NA,NA,NA,NA,NA,NA,NA
2011,"Skrzyskewski","Kenny Britt","TEN","WR",25,0,3,NA,NA,NA,NA,69.8,27,48,NA,NA,NA,NA,122.7,NA,NA,NA,NA
2012,"Regan","Kenny Britt","TEN","WR",16,0,25,3,NA,NA,NA,76.8,31,27,48,NA,NA,NA,69.8,122.7,NA,NA,NA
2013,"Olson","Kenny Britt","STL","WR",7,0,16,25,3,NA,NA,101.9,40,31,27,48,NA,NA,76.8,69.8,122.7,NA,NA
2010,"Olson","Kevin Boss","NYG","TE",1,0,NA,NA,NA,NA,NA,NA,NA,NA,NA,NA,NA,NA,NA,NA,NA,NA,NA
2010,"McShane","Kevin Kolb","PHI","QB",18,0,NA,NA,NA,NA,NA,64.8,9,NA,NA,NA,NA,NA,NA,NA,NA,NA,NA
2011,"Hartman","Kevin Kolb","ARI","QB",18,0,18,NA,NA,NA,NA,110.9,15,9,NA,NA,NA,NA,64.8,NA,NA,NA,NA
2012,"Harrington","Kevin Kolb","ARI","QB",3,0,18,18,NA,NA,NA,NA,NA,NA,NA,NA,NA,NA,NA,NA,NA,NA,NA
2012,"Higdon","Kevin Smith","DET","RB",12,0,NA,NA,NA,NA,NA,75,30,NA,50,NA,NA,NA,NA,146.9,NA,NA,NA
2014,"Thieneman","Khiry Robinson","NO","RB",1,0,NA,NA,NA,NA,NA,126.4,48,NA,NA,NA,NA,NA,NA,NA,NA,NA,NA
2014,"Hartman","Kirk Cousins","WSH","QB",3,0,NA,NA,NA,NA,NA,NA,NA,NA,NA,NA,NA,NA,NA,NA,NA,NA,NA
2015,"McShane","Kirk Cousins","WSH","QB",6,0,3,NA,NA,NA,NA,NA,NA,NA,NA,NA,NA,NA,NA,NA,NA,NA,NA
2014,"Kane","Knile Davis","KC","RB",1,0,NA,NA,NA,NA,NA,149.8,54,NA,NA,NA,NA,NA,NA,NA,NA,NA,NA
2015,"Thieneman","Knile Davis","KC","RB",1,0,1,NA,NA,NA,NA,115.2,46,54,NA,NA,NA,NA,149.8,NA,NA,NA,NA
2010,"McShane","Knowshon Moreno","DEN","RB",26,0,NA,NA,NA,NA,NA,52.4,23,NA,NA,NA,NA,NA,NA,NA,NA,NA,NA
2011,"Matovina","Knowshon Moreno","DEN","RB",30,0,26,NA,NA,NA,NA,45.8,21,23,NA,NA,NA,NA,52.4,NA,NA,NA,NA
2013,"Regan","Knowshon Moreno","MIA","RB",5,0,NA,30,26,NA,NA,99.8,39,NA,21,23,NA,NA,NA,45.8,52.4,NA,NA
2014,"Regan","Knowshon Moreno","MIA","RB",3,0,5,NA,30,26,NA,85.1,35,39,NA,21,23,NA,99.8,NA,45.8,52.4,NA
2010,"Matovina","Kyle Orton","DEN","QB",1,0,NA,NA,NA,NA,NA,160.9,28,NA,NA,NA,NA,NA,NA,NA,NA,NA,NA
2011,"Matovina","Kyle Orton","KC","QB",10,0,1,NA,NA,NA,NA,129.9,19,28,NA,NA,NA,NA,160.9,NA,NA,NA,NA
2012,"Matovina","Kyle Rudolph","MIN","TE",2,0,NA,NA,NA,NA,NA,140.3,15,NA,NA,NA,NA,NA,NA,NA,NA,NA,NA
2013,"McShane","Kyle Rudolph","MIN","TE",16,0,2,NA,NA,NA,NA,109.2,11,15,NA,NA,NA,NA,140.3,NA,NA,NA,NA
2014,"Shokunbi","Kyle Rudolph","MIN","TE",13,0,16,2,NA,NA,NA,72.6,7,11,15,NA,NA,NA,109.2,140.3,NA,NA,NA
2015,"Regan","Kyle Rudolph","MIN","TE",1,0,13,16,2,NA,NA,118.2,11,7,11,15,NA,NA,72.6,109.2,140.3,NA,NA
2010,"Harrington","LaDainian Tomlinson","NYJ","RB",8,0,NA,NA,NA,NA,NA,93.3,37,NA,NA,NA,NA,NA,NA,NA,NA,NA,NA
2011,"Regan","LaDainian Tomlinson","NYJ","RB",2,0,8,NA,NA,NA,NA,99.2,38,37,NA,NA,NA,NA,93.3,NA,NA,NA,NA
2013,"Hartman","Lamar Miller","MIA","RB",23,0,NA,NA,NA,NA,NA,32.7,21,NA,NA,NA,NA,NA,NA,NA,NA,NA,NA
2014,"Skrzyskewski","Lamar Miller","MIA","RB",2,0,23,NA,NA,NA,NA,78.2,32,21,NA,NA,NA,NA,32.7,NA,NA,NA,NA
2015,"Regan","Lamar Miller","MIA","RB",65,0,2,23,NA,NA,NA,21.2,12,32,21,NA,NA,NA,78.2,32.7,NA,NA,NA
2011,"Harrington","Lance Moore","NO","WR",4,0,NA,NA,NA,NA,NA,114.3,45,74,NA,NA,NA,NA,163.5,NA,NA,NA,NA
2012,"Kane","Lance Moore","NO","WR",15,0,4,NA,NA,NA,NA,95.5,37,45,74,NA,NA,NA,114.3,163.5,NA,NA,NA
2013,"Higdon","Lance Moore","PIT","WR",7,0,15,4,NA,NA,NA,103.4,41,37,45,74,NA,NA,95.5,114.3,163.5,NA,NA
2015,"Ready","Larry Donnell","NYG","TE",1,0,NA,NA,NA,NA,NA,NA,NA,NA,NA,NA,NA,NA,NA,NA,NA,NA,NA
2010,"Higdon","Larry Fitzgerald","ARI","WR",65,0,NA,NA,NA,NA,NA,19.2,8,NA,NA,NA,NA,NA,NA,NA,NA,NA,NA
2011,"Hartman","Larry Fitzgerald","ARI","WR",92,0,65,NA,NA,NA,NA,15.6,4,8,NA,NA,NA,NA,19.2,NA,NA,NA,NA
2012,"Matovina","Larry Fitzgerald","ARI","WR",65,0,92,65,NA,NA,NA,22.5,3,4,8,NA,NA,NA,15.6,19.2,NA,NA,NA
2013,"Thieneman","Larry Fitzgerald","ARI","WR",44,0,65,92,65,NA,NA,28.9,7,3,4,8,NA,NA,22.5,15.6,19.2,NA,NA
2014,"Higdon","Larry Fitzgerald","ARI","WR",46,0,44,65,92,65,NA,40.3,15,7,3,4,8,NA,28.9,22.5,15.6,19.2,NA
2015,"Harrington","Larry Fitzgerald","ARI","WR",10,0,46,44,65,92,65,89.5,36,15,7,3,4,8,40.3,28.9,22.5,15.6,19.2
2010,"Thieneman","Laurence Maroney","DEN","RB",7,0,NA,NA,NA,NA,NA,122,45,NA,NA,NA,NA,NA,NA,NA,NA,NA,NA
2012,"Kane","Laurent Robinson","JAC","WR",1,0,NA,NA,NA,NA,NA,156.1,51,NA,64,NA,NA,NA,NA,155.2,NA,NA,NA
2010,"Matovina","Lawrence Tynes","NYG","K",1,0,NA,NA,NA,NA,NA,NA,NA,NA,NA,NA,NA,NA,NA,NA,NA,NA,NA
2010,"Harrington","Lee Evans","BUF","WR",6,0,NA,NA,NA,NA,NA,110.8,42,NA,NA,NA,NA,NA,NA,NA,NA,NA,NA
2011,"Shokunbi","Lee Evans","BAL","WR",6,0,6,NA,NA,NA,NA,109.2,42,42,NA,NA,NA,NA,110.8,NA,NA,NA,NA
2011,"Shokunbi","LeGarrette Blount","TB","RB",35,0,NA,NA,NA,NA,NA,28.7,15,NA,NA,NA,NA,NA,NA,NA,NA,NA,NA
2012,"Shokunbi","LeGarrette Blount","TB","RB",2,0,35,NA,NA,NA,NA,122,45,15,NA,NA,NA,NA,28.7,NA,NA,NA,NA
2014,"Matovina","LeGarrette Blount","PIT","RB",1,0,NA,2,35,NA,NA,129.8,49,NA,45,15,NA,NA,NA,122,28.7,NA,NA
2015,"Harrington","LeGarrette Blount","NE","RB",11,0,1,NA,2,35,NA,61.7,28,49,NA,45,15,NA,129.8,NA,122,28.7,NA
2012,"Shokunbi","Leonard Hankerson","WSH","WR",1,0,NA,NA,NA,NA,NA,NA,NA,NA,NA,NA,NA,NA,NA,NA,NA,NA,NA
2010,"Harrington","Leon Washington","SEA","RB",2,0,NA,NA,NA,NA,NA,122.3,46,NA,NA,NA,NA,NA,NA,NA,NA,NA,NA
2010,"Ready","LeSean McCoy","PHI","RB",28,0,NA,NA,NA,NA,NA,37.5,17,NA,NA,NA,NA,NA,NA,NA,NA,NA,NA
2013,"Regan","Le'Veon Bell","PIT","RB",6,0,NA,NA,NA,NA,NA,78.8,34,NA,NA,NA,NA,NA,NA,NA,NA,NA,NA
2011,"Ready","Lions D/ST","DET","D/ST",7,0,NA,NA,NA,NA,NA,118.5,8,NA,NA,NA,NA,NA,NA,NA,NA,NA,NA
2012,"Matovina","Lions D/ST","DET","D/ST",2,0,7,NA,NA,NA,NA,NA,NA,NA,NA,NA,NA,NA,NA,NA,NA,NA,NA
2012,"Higdon","Malcom Floyd","SD","WR",9,0,NA,NA,NA,NA,NA,92.1,35,30,24,NA,NA,NA,81.8,59.8,NA,NA,NA
2013,"Matovina","Malcom Floyd","SD","WR",2,0,9,NA,NA,NA,NA,158.3,59,35,30,24,NA,NA,92.1,81.8,59.8,NA,NA
2015,"Ready","Malcom Floyd","SD","WR",1,0,NA,2,9,NA,NA,NA,NA,NA,NA,NA,NA,NA,NA,NA,NA,NA,NA
2011,"Higdon","Marcedes Lewis","JAC","TE",7,0,NA,NA,NA,NA,NA,87,9,NA,NA,NA,NA,NA,NA,NA,NA,NA,NA
2015,"Olson","Marcus Mariota","TEN","QB",26,0,NA,NA,NA,NA,NA,155.5,22,NA,NA,NA,NA,NA,NA,NA,NA,NA,NA
2010,"Matovina","Mario Manningham","NYG","WR",1,0,NA,NA,NA,NA,NA,160.5,71.5,NA,NA,NA,NA,NA,NA,NA,NA,NA,NA
2011,"Skrzyskewski","Mario Manningham","NYG","WR",40,0,1,NA,NA,NA,NA,58.7,23,71.5,NA,NA,NA,NA,160.5,NA,NA,NA,NA
2012,"Olson","Mario Manningham","SF","WR",2,0,40,1,NA,NA,NA,NA,NA,NA,NA,NA,NA,NA,NA,NA,NA,NA,NA
2010,"Olson","Marion Barber","DAL","RB",11,0,NA,NA,NA,NA,NA,75.1,30,NA,NA,NA,NA,NA,NA,NA,NA,NA,NA
2011,"Kane","Mark Ingram","NO","RB",23,0,NA,NA,NA,NA,NA,46.8,22,NA,NA,NA,NA,NA,NA,NA,NA,NA,NA
2012,"Regan","Mark Ingram","NO","RB",8,0,23,NA,NA,NA,NA,88,36,22,NA,NA,NA,NA,46.8,NA,NA,NA,NA
2013,"Shokunbi","Mark Ingram","NO","RB",6,0,8,23,NA,NA,NA,82.8,35,36,22,NA,NA,NA,88,46.8,NA,NA,NA
2014,"Matovina","Mark Ingram","NO","RB",1,0,6,8,23,NA,NA,94.7,40,35,36,22,NA,NA,82.8,88,46.8,NA,NA
2015,"Thieneman","Mark Ingram","NO","RB",35,0,1,6,8,23,NA,28.4,14,40,35,36,22,NA,94.7,82.8,88,46.8,NA
2010,"Ready","Mark Sanchez","NYJ","QB",2,0,NA,NA,NA,NA,NA,144.1,21,NA,NA,NA,NA,NA,NA,NA,NA,NA,NA
2011,"McShane","Mark Sanchez","NYJ","QB",12,0,2,NA,NA,NA,NA,144.7,22,21,NA,NA,NA,NA,144.1,NA,NA,NA,NA
2014,"Olson","Markus Wheaton","PIT","WR",1,0,NA,NA,NA,NA,NA,122.9,48,60,NA,NA,NA,NA,158.5,NA,NA,NA,NA
2014,"Ready","Marqise Lee","JAC","WR",1,0,NA,NA,NA,NA,NA,NA,NA,NA,NA,NA,NA,NA,NA,NA,NA,NA,NA
2010,"Skrzyskewski","Marques Colston","NO","WR",30,0,NA,NA,NA,NA,NA,25.7,11,NA,NA,NA,NA,NA,NA,NA,NA,NA,NA
2011,"Regan","Marques Colston","NO","WR",28,0,30,NA,NA,NA,NA,52.3,20.5,11,NA,NA,NA,NA,25.7,NA,NA,NA,NA
2012,"Ready","Marques Colston","NO","WR",35,0,28,30,NA,NA,NA,45.5,16,20.5,11,NA,NA,NA,52.3,25.7,NA,NA,NA
2013,"McShane","Marques Colston","NO","WR",36,0,35,28,30,NA,NA,43.8,15,16,20.5,11,NA,NA,45.5,52.3,25.7,NA,NA
2014,"Ready","Marques Colston","NO","WR",8,0,36,35,28,30,NA,67.5,28,15,16,20.5,11,NA,43.8,45.5,52.3,25.7,NA
2015,"McShane","Marques Colston","NO","WR",5,0,8,36,35,28,30,121.3,48,28,15,16,20.5,11,67.5,43.8,45.5,52.3,25.7
2011,"Regan","Marshawn Lynch","SEA","RB",20,0,NA,NA,NA,NA,NA,74.6,30,58,NA,NA,NA,NA,156.4,NA,NA,NA,NA
2015,"Skrzyskewski","Martavis Bryant","PIT","WR",10,0,NA,NA,NA,NA,NA,65.9,28,NA,NA,NA,NA,NA,NA,NA,NA,NA,NA
2013,"McShane","Martellus Bennett","CHI","TE",1,0,NA,NA,NA,NA,NA,152.8,18,NA,NA,NA,NA,NA,NA,NA,NA,NA,NA
2014,"Olson","Martellus Bennett","CHI","TE",1,0,1,NA,NA,NA,NA,117.8,12,18,NA,NA,NA,NA,152.8,NA,NA,NA,NA
2015,"Skrzyskewski","Martellus Bennett","CHI","TE",14,0,1,1,NA,NA,NA,64.8,5,12,18,NA,NA,NA,117.8,152.8,NA,NA,NA
2015,"Shokunbi","Marvin Jones","CIN","WR",4,0,NA,NA,NA,NA,NA,140.4,56,NA,NA,NA,NA,NA,NA,NA,NA,NA,NA
2010,"Regan","Mason Crosby","GB","K",1,0,NA,NA,NA,NA,NA,138.5,2,NA,NA,NA,NA,NA,NA,NA,NA,NA,NA
2011,"Regan","Mason Crosby","GB","K",1,0,1,NA,NA,NA,NA,160,3,2,NA,NA,NA,NA,138.5,NA,NA,NA,NA
2012,"Regan","Mason Crosby","GB","K",2,0,1,1,NA,NA,NA,NA,NA,NA,NA,NA,NA,NA,NA,NA,NA,NA,NA
2014,"Hartman","Mason Crosby","GB","K",1,0,NA,2,1,1,NA,NA,NA,NA,NA,NA,NA,NA,NA,NA,NA,NA,NA
2015,"Hartman","Mason Crosby","GB","K",1,0,1,NA,2,1,1,161.9,6,NA,10.5,NA,3,2,NA,167.7,NA,160,138.5
2011,"Olson","Matt Bryant","ATL","K",1,0,NA,NA,NA,NA,NA,170.2,7,NA,NA,NA,NA,NA,NA,NA,NA,NA,NA
2012,"Kane","Matt Bryant","ATL","K",1,0,1,NA,NA,NA,NA,NA,NA,NA,NA,NA,NA,NA,NA,NA,NA,NA,NA
2013,"Ready","Matt Bryant","ATL","K",1,0,1,1,NA,NA,NA,148.6,4,NA,7,NA,NA,NA,NA,170.2,NA,NA,NA
2014,"Regan","Matt Bryant","ATL","K",1,0,1,1,1,NA,NA,NA,NA,NA,NA,NA,NA,NA,NA,NA,NA,NA,NA
2015,"Kane","Matt Bryant","ATL","K",2,0,1,1,1,1,NA,167.3,9,NA,4,NA,7,NA,NA,148.6,NA,170.2,NA
2010,"Matovina","Matt Cassel","KC","QB",1,0,NA,NA,NA,NA,NA,147.6,22,NA,NA,NA,NA,NA,NA,NA,NA,NA,NA
2012,"Skrzyskewski","Matt Cassel","KC","QB",6,0,NA,1,NA,NA,NA,NA,NA,NA,NA,NA,NA,NA,NA,NA,NA,NA,NA
2010,"Thieneman","Matt Forte","CHI","RB",22,0,NA,NA,NA,NA,NA,44.3,19,NA,NA,NA,NA,NA,NA,NA,NA,NA,NA
2011,"McShane","Matt Forte","CHI","RB",41,0,22,NA,NA,NA,NA,23.5,13,19,NA,NA,NA,NA,44.3,NA,NA,NA,NA
2013,"Harrington","Matt Forte","CHI","RB",62,0,NA,41,22,NA,NA,12.1,11,6,13,19,NA,NA,10.3,23.5,44.3,NA,NA
2014,"Olson","Matt Forte","CHI","RB",84,0,62,NA,41,22,NA,4.2,4,11,6,13,19,NA,12.1,10.3,23.5,44.3,NA
2015,"Matovina","Matt Forte","CHI","RB",68,0,84,62,NA,41,22,14.6,9,4,11,6,13,19,4.2,12.1,10.3,23.5,44.3
2011,"Hartman","Matt Hasselbeck","TEN","QB",3,0,NA,NA,NA,NA,NA,NA,NA,NA,NA,NA,NA,NA,NA,NA,NA,NA,NA
2010,"Harrington","Matthew Stafford","DET","QB",4,0,NA,NA,NA,NA,NA,125.6,17,NA,NA,NA,NA,NA,NA,NA,NA,NA,NA
2011,"Shokunbi","Matthew Stafford","DET","QB",33,0,4,NA,NA,NA,NA,78.1,11,17,NA,NA,NA,NA,125.6,NA,NA,NA,NA
2013,"McShane","Matthew Stafford","DET","QB",88,0,NA,33,4,NA,NA,66.7,8,4,11,17,NA,NA,12,78.1,125.6,NA,NA
2014,"Shokunbi","Matthew Stafford","DET","QB",75,0,88,NA,33,4,NA,39.2,4,8,4,11,17,NA,66.7,12,78.1,125.6,NA
2015,"Shokunbi","Matthew Stafford","DET","QB",71,0,75,88,NA,33,4,87.9,11,4,8,4,11,17,39.2,66.7,12,78.1,125.6
2010,"Hartman","Matt Leinart","HOU","QB",1,0,NA,NA,NA,NA,NA,NA,NA,NA,NA,NA,NA,NA,NA,NA,NA,NA,NA
2010,"Kane","Matt Prater","DEN","K",1,0,NA,NA,NA,NA,NA,NA,NA,NA,NA,NA,NA,NA,NA,NA,NA,NA,NA
2012,"Shokunbi","Matt Prater","DEN","K",1,0,NA,1,NA,NA,NA,NA,NA,NA,NA,NA,NA,NA,NA,NA,NA,NA,NA
2013,"Olson","Matt Prater","DEN","K",1,0,1,NA,1,NA,NA,149.9,5,NA,NA,NA,NA,NA,NA,NA,NA,NA,NA
2014,"Matovina","Matt Prater","DEN","K",5,0,1,1,NA,1,NA,NA,NA,NA,NA,NA,NA,NA,NA,NA,NA,NA,NA
2015,"Thieneman","Matt Prater","DET","K",3,0,5,1,1,NA,1,165.8,8,NA,5,NA,NA,NA,NA,149.9,NA,NA,NA
2010,"Kane","Matt Ryan","ATL","QB",16,0,NA,NA,NA,NA,NA,89.4,12,NA,NA,NA,NA,NA,NA,NA,NA,NA,NA
2012,"McShane","Matt Ryan","ATL","QB",71,0,NA,16,NA,NA,NA,34.2,6,9,12,NA,NA,NA,61.3,89.4,NA,NA,NA
2013,"Higdon","Matt Ryan","ATL","QB",75,0,71,NA,16,NA,NA,54.5,6,6,9,12,NA,NA,34.2,61.3,89.4,NA,NA
2014,"Skrzyskewski","Matt Ryan","ATL","QB",58,0,75,71,NA,16,NA,62.6,7,6,6,9,12,NA,54.5,34.2,61.3,89.4,NA
2015,"Olson","Matt Ryan","ATL","QB",61,0,58,75,71,NA,16,74.6,8,7,6,6,9,12,62.6,54.5,34.2,61.3,89.4
2010,"Olson","Matt Schaub","HOU","QB",36,0,NA,NA,NA,NA,NA,31.9,5,NA,NA,NA,NA,NA,NA,NA,NA,NA,NA
2011,"Higdon","Matt Schaub","HOU","QB",64,0,36,NA,NA,NA,NA,55.7,7,5,NA,NA,NA,NA,31.9,NA,NA,NA,NA
2012,"Higdon","Matt Schaub","HOU","QB",35,0,64,36,NA,NA,NA,100.9,15,7,5,NA,NA,NA,55.7,31.9,NA,NA,NA
2013,"Shokunbi","Matt Schaub","OAK","QB",18,0,35,64,36,NA,NA,138.6,19,15,7,5,NA,NA,100.9,55.7,31.9,NA,NA
2010,"Regan","Maurice Jones-Drew","JAC","RB",105,0,NA,NA,NA,NA,NA,4.4,4,NA,NA,NA,NA,NA,NA,NA,NA,NA,NA
2011,"Thieneman","Maurice Jones-Drew","JAC","RB",79,0,105,NA,NA,NA,NA,13.4,8,4,NA,NA,NA,NA,4.4,NA,NA,NA,NA
2013,"Skrzyskewski","Maurice Jones-Drew","OAK","RB",64,0,NA,79,105,NA,NA,18.7,16,8,8,4,NA,NA,14.9,13.4,4.4,NA,NA
2014,"Kane","Maurice Jones-Drew","OAK","RB",1,0,64,NA,79,105,NA,64.7,28,16,8,8,4,NA,18.7,14.9,13.4,4.4,NA
2015,"Skrzyskewski","Melvin Gordon","SD","RB",36,0,NA,NA,NA,NA,NA,39.8,20,NA,NA,NA,NA,NA,NA,NA,NA,NA,NA
2010,"Higdon","Michael Bush","OAK","RB",2,0,NA,NA,NA,NA,NA,84.5,34,NA,NA,NA,NA,NA,NA,NA,NA,NA,NA
2011,"Skrzyskewski","Michael Bush","OAK","RB",10,0,2,NA,NA,NA,NA,105.1,40,34,NA,NA,NA,NA,84.5,NA,NA,NA,NA
2012,"McShane","Michael Bush","CHI","RB",11,0,10,2,NA,NA,NA,94,37,40,34,NA,NA,NA,105.1,84.5,NA,NA,NA
2010,"Shokunbi","Michael Crabtree","SF","WR",21,0,NA,NA,NA,NA,NA,42.7,16,NA,NA,NA,NA,NA,NA,NA,NA,NA,NA
2011,"Kane","Michael Crabtree","SF","WR",15,0,21,NA,NA,NA,NA,108.6,41,16,NA,NA,NA,NA,42.7,NA,NA,NA,NA
2012,"Matovina","Michael Crabtree","SF","WR",7,0,15,21,NA,NA,NA,114.8,44,41,16,NA,NA,NA,108.6,42.7,NA,NA,NA
2014,"Regan","Michael Crabtree","SF","WR",31,0,NA,7,15,21,NA,52.4,22,62,44,41,16,NA,159.6,114.8,108.6,42.7,NA
2015,"Ready","Michael Crabtree","OAK","WR",1,0,31,NA,7,15,21,143.2,58,22,62,44,41,16,52.4,159.6,114.8,108.6,42.7
2013,"Skrzyskewski","Michael Floyd","ARI","WR",1,0,NA,NA,NA,NA,NA,112.3,43,NA,NA,NA,NA,NA,NA,NA,NA,NA,NA
2014,"McShane","Michael Floyd","ARI","WR",17,0,1,NA,NA,NA,NA,49.5,21,43,NA,NA,NA,NA,112.3,NA,NA,NA,NA
2015,"Kane","Michael Floyd","ARI","WR",4,0,17,1,NA,NA,NA,127.2,51,21,43,NA,NA,NA,49.5,112.3,NA,NA,NA
2010,"Ready","Michael Turner","ATL","RB",81,0,NA,NA,NA,NA,NA,8.1,6,NA,NA,NA,NA,NA,NA,NA,NA,NA,NA
2011,"Harrington","Michael Turner","ATL","RB",72,0,81,NA,NA,NA,NA,15.7,10,6,NA,NA,NA,NA,8.1,NA,NA,NA,NA
2012,"Kane","Michael Turner","ATL","RB",30,0,72,81,NA,NA,NA,33,18,10,6,NA,NA,NA,15.7,8.1,NA,NA,NA
2010,"Hartman","Michael Vick","PHI","QB",1,0,NA,NA,NA,NA,NA,NA,NA,NA,NA,NA,NA,NA,NA,NA,NA,NA,NA
2014,"Hartman","Michael Vick","NYJ","QB",3,0,NA,NA,NA,1,NA,NA,NA,NA,NA,NA,NA,NA,NA,NA,NA,NA,NA
2014,"Higdon","Mike Evans","TB","WR",5,0,NA,NA,NA,NA,NA,105.5,41,NA,NA,NA,NA,NA,NA,NA,NA,NA,NA
2010,"Hartman","Mike Nugent","CIN","K",1,0,NA,NA,NA,NA,NA,NA,NA,NA,NA,NA,NA,NA,NA,NA,NA,NA,NA
2010,"Higdon","Mike Sims-Walker","JAC","WR",25,0,NA,NA,NA,NA,NA,56.3,20.5,NA,NA,NA,NA,NA,NA,NA,NA,NA,NA
2011,"Ready","Mike Sims-Walker","FA","WR",5,0,25,NA,NA,NA,NA,85.3,32,20.5,NA,NA,NA,NA,56.3,NA,NA,NA,NA
2011,"Skrzyskewski","Mike Thomas","JAC","WR",20,0,NA,NA,NA,NA,NA,104.9,39.5,67,NA,NA,NA,NA,157.9,NA,NA,NA,NA
2010,"Hartman","Mike Tolbert","SD","RB",1,0,NA,NA,NA,NA,NA,NA,NA,NA,NA,NA,NA,NA,NA,NA,NA,NA,NA
2011,"Higdon","Mike Tolbert","SD","RB",18,0,1,NA,NA,NA,NA,78.3,32,NA,NA,NA,NA,NA,NA,NA,NA,NA,NA
2012,"Thieneman","Mike Tolbert","CAR","RB",1,0,18,1,NA,NA,NA,NA,NA,NA,NA,NA,NA,NA,NA,NA,NA,NA,NA
2010,"Skrzyskewski","Mike Wallace","PIT","WR",22,0,NA,NA,NA,NA,NA,72.3,28,NA,NA,NA,NA,NA,NA,NA,NA,NA,NA
2012,"Hartman","Mike Wallace","PIT","WR",46,0,NA,22,NA,NA,NA,51.2,20,8,28,NA,NA,NA,23.9,72.3,NA,NA,NA
2013,"Hartman","Mike Wallace","MIA","WR",31,0,46,NA,22,NA,NA,67.6,26,20,8,28,NA,NA,51.2,23.9,72.3,NA,NA
2014,"McShane","Mike Wallace","MIA","WR",13,0,31,46,NA,22,NA,76.1,32,26,20,8,28,NA,67.6,51.2,23.9,72.3,NA
2015,"Shokunbi","Mike Wallace","MIN","WR",22,0,13,31,46,NA,22,86.8,35,32,26,20,8,28,76.1,67.6,51.2,23.9,72.3
2010,"Regan","Mike Williams","TB","WR",1,0,NA,NA,NA,NA,NA,118.3,47,NA,NA,NA,NA,NA,NA,NA,NA,NA,NA
2010,"Regan","Mike Williams","TB","WR",1,0,NA,NA,NA,NA,NA,148,61,NA,NA,NA,NA,NA,NA,NA,NA,NA,NA
2011,"Thieneman","Mike Williams","SEA","WR",1,0,1,NA,NA,NA,NA,37.7,13,61,NA,NA,NA,NA,148,NA,NA,NA,NA
2012,"Ready","Mike Williams","TB","WR",1,0,1,1,NA,NA,NA,NA,NA,NA,NA,NA,NA,NA,NA,NA,NA,NA,NA
2013,"Skrzyskewski","Mike Williams","BUF","WR",8,0,1,1,1,NA,NA,98.2,39,NA,13,61,NA,NA,NA,37.7,148,NA,NA
2010,"Kane","Miles Austin","DAL","WR",48,0,NA,NA,NA,NA,NA,15.1,5,NA,NA,NA,NA,NA,NA,NA,NA,NA,NA
2011,"Olson","Miles Austin","DAL","WR",39,0,48,NA,NA,NA,NA,30.5,10,5,NA,NA,NA,NA,15.1,NA,NA,NA,NA
2012,"Shokunbi","Miles Austin","DAL","WR",28,0,39,48,NA,NA,NA,71.1,28,10,5,NA,NA,NA,30.5,15.1,NA,NA,NA
2013,"Shokunbi","Miles Austin","DAL","WR",16,0,28,39,48,NA,NA,78.7,31,28,10,5,NA,NA,71.1,30.5,15.1,NA,NA
2010,"Regan","Mohamed Massaquoi","CLE","WR",1,0,NA,NA,NA,NA,NA,123.4,49,NA,NA,NA,NA,NA,NA,NA,NA,NA,NA
2010,"Hartman","Montario Hardesty","CLE","RB",1,0,NA,NA,NA,NA,NA,NA,NA,NA,NA,NA,NA,NA,NA,NA,NA,NA,NA
2011,"Thieneman","Montario Hardesty","CLE","RB",2,0,1,NA,NA,NA,NA,139.6,51,NA,NA,NA,NA,NA,NA,NA,NA,NA,NA
2013,"Shokunbi","Montee Ball","DEN","RB",25,0,NA,NA,NA,NA,NA,53.1,27,NA,NA,NA,NA,NA,NA,NA,NA,NA,NA
2011,"Regan","Nate Burleson","DET","WR",3,0,NA,NA,NA,NA,NA,112.4,44,58,NA,NA,NA,NA,145.7,NA,NA,NA,NA
2012,"Thieneman","Nate Burleson","DET","WR",1,0,3,NA,NA,NA,NA,NA,NA,NA,NA,NA,NA,NA,NA,NA,NA,NA,NA
2010,"Shokunbi","Nate Kaeding","SD","K",3,0,NA,NA,NA,NA,NA,130.5,1,NA,NA,NA,NA,NA,NA,NA,NA,NA,NA
2011,"Shokunbi","Nate Kaeding","SD","K",1,0,3,NA,NA,NA,NA,149.1,1,1,NA,NA,NA,NA,130.5,NA,NA,NA,NA
2012,"McShane","Nate Washington","TEN","WR",18,0,NA,NA,NA,NA,NA,102.3,38,NA,NA,NA,NA,NA,NA,NA,NA,NA,NA
2013,"Matovina","Nate Washington","TEN","WR",1,0,18,NA,NA,NA,NA,NA,NA,NA,NA,NA,NA,NA,NA,NA,NA,NA,NA
2010,"Harrington","Neil Rackers","HOU","K",2,0,NA,NA,NA,NA,NA,170.9,11,NA,NA,NA,NA,NA,NA,NA,NA,NA,NA
2011,"Higdon","Neil Rackers","HOU","K",2,0,2,NA,NA,NA,NA,166.2,6,11,NA,NA,NA,NA,170.9,NA,NA,NA,NA
2015,"Kane","Nelson Agholor","PHI","WR",21,0,NA,NA,NA,NA,NA,58.1,25,NA,NA,NA,NA,NA,NA,NA,NA,NA,NA
2013,"Hartman","Nick Foles","PHI","QB",3,0,NA,NA,NA,NA,NA,NA,NA,NA,NA,NA,NA,NA,NA,NA,NA,NA,NA
2015,"Shokunbi","Nick Foles","STL","QB",15,0,NA,3,NA,NA,NA,NA,NA,NA,NA,NA,NA,NA,NA,NA,NA,NA,NA
2011,"Thieneman","Nick Folk","NYJ","K",1,0,NA,NA,NA,NA,NA,NA,NA,NA,NA,NA,NA,NA,NA,NA,NA,NA,NA
2014,"Olson","Nick Novak","SD","K",1,0,NA,NA,NA,NA,NA,NA,NA,NA,NA,NA,NA,NA,NA,NA,NA,NA,NA
2010,"Skrzyskewski","Owen Daniels","HOU","TE",11,0,NA,NA,NA,NA,NA,77.3,8,NA,NA,NA,NA,NA,NA,NA,NA,NA,NA
2011,"Hartman","Owen Daniels","HOU","TE",10,0,11,NA,NA,NA,NA,69.5,7,8,NA,NA,NA,NA,77.3,NA,NA,NA,NA
2012,"McShane","Owen Daniels","HOU","TE",5,0,10,11,NA,NA,NA,NA,NA,NA,NA,NA,NA,NA,NA,NA,NA,NA,NA
2013,"Hartman","Owen Daniels","BAL","TE",7,0,5,10,11,NA,NA,124.7,13,NA,7,8,NA,NA,NA,69.5,77.3,NA,NA
2015,"McShane","Owen Daniels","DEN","TE",2,0,NA,7,5,10,11,85.4,7,NA,13,NA,7,8,NA,124.7,NA,69.5,77.3
2010,"Regan","Packers D/ST","GB","D/ST",7,0,NA,NA,NA,NA,NA,105.7,3,NA,NA,NA,NA,NA,NA,NA,NA,NA,NA
2011,"Hartman","Packers D/ST","GB","D/ST",5,0,7,NA,NA,NA,NA,91,2,3,NA,NA,NA,NA,105.7,NA,NA,NA,NA
2012,"McShane","Packers D/ST","GB","D/ST",2,0,5,7,NA,NA,NA,NA,NA,NA,NA,NA,NA,NA,NA,NA,NA,NA,NA
2013,"Skrzyskewski","Packers D/ST","PACKERS ","D/ST",1,0,2,5,7,NA,NA,157.5,12,NA,2,3,NA,NA,NA,91,105.7,NA,NA
2015,"Ready","Packers D/ST","PACKERS ","D/ST",1,0,NA,1,2,5,7,164.8,13,NA,12,NA,2,3,NA,157.5,NA,91,105.7
2014,"Higdon","Panthers D/ST","PANTHERS ","D/ST",5,0,NA,NA,NA,NA,NA,108.1,2,NA,NA,NA,NA,NA,NA,NA,NA,NA,NA
2011,"Harrington","Patriots D/ST","NE","D/ST",1,0,NA,NA,NA,NA,NA,108.9,6,NA,NA,NA,NA,NA,NA,NA,NA,NA,NA
2013,"Harrington","Patriots D/ST","PATRIOTS ","D/ST",2,0,NA,1,NA,NA,NA,122.6,7,NA,6,NA,NA,NA,NA,108.9,NA,NA,NA
2014,"Olson","Patriots D/ST","PATRIOTS ","D/ST",1,0,2,NA,1,NA,NA,120.9,4,7,NA,6,NA,NA,122.6,NA,108.9,NA,NA
2015,"Kane","Patriots D/ST","PATRIOTS ","D/ST",1,0,1,2,NA,1,NA,163,12,4,7,NA,6,NA,120.9,122.6,NA,108.9,NA
2010,"Hartman","Pat White","FA","QB",1,0,NA,NA,NA,NA,NA,NA,NA,NA,NA,NA,NA,NA,NA,NA,NA,NA,NA
2010,"Kane","Percy Harvin","MIN","WR",16,0,NA,NA,NA,NA,NA,58,22,NA,NA,NA,NA,NA,NA,NA,NA,NA,NA
2011,"Harrington","Percy Harvin","MIN","WR",26,0,16,NA,NA,NA,NA,60,24,22,NA,NA,NA,NA,58,NA,NA,NA,NA
2012,"Thieneman","Percy Harvin","MIN","WR",27,0,26,16,NA,NA,NA,40.4,14,24,22,NA,NA,NA,60,58,NA,NA,NA
2014,"Matovina","Percy Harvin","SEA","WR",20,0,NA,27,26,16,NA,44,18,52,14,24,22,NA,133.5,40.4,60,58,NA
2012,"Skrzyskewski","Peyton Hillis","KC","RB",8,0,NA,NA,NA,NA,NA,62.4,26,14,61,NA,NA,NA,25.6,160.9,NA,NA,NA
2010,"Higdon","Peyton Manning","IND","QB",77,0,NA,NA,NA,NA,NA,17.7,3,NA,NA,NA,NA,NA,NA,NA,NA,NA,NA
2011,"Thieneman","Peyton Manning","IND","QB",72,0,77,NA,NA,NA,NA,60.7,8,3,NA,NA,NA,NA,17.7,NA,NA,NA,NA
2012,"Kane","Peyton Manning","DEN","QB",63,0,72,77,NA,NA,NA,52.8,9,8,3,NA,NA,NA,60.7,17.7,NA,NA,NA
2014,"Hartman","Peyton Manning","DEN","QB",103,0,NA,63,72,77,NA,6.3,1,3,9,8,3,NA,32.4,52.8,60.7,17.7,NA
2015,"Hartman","Peyton Manning","DEN","QB",85,0,103,NA,63,72,77,44.1,3,1,3,9,8,3,6.3,32.4,52.8,60.7,17.7
2013,"Matovina","Phil Dawson","SF","K",3,0,NA,NA,NA,NA,NA,153.8,6,NA,NA,NA,NA,NA,NA,NA,NA,NA,NA
2014,"Thieneman","Phil Dawson","SF","K",1,0,3,NA,NA,NA,NA,NA,NA,NA,NA,NA,NA,NA,NA,NA,NA,NA,NA
2010,"Ready","Philip Rivers","SD","QB",34,0,NA,NA,NA,NA,NA,42,7,NA,NA,NA,NA,NA,NA,NA,NA,NA,NA
2011,"Higdon","Philip Rivers","SD","QB",68,0,34,NA,NA,NA,NA,25.1,4,7,NA,NA,NA,NA,42,NA,NA,NA,NA
2012,"Kane","Philip Rivers","SD","QB",72,0,68,34,NA,NA,NA,73.1,11,4,7,NA,NA,NA,25.1,42,NA,NA,NA
2013,"Thieneman","Philip Rivers","SD","QB",18,0,72,68,34,NA,NA,159.7,24,11,4,7,NA,NA,73.1,25.1,42,NA,NA
2014,"Higdon","Philip Rivers","SD","QB",42,0,18,72,68,34,NA,103.1,14,24,11,4,7,NA,159.7,73.1,25.1,42,NA
2010,"McShane","Pierre Garcon","IND","WR",20,0,NA,NA,NA,NA,NA,56.3,20.5,NA,NA,NA,NA,NA,NA,NA,NA,NA,NA
2011,"Higdon","Pierre Garcon","IND","WR",18,0,20,NA,NA,NA,NA,92.9,34,20.5,NA,NA,NA,NA,56.3,NA,NA,NA,NA
2012,"Matovina","Pierre Garcon","WSH","WR",8,0,18,20,NA,NA,NA,75.6,30,34,20.5,NA,NA,NA,92.9,56.3,NA,NA,NA
2013,"Hartman","Pierre Garcon","WSH","WR",13,0,8,18,20,NA,NA,48.8,18,30,34,20.5,NA,NA,75.6,92.9,56.3,NA,NA
2014,"Kane","Pierre Garcon","WSH","WR",26,0,13,8,18,20,NA,48.2,20,18,30,34,20.5,NA,48.8,75.6,92.9,56.3,NA
2015,"Hartman","Pierre Garcon","WSH","WR",1,0,26,13,8,18,20,123.7,49,20,18,30,34,20.5,48.2,48.8,75.6,92.9,56.3
2010,"Kane","Pierre Thomas","NO","RB",30,0,NA,NA,NA,NA,NA,32.4,15,NA,NA,NA,NA,NA,NA,NA,NA,NA,NA
2011,"Regan","Pierre Thomas","NO","RB",2,0,30,NA,NA,NA,NA,102.1,39,15,NA,NA,NA,NA,32.4,NA,NA,NA,NA
2012,"Matovina","Pierre Thomas","NO","RB",1,0,2,30,NA,NA,NA,NA,NA,NA,NA,NA,NA,NA,NA,NA,NA,NA,NA
2014,"Thieneman","Pierre Thomas","NO","RB",2,0,NA,1,2,30,NA,68.4,30,44,NA,39,15,NA,114.8,NA,102.1,32.4,NA
2011,"Thieneman","Plaxico Burress","NYJ","WR",26,0,NA,NA,NA,NA,NA,73.2,28,NA,NA,NA,NA,NA,NA,NA,NA,NA,NA
2013,"Ready","Rams D/ST","RAMS ","D/ST",1,0,NA,NA,NA,NA,NA,144.8,9,NA,NA,NA,NA,NA,NA,NA,NA,NA,NA
2014,"Harrington","Rams D/ST","RAMS ","D/ST",3,0,1,NA,NA,NA,NA,126.6,5,9,NA,NA,NA,NA,144.8,NA,NA,NA,NA
2015,"Harrington","Rams D/ST","RAMS ","D/ST",2,0,3,1,NA,NA,NA,124,5,5,9,NA,NA,NA,126.6,144.8,NA,NA,NA
2013,"Harrington","Randy Bullock","HOU","K",1,0,NA,NA,NA,NA,NA,167.7,10.5,NA,NA,NA,NA,NA,NA,NA,NA,NA,NA
2010,"Matovina","Randy Moss","TEN","WR",79,0,NA,NA,NA,NA,NA,8.8,2,NA,NA,NA,NA,NA,NA,NA,NA,NA,NA
2012,"Thieneman","Randy Moss","SF","WR",1,0,NA,79,NA,NA,NA,126.6,47,NA,2,NA,NA,NA,NA,8.8,NA,NA,NA
2011,"Shokunbi","Rashad Jennings","JAC","RB",1,0,NA,NA,NA,NA,NA,NA,NA,NA,NA,NA,NA,NA,NA,NA,NA,NA,NA
2014,"Regan","Rashad Jennings","NYG","RB",22,0,NA,NA,1,NA,NA,36.4,18,NA,NA,NA,NA,NA,NA,NA,NA,NA,NA
2015,"Regan","Rashad Jennings","NYG","RB",28,0,22,NA,NA,1,NA,67.8,30,18,NA,NA,NA,NA,36.4,NA,NA,NA,NA
2010,"Skrzyskewski","Rashard Mendenhall","PIT","RB",52,0,NA,NA,NA,NA,NA,18.2,9,NA,NA,NA,NA,NA,NA,NA,NA,NA,NA
2011,"Matovina","Rashard Mendenhall","PIT","RB",72,0,52,NA,NA,NA,NA,8.9,7,9,NA,NA,NA,NA,18.2,NA,NA,NA,NA
2013,"Higdon","Rashard Mendenhall","ARI","RB",13,0,NA,72,52,NA,NA,72.2,32,44,7,9,NA,NA,118.2,8.9,18.2,NA,NA
2010,"Shokunbi","Ravens D/ST","BAL","D/ST",5,0,NA,NA,NA,NA,NA,126.4,6,NA,NA,NA,NA,NA,NA,NA,NA,NA,NA
2011,"Shokunbi","Ravens D/ST","BAL","D/ST",2,0,5,NA,NA,NA,NA,102.2,5,6,NA,NA,NA,NA,126.4,NA,NA,NA,NA
2012,"Higdon","Ravens D/ST","BAL","D/ST",7,0,2,5,NA,NA,NA,117.7,2,5,6,NA,NA,NA,102.2,126.4,NA,NA,NA
2013,"McShane","Ravens D/ST","RAVENS ","D/ST",1,0,7,2,5,NA,NA,134.7,8,2,5,6,NA,NA,117.7,102.2,126.4,NA,NA
2014,"Ready","Ravens D/ST","RAVENS ","D/ST",1,0,1,7,2,5,NA,NA,NA,NA,NA,NA,NA,NA,NA,NA,NA,NA,NA
2015,"Olson","Ravens D/ST","RAVENS ","D/ST",1,0,1,1,7,2,5,165.3,14,NA,8,2,5,6,NA,134.7,117.7,102.2,126.4
2010,"McShane","Ray Rice","BAL","RB",94,0,NA,NA,NA,NA,NA,3,3,NA,NA,NA,NA,NA,NA,NA,NA,NA,NA
2011,"Olson","Ray Rice","BAL","RB",99,0,94,NA,NA,NA,NA,2.3,2,3,NA,NA,NA,NA,3,NA,NA,NA,NA
2012,"Hartman","Ray Rice","BAL","RB",107,0,99,94,NA,NA,NA,2.3,2,2,3,NA,NA,NA,2.3,3,NA,NA,NA
2013,"Hartman","Ray Rice","BAL","RB",76,0,107,99,94,NA,NA,8.2,9,2,2,3,NA,NA,2.3,2.3,3,NA,NA
2014,"Thieneman","Ray Rice","BAL","RB",15,0,76,107,99,94,NA,50.3,23,9,2,2,3,NA,8.2,2.3,2.3,3,NA
2010,"Thieneman","Reggie Bush","NO","RB",11,0,NA,NA,NA,NA,NA,67.4,28,NA,NA,NA,NA,NA,NA,NA,NA,NA,NA
2011,"Ready","Reggie Bush","MIA","RB",2,0,11,NA,NA,NA,NA,74.7,31,28,NA,NA,NA,NA,67.4,NA,NA,NA,NA
2012,"Regan","Reggie Bush","MIA","RB",11,0,2,11,NA,NA,NA,50.3,23,31,28,NA,NA,NA,74.7,67.4,NA,NA,NA
2013,"Skrzyskewski","Reggie Bush","DET","RB",37,0,11,2,11,NA,NA,19.9,17,23,31,28,NA,NA,50.3,74.7,67.4,NA,NA
2014,"Higdon","Reggie Bush","DET","RB",43,0,37,11,2,11,NA,32.7,16,17,23,31,28,NA,19.9,50.3,74.7,67.4,NA
2010,"Harrington","Reggie Wayne","IND","WR",59,0,NA,NA,NA,NA,NA,11.9,3,NA,NA,NA,NA,NA,NA,NA,NA,NA,NA
2011,"Matovina","Reggie Wayne","IND","WR",51,0,59,NA,NA,NA,NA,33.8,11,3,NA,NA,NA,NA,11.9,NA,NA,NA,NA
2012,"Higdon","Reggie Wayne","IND","WR",9,0,51,59,NA,NA,NA,72.9,29,11,3,NA,NA,NA,33.8,11.9,NA,NA,NA
2013,"Kane","Reggie Wayne","IND","WR",25,0,9,51,59,NA,NA,46.1,16,29,11,3,NA,NA,72.9,33.8,11.9,NA,NA
2014,"Harrington","Reggie Wayne","IND","WR",9,0,25,9,51,59,NA,82.5,34,16,29,11,3,NA,46.1,72.9,33.8,11.9,NA
2010,"Thieneman","Ricky Williams","MIA","RB",21,0,NA,NA,NA,NA,NA,78.5,32,NA,NA,NA,NA,NA,NA,NA,NA,NA,NA
2011,"Thieneman","Ricky Williams","BAL","RB",1,0,21,NA,NA,NA,NA,161.4,58,32,NA,NA,NA,NA,78.5,NA,NA,NA,NA
2014,"Hartman","Riley Cooper","PHI","WR",8,0,NA,NA,NA,NA,NA,97.5,38,NA,NA,NA,NA,NA,NA,NA,NA,NA,NA
2010,"McShane","Robbie Gould","CHI","K",1,0,NA,NA,NA,NA,NA,170.6,10,NA,NA,NA,NA,NA,NA,NA,NA,NA,NA
2012,"Hartman","Robbie Gould","CHI","K",1,0,NA,1,NA,NA,NA,NA,NA,NA,NA,NA,NA,NA,NA,NA,NA,NA,NA
2014,"Ready","Robbie Gould","CHI","K",1,0,NA,1,NA,1,NA,NA,NA,NA,NA,NA,NA,NA,NA,NA,NA,NA,NA
2010,"Olson","Rob Bironas","TEN","K",2,0,NA,NA,NA,NA,NA,164.9,6,NA,NA,NA,NA,NA,NA,NA,NA,NA,NA
2011,"Matovina","Rob Bironas","TEN","K",7,0,2,NA,NA,NA,NA,NA,NA,NA,NA,NA,NA,NA,NA,NA,NA,NA,NA
2012,"McShane","Rob Bironas","TEN","K",1,0,7,2,NA,NA,NA,NA,NA,NA,NA,NA,NA,NA,NA,NA,NA,NA,NA
2012,"Ready","Robert Griffin III","WSH","QB",29,0,NA,NA,NA,NA,NA,94.9,14,NA,NA,NA,NA,NA,NA,NA,NA,NA,NA
2013,"Hartman","Robert Griffin III","WSH","QB",45,0,29,NA,NA,NA,NA,74.8,10,14,NA,NA,NA,NA,94.9,NA,NA,NA,NA
2014,"Hartman","Robert Griffin III","WSH","QB",50,0,45,29,NA,NA,NA,100.2,13,10,14,NA,NA,NA,74.8,94.9,NA,NA,NA
2010,"Harrington","Robert Meachem","NO","WR",11,0,NA,NA,NA,NA,NA,89.9,35,NA,NA,NA,NA,NA,NA,NA,NA,NA,NA
2011,"Matovina","Robert Meachem","NO","WR",7,0,11,NA,NA,NA,NA,135.6,51,35,NA,NA,NA,NA,89.9,NA,NA,NA,NA
2012,"McShane","Robert Meachem","SD","WR",15,0,7,11,NA,NA,NA,113.2,43,51,35,NA,NA,NA,135.6,89.9,NA,NA,NA
2011,"Harrington","Rob Gronkowski","NE","TE",1,0,NA,NA,NA,NA,NA,98.1,10,16,NA,NA,NA,NA,149.6,NA,NA,NA,NA
2014,"Matovina","Rob Gronkowski","NE","TE",41,0,NA,NA,1,NA,NA,30,3,2,2,10,16,NA,44.4,19.7,98.1,149.6,NA
2010,"McShane","Roddy White","ATL","WR",43,0,NA,NA,NA,NA,NA,16.6,6,NA,NA,NA,NA,NA,NA,NA,NA,NA,NA
2011,"Skrzyskewski","Roddy White","ATL","WR",60,0,43,NA,NA,NA,NA,12.9,3,6,NA,NA,NA,NA,16.6,NA,NA,NA,NA
2012,"Skrzyskewski","Roddy White","ATL","WR",57,0,60,43,NA,NA,NA,30.3,8,3,6,NA,NA,NA,12.9,16.6,NA,NA,NA
2013,"McShane","Roddy White","ATL","WR",51,0,57,60,43,NA,NA,35,10,8,3,6,NA,NA,30.3,12.9,16.6,NA,NA
2014,"Ready","Roddy White","ATL","WR",36,0,51,57,60,43,NA,38.4,14,10,8,3,6,NA,35,30.3,12.9,16.6,NA
2015,"McShane","Roddy White","ATL","WR",3,0,36,51,57,60,43,104.7,42,14,10,8,3,6,38.4,35,30.3,12.9,16.6
2010,"Skrzyskewski","Ronnie Brown","MIA","RB",19,0,NA,NA,NA,NA,NA,53.9,24,NA,NA,NA,NA,NA,NA,NA,NA,NA,NA
2011,"Regan","Ronnie Brown","PHI","RB",1,0,19,NA,NA,NA,NA,139.4,50,24,NA,NA,NA,NA,53.9,NA,NA,NA,NA
2013,"Thieneman","Ronnie Hillman","DEN","RB",1,0,NA,NA,NA,NA,NA,102.9,41,NA,NA,NA,NA,NA,NA,NA,NA,NA,NA
2015,"Kane","Ronnie Hillman","DEN","RB",1,0,NA,1,NA,NA,NA,108.6,43,56,41,NA,NA,NA,155.3,102.9,NA,NA,NA
2012,"Hartman","Royce Adams","NYJ","WR",1,0,NA,NA,NA,NA,NA,NA,NA,NA,NA,NA,NA,NA,NA,NA,NA,NA,NA
2012,"Harrington","Roy Helu","WSH","RB",8,0,NA,NA,NA,NA,NA,97.3,39,45.5,NA,NA,NA,NA,132.9,NA,NA,NA,NA
2013,"Harrington","Roy Helu","WSH","RB",1,0,8,NA,NA,NA,NA,142.4,53,39,45.5,NA,NA,NA,97.3,132.9,NA,NA,NA
2014,"Ready","Roy Helu","WSH","RB",1,0,1,8,NA,NA,NA,NA,NA,NA,NA,NA,NA,NA,NA,NA,NA,NA,NA
2011,"Matovina","Roy Williams","CHI","WR",6,0,NA,NA,NA,NA,NA,122.3,48,57,NA,NA,NA,NA,144.5,NA,NA,NA,NA
2012,"Ready","Rueben Randle","NYG","WR",2,0,NA,NA,NA,NA,NA,NA,NA,NA,NA,NA,NA,NA,NA,NA,NA,NA,NA
2013,"Ready","Rueben Randle","NYG","WR",2,0,2,NA,NA,NA,NA,129.1,50,NA,NA,NA,NA,NA,NA,NA,NA,NA,NA
2014,"Higdon","Rueben Randle","NYG","WR",1,0,2,2,NA,NA,NA,106.4,42,50,NA,NA,NA,NA,129.1,NA,NA,NA,NA
2015,"Matovina","Rueben Randle","NYG","WR",1,0,1,2,2,NA,NA,159.1,65,42,50,NA,NA,NA,106.4,129.1,NA,NA,NA
2012,"Shokunbi","Russell Wilson","SEA","QB",1,0,NA,NA,NA,NA,NA,119.5,18,NA,NA,NA,NA,NA,NA,NA,NA,NA,NA
2013,"Skrzyskewski","Ryan Broyles","DET","WR",2,0,NA,NA,NA,NA,NA,134.2,53,NA,NA,NA,NA,NA,NA,NA,NA,NA,NA
2011,"Olson","Ryan Fitzpatrick","BUF","QB",2,0,NA,NA,NA,NA,NA,152.7,23,NA,NA,NA,NA,NA,NA,NA,NA,NA,NA
2012,"Ready","Ryan Fitzpatrick","BUF","QB",6,0,2,NA,NA,NA,NA,NA,NA,NA,NA,NA,NA,NA,NA,NA,NA,NA,NA
2014,"McShane","Ryan Fitzpatrick","HOU","QB",16,0,NA,6,2,NA,NA,NA,NA,NA,NA,NA,NA,NA,NA,NA,NA,NA,NA
2015,"Higdon","Ryan Fitzpatrick","NYJ","QB",2,0,16,NA,6,2,NA,NA,NA,NA,NA,NA,NA,NA,NA,NA,NA,NA,NA
2010,"Olson","Ryan Grant","GB","RB",49,0,NA,NA,NA,NA,NA,28.5,13,NA,NA,NA,NA,NA,NA,NA,NA,NA,NA
2011,"Shokunbi","Ryan Grant","GB","RB",20,0,49,NA,NA,NA,NA,61.3,26,13,NA,NA,NA,NA,28.5,NA,NA,NA,NA
2010,"Higdon","Ryan Longwell","MIN","K",2,0,NA,NA,NA,NA,NA,162.7,5,NA,NA,NA,NA,NA,NA,NA,NA,NA,NA
2010,"Higdon","Ryan Mathews","SD","RB",21,0,NA,NA,NA,NA,NA,14.8,8,NA,NA,NA,NA,NA,NA,NA,NA,NA,NA
2011,"Regan","Ryan Mathews","SD","RB",25,0,21,NA,NA,NA,NA,44.4,20,8,NA,NA,NA,NA,14.8,NA,NA,NA,NA
2012,"Kane","Ryan Mathews","SD","RB",35,0,25,21,NA,NA,NA,20.4,13,20,8,NA,NA,NA,44.4,14.8,NA,NA,NA
2013,"Skrzyskewski","Ryan Mathews","SD","RB",10,0,35,25,21,NA,NA,48.7,26,13,20,8,NA,NA,20.4,44.4,14.8,NA,NA
2014,"McShane","Ryan Mathews","SD","RB",30,0,10,35,25,21,NA,42.7,21,26,13,20,8,NA,48.7,20.4,44.4,14.8,NA
2015,"Harrington","Ryan Mathews","PHI","RB",6,0,30,10,35,25,21,70.5,31,21,26,13,20,8,42.7,48.7,20.4,44.4,14.8
2013,"Olson","Ryan Tannehill","MIA","QB",9,0,NA,NA,NA,NA,NA,NA,NA,NA,NA,NA,NA,NA,NA,NA,NA,NA,NA
2015,"Skrzyskewski","Ryan Tannehill","MIA","QB",45,0,NA,9,NA,NA,NA,91.6,12,NA,NA,NA,NA,NA,NA,NA,NA,NA,NA
2011,"McShane","Ryan Torain","WSH","RB",4,0,NA,NA,NA,NA,NA,137.2,48,NA,NA,NA,NA,NA,NA,NA,NA,NA,NA
2010,"Skrzyskewski","Saints D/ST","NO","D/ST",1,0,NA,NA,NA,NA,NA,137,8,NA,NA,NA,NA,NA,NA,NA,NA,NA,NA
2011,"Kane","Saints D/ST","NO","D/ST",1,0,1,NA,NA,NA,NA,135.3,10,8,NA,NA,NA,NA,137,NA,NA,NA,NA
2014,"Regan","Saints D/ST","SAINTS ","D/ST",1,0,NA,NA,1,1,NA,160.5,11,NA,NA,10,8,NA,NA,NA,135.3,137,NA
2010,"McShane","Sam Bradford","STL","QB",1,0,NA,NA,NA,NA,NA,156.4,24,NA,NA,NA,NA,NA,NA,NA,NA,NA,NA
2012,"Regan","Sam Bradford","STL","QB",15,0,NA,1,NA,NA,NA,NA,NA,NA,NA,NA,NA,NA,NA,NA,NA,NA,NA
2013,"Higdon","Sam Bradford","STL","QB",17,0,15,NA,1,NA,NA,145.4,21,NA,14,24,NA,NA,NA,98.8,156.4,NA,NA
2015,"Hartman","Sam Bradford","PHI","QB",30,0,NA,17,15,NA,1,80.9,10,NA,21,NA,14,24,NA,145.4,NA,98.8,156.4
2010,"Thieneman","Sammy Morris","NE","RB",1,0,NA,NA,NA,NA,NA,NA,NA,NA,NA,NA,NA,NA,NA,NA,NA,NA,NA
2014,"Kane","Sammy Watkins","BUF","WR",16,0,NA,NA,NA,NA,NA,99.9,39,NA,NA,NA,NA,NA,NA,NA,NA,NA,NA
2015,"Higdon","Sammy Watkins","BUF","WR",22,0,16,NA,NA,NA,NA,61.1,26,39,NA,NA,NA,NA,99.9,NA,NA,NA,NA
2010,"Shokunbi","Santana Moss","WAS","WR",14,0,NA,NA,NA,NA,NA,72.2,27,NA,NA,NA,NA,NA,NA,NA,NA,NA,NA
2011,"Hartman","Santana Moss","WSH","WR",12,0,14,NA,NA,NA,NA,85.6,33,27,NA,NA,NA,NA,72.2,NA,NA,NA,NA
2010,"Regan","Santonio Holmes","NYJ","WR",13,0,NA,NA,NA,NA,NA,89.6,34,NA,NA,NA,NA,NA,NA,NA,NA,NA,NA
2011,"Olson","Santonio Holmes","NYJ","WR",23,0,13,NA,NA,NA,NA,45.9,17,34,NA,NA,NA,NA,89.6,NA,NA,NA,NA
2012,"Skrzyskewski","Santonio Holmes","NYJ","WR",9,0,23,13,NA,NA,NA,118.3,45,17,34,NA,NA,NA,45.9,89.6,NA,NA,NA
2012,"Kane","Seahawks D/ST","SEA","D/ST",3,0,NA,NA,NA,NA,NA,NA,NA,NA,NA,NA,NA,NA,NA,NA,NA,NA,NA
2013,"Hartman","Seahawks D/ST","SEAHAWKS ","D/ST",10,0,3,NA,NA,NA,NA,89.9,1,NA,NA,NA,NA,NA,NA,NA,NA,NA,NA
2014,"Hartman","Seahawks D/ST","SEAHAWKS ","D/ST",7,0,10,3,NA,NA,NA,85.2,1,1,NA,NA,NA,NA,89.9,NA,NA,NA,NA
2015,"Higdon","Seahawks D/ST","SEAHAWKS ","D/ST",6,0,7,10,3,NA,NA,97,1,1,1,NA,NA,NA,85.2,89.9,NA,NA,NA
2012,"Thieneman","Sebastian Janikowski","OAK","K",6,0,NA,NA,NA,NA,NA,135,2,2,9,NA,NA,NA,154.3,169.7,NA,NA,NA
2013,"McShane","Sebastian Janikowski","OAK","K",1,0,6,NA,NA,NA,NA,146,3,2,2,9,NA,NA,135,154.3,169.7,NA,NA
2012,"Kane","Shane Vereen","NE","RB",3,0,NA,NA,NA,NA,NA,NA,NA,NA,NA,NA,NA,NA,NA,NA,NA,NA,NA
2013,"Thieneman","Shane Vereen","NE","RB",15,0,3,NA,NA,NA,NA,65.8,30,NA,NA,NA,NA,NA,NA,NA,NA,NA,NA
2015,"Regan","Shane Vereen","NYG","RB",2,0,NA,15,3,NA,NA,94.8,40,17,30,NA,NA,NA,34.5,65.8,NA,NA,NA
2014,"Ready","Shaun Hill","STL","QB",1,0,NA,NA,NA,NA,NA,NA,NA,NA,NA,NA,NA,NA,NA,NA,NA,NA,NA
2010,"Harrington","Shonn Greene","NYJ","RB",55,0,NA,NA,NA,NA,NA,25,11,NA,NA,NA,NA,NA,NA,NA,NA,NA,NA
2011,"Hartman","Shonn Greene","NYJ","RB",44,0,55,NA,NA,NA,NA,33.8,17,11,NA,NA,NA,NA,25,NA,NA,NA,NA
2012,"Regan","Shonn Greene","NYJ","RB",21,0,44,55,NA,NA,NA,69.7,28,17,11,NA,NA,NA,33.8,25,NA,NA,NA
2013,"Ready","Shonn Greene","TEN","RB",2,0,21,44,55,NA,NA,153.8,56,28,17,11,NA,NA,69.7,33.8,25,NA,NA
2014,"Matovina","Shonn Greene","TEN","RB",1,0,2,21,44,55,NA,132.4,50,56,28,17,11,NA,153.8,69.7,33.8,25,NA
2010,"Thieneman","Sidney Rice","MIN","WR",37,0,NA,NA,NA,NA,NA,128,53,NA,NA,NA,NA,NA,NA,NA,NA,NA,NA
2011,"Ready","Sidney Rice","SEA","WR",13,0,37,NA,NA,NA,NA,82.7,31,53,NA,NA,NA,NA,128,NA,NA,NA,NA
2012,"Kane","Sidney Rice","SEA","WR",10,0,13,37,NA,NA,NA,105.8,40,31,53,NA,NA,NA,82.7,128,NA,NA,NA
2013,"Regan","Sidney Rice","SEA","WR",15,0,10,13,37,NA,NA,120.8,48,40,31,53,NA,NA,105.8,82.7,128,NA,NA
2010,"Thieneman","Steelers D/ST","PIT","D/ST",3,0,NA,NA,NA,NA,NA,122.8,5,NA,NA,NA,NA,NA,NA,NA,NA,NA,NA
2011,"Higdon","Steelers D/ST","PIT","D/ST",7,0,3,NA,NA,NA,NA,85.5,1,5,NA,NA,NA,NA,122.8,NA,NA,NA,NA
2012,"Regan","Steelers D/ST","PIT","D/ST",10,0,7,3,NA,NA,NA,NA,NA,NA,NA,NA,NA,NA,NA,NA,NA,NA,NA
2013,"Kane","Steelers D/ST","STEELERS ","D/ST",1,0,10,7,3,NA,NA,149.6,10,NA,1,5,NA,NA,NA,85.5,122.8,NA,NA
2010,"Kane","Stephen Gostkowski","NE","K",2,0,NA,NA,NA,NA,NA,150.8,4,NA,NA,NA,NA,NA,NA,NA,NA,NA,NA
2011,"Hartman","Stephen Gostkowski","NE","K",12,0,2,NA,NA,NA,NA,163.4,4,4,NA,NA,NA,NA,150.8,NA,NA,NA,NA
2012,"Higdon","Stephen Gostkowski","NE","K",2,0,12,2,NA,NA,NA,142.6,3,4,4,NA,NA,NA,163.4,150.8,NA,NA,NA
2013,"Shokunbi","Stephen Gostkowski","NE","K",3,0,2,12,2,NA,NA,137.8,1,3,4,4,NA,NA,142.6,163.4,150.8,NA,NA
2014,"McShane","Stephen Gostkowski","NE","K",10,0,3,2,12,2,NA,139.2,1,1,3,4,4,NA,137.8,142.6,163.4,150.8,NA
2015,"Shokunbi","Stephen Gostkowski","NE","K",7,0,10,3,2,12,2,144.2,1,1,1,3,4,4,139.2,137.8,142.6,163.4,150.8
2012,"Regan","Stevan Ridley","NE","RB",16,0,NA,NA,NA,NA,NA,56,24,54,NA,NA,NA,NA,151,NA,NA,NA,NA
2013,"Harrington","Stevan Ridley","NE","RB",69,0,16,NA,NA,NA,NA,17.5,15,24,54,NA,NA,NA,56,151,NA,NA,NA
2014,"McShane","Stevan Ridley","NE","RB",7,0,69,16,NA,NA,NA,88.2,36,15,24,54,NA,NA,17.5,56,151,NA,NA
2010,"Skrzyskewski","Steve Breaston","ARI","WR",11,0,NA,NA,NA,NA,NA,99.2,38,NA,NA,NA,NA,NA,NA,NA,NA,NA,NA
2011,"Shokunbi","Steve Johnson","BUF","WR",44,0,NA,NA,NA,NA,NA,52.3,20.5,NA,NA,NA,NA,NA,NA,NA,NA,NA,NA
2012,"Regan","Steve Johnson","BUF","WR",25,0,44,NA,NA,NA,NA,66.3,26,20.5,NA,NA,NA,NA,52.3,NA,NA,NA,NA
2013,"Ready","Steve Johnson","BUF","WR",11,0,25,44,NA,NA,NA,95.6,38,26,20.5,NA,NA,NA,66.3,52.3,NA,NA,NA
2014,"Higdon","Steven Hauschka","SEA","K",2,0,NA,NA,NA,NA,NA,149.3,2,NA,NA,NA,NA,NA,NA,NA,NA,NA,NA
2015,"McShane","Steven Hauschka","SEA","K",5,0,2,NA,NA,NA,NA,157.6,4,2,NA,NA,NA,NA,149.3,NA,NA,NA,NA
2010,"Matovina","Steven Jackson","STL","RB",94,0,NA,NA,NA,NA,NA,11.8,7,NA,NA,NA,NA,NA,NA,NA,NA,NA,NA
2011,"Regan","Steven Jackson","STL","RB",52,0,94,NA,NA,NA,NA,21.9,12,7,NA,NA,NA,NA,11.8,NA,NA,NA,NA
2012,"Skrzyskewski","Steven Jackson","STL","RB",66,0,52,94,NA,NA,NA,21.5,14,12,7,NA,NA,NA,21.9,11.8,NA,NA,NA
2013,"Harrington","Steven Jackson","ATL","RB",57,0,66,52,94,NA,NA,14.8,12,14,12,7,NA,NA,21.5,21.9,11.8,NA,NA
2014,"Hartman","Steven Jackson","ATL","RB",12,0,57,66,52,94,NA,77,31,12,14,12,7,NA,14.8,21.5,21.9,11.8,NA
2010,"Hartman","Steve Slaton","HOU","RB",1,0,NA,NA,NA,NA,NA,114.2,44,NA,NA,NA,NA,NA,NA,NA,NA,NA,NA
2010,"Higdon","Steve Smith","NYG","WR",26,0,NA,NA,NA,NA,NA,34.2,14,NA,NA,NA,NA,NA,NA,NA,NA,NA,NA
2010,"Thieneman","Steve Smith","CAR","WR",27,0,NA,NA,NA,NA,NA,34.2,14,NA,NA,NA,NA,NA,NA,NA,NA,NA,NA
2011,"McShane","Steve Smith","CAR","WR",14,0,27,NA,NA,NA,NA,139.6,53,NA,NA,NA,NA,NA,NA,NA,NA,NA,NA
2013,"Olson","Steve Smith","BAL","WR",23,0,NA,14,27,NA,NA,NA,NA,NA,NA,NA,NA,NA,NA,NA,NA,NA,NA
2014,"Thieneman","Steve Smith","BAL","WR",1,0,23,NA,14,27,NA,NA,NA,NA,NA,NA,NA,NA,NA,NA,NA,NA,NA
2015,"Higdon","Steve Smith Sr.","BAL","WR",8,0,NA,NA,NA,NA,NA,78.5,33,46,27,17,53,NA,113.2,68.8,47.1,139.6,NA
2010,"Skrzyskewski","Tarvaris Jackson","MIN","QB",1,0,NA,NA,NA,NA,NA,NA,NA,NA,NA,NA,NA,NA,NA,NA,NA,NA,NA
2011,"Skrzyskewski","Tarvaris Jackson","SEA","QB",1,0,1,NA,NA,NA,NA,NA,NA,NA,NA,NA,NA,NA,NA,NA,NA,NA,NA
2013,"Higdon","Tavon Austin","STL","WR",28,0,NA,NA,NA,NA,NA,82.8,32,NA,NA,NA,NA,NA,NA,NA,NA,NA,NA
2014,"Skrzyskewski","Tavon Austin","STL","WR",1,0,28,NA,NA,NA,NA,154.3,56,32,NA,NA,NA,NA,82.8,NA,NA,NA,NA
2014,"Regan","Teddy Bridgewater","MIN","QB",1,0,NA,NA,NA,NA,NA,NA,NA,NA,NA,NA,NA,NA,NA,NA,NA,NA,NA
2015,"Thieneman","Teddy Bridgewater","MIN","QB",35,0,1,NA,NA,NA,NA,121.7,16,NA,NA,NA,NA,NA,NA,NA,NA,NA,NA
2014,"Skrzyskewski","Terrance West","CLE","RB",1,0,NA,NA,NA,NA,NA,112.8,44,NA,NA,NA,NA,NA,NA,NA,NA,NA,NA
2014,"Hartman","Terrance Williams","DAL","WR",6,0,NA,NA,NA,NA,NA,80.9,33,NA,NA,NA,NA,NA,NA,NA,NA,NA,NA
2010,"Shokunbi","Terrell Owens","CIN","WR",5,0,NA,NA,NA,NA,NA,67.6,26,NA,NA,NA,NA,NA,NA,NA,NA,NA,NA
2011,"Hartman","Terrell Owens","FA","WR",2,0,5,NA,NA,NA,NA,NA,NA,NA,NA,NA,NA,NA,NA,NA,NA,NA,NA
2015,"Thieneman","Tevin Coleman","ATL","RB",3,0,NA,NA,NA,NA,NA,84.5,36,NA,NA,NA,NA,NA,NA,NA,NA,NA,NA
2010,"Hartman","Texans D/ST","HOU","D/ST",1,0,NA,NA,NA,NA,NA,NA,NA,NA,NA,NA,NA,NA,NA,NA,NA,NA,NA
2012,"Higdon","Texans D/ST","HOU","D/ST",6,0,NA,1,NA,NA,NA,NA,NA,NA,NA,NA,NA,NA,NA,NA,NA,NA,NA
2013,"Higdon","Texans D/ST","TEXANS ","D/ST",6,0,6,NA,1,NA,NA,106.4,4,NA,NA,NA,NA,NA,NA,NA,NA,NA,NA
2015,"Thieneman","Texans D/ST","TEXANS ","D/ST",6,0,NA,6,6,NA,1,105.8,2,9,4,NA,NA,NA,146.6,106.4,NA,NA,NA
2010,"Ready","Thomas Jones","KC","RB",11,0,NA,NA,NA,NA,NA,94,38,NA,NA,NA,NA,NA,NA,NA,NA,NA,NA
2011,"Regan","Thomas Jones","KC","RB",2,0,11,NA,NA,NA,NA,136.4,47,38,NA,NA,NA,NA,94,NA,NA,NA,NA
2011,"Matovina","Tiki Barber","FA","RB",4,0,NA,NA,NA,NA,NA,NA,NA,NA,NA,NA,NA,NA,NA,NA,NA,NA,NA
2010,"Hartman","Tim Hightower","ARI","RB",1,0,NA,NA,NA,NA,NA,96.6,39,NA,NA,NA,NA,NA,NA,NA,NA,NA,NA
2011,"Skrzyskewski","Tim Hightower","WSH","RB",29,0,1,NA,NA,NA,NA,55,24,39,NA,NA,NA,NA,96.6,NA,NA,NA,NA
2010,"Harrington","Tim Tebow","DEN","QB",2,0,NA,NA,NA,NA,NA,NA,NA,NA,NA,NA,NA,NA,NA,NA,NA,NA,NA
2012,"Matovina","Tim Tebow","NYJ","QB",2,0,NA,2,NA,NA,NA,NA,NA,NA,NA,NA,NA,NA,NA,NA,NA,NA,NA
2011,"Ready","Titus Young","DET","WR",2,0,NA,NA,NA,NA,NA,NA,NA,NA,NA,NA,NA,NA,NA,NA,NA,NA,NA
2012,"McShane","Titus Young","DET","WR",4,0,2,NA,NA,NA,NA,82,33,NA,NA,NA,NA,NA,NA,NA,NA,NA,NA
2010,"Olson","T.J. Houshmandzadeh","BAL","WR",8,0,NA,NA,NA,NA,NA,81.1,32,NA,NA,NA,NA,NA,NA,NA,NA,NA,NA
2015,"Shokunbi","T.J. Yeldon","JAC","RB",20,0,NA,NA,NA,NA,NA,58.9,27,NA,NA,NA,NA,NA,NA,NA,NA,NA,NA
2012,"Harrington","Toby Gerhart","MIN","RB",7,0,NA,NA,NA,NA,NA,103.3,42,NA,55,NA,NA,NA,NA,153.4,NA,NA,NA
2014,"McShane","Toby Gerhart","JAC","RB",20,0,NA,7,NA,NA,NA,39.1,19,NA,42,NA,55,NA,NA,103.3,NA,153.4,NA
2015,"Olson","Todd Gurley","STL","RB",13,0,NA,NA,NA,NA,NA,54,26,NA,NA,NA,NA,NA,NA,NA,NA,NA,NA
2010,"Hartman","Tom Brady","NE","QB",77,0,NA,NA,NA,NA,NA,25.2,4,NA,NA,NA,NA,NA,NA,NA,NA,NA,NA
2012,"Harrington","Tom Brady","NE","QB",108,0,NA,77,NA,NA,NA,4.6,2,3,4,NA,NA,NA,18.8,25.2,NA,NA,NA
2013,"Skrzyskewski","Tom Brady","NE","QB",93,0,108,NA,77,NA,NA,42.5,4,2,3,4,NA,NA,4.6,18.8,25.2,NA,NA
2014,"Shokunbi","Tom Brady","NE","QB",68,0,93,108,NA,77,NA,52.4,6,4,2,3,4,NA,42.5,4.6,18.8,25.2,NA
2015,"McShane","Tom Brady","NE","QB",87,0,68,93,108,NA,77,64.4,7,6,4,2,3,4,52.4,42.5,4.6,18.8,25.2
2010,"Higdon","Tony Gonzalez","ATL","TE",14,0,NA,NA,NA,NA,NA,64.9,7,NA,NA,NA,NA,NA,NA,NA,NA,NA,NA
2011,"Ready","Tony Gonzalez","ATL","TE",6,0,14,NA,NA,NA,NA,76.4,8,7,NA,NA,NA,NA,64.9,NA,NA,NA,NA
2012,"Thieneman","Tony Gonzalez","ATL","TE",8,0,6,14,NA,NA,NA,90.4,10,8,7,NA,NA,NA,76.4,64.9,NA,NA,NA
2013,"Higdon","Tony Gonzalez","ATL","TE",20,0,8,6,14,NA,NA,66.2,5,10,8,7,NA,NA,90.4,76.4,64.9,NA,NA
2010,"Shokunbi","Tony Romo","DAL","QB",39,0,NA,NA,NA,NA,NA,35,6,NA,NA,NA,NA,NA,NA,NA,NA,NA,NA
2011,"Shokunbi","Tony Romo","DAL","QB",40,0,39,NA,NA,NA,NA,41.4,6,6,NA,NA,NA,NA,35,NA,NA,NA,NA
2012,"Shokunbi","Tony Romo","DAL","QB",48,0,40,39,NA,NA,NA,62.6,10,6,6,NA,NA,NA,41.4,35,NA,NA,NA
2013,"Regan","Tony Romo","DAL","QB",67,0,48,40,39,NA,NA,79.7,11,10,6,6,NA,NA,62.6,41.4,35,NA,NA
2014,"Regan","Tony Romo","DAL","QB",64,0,67,48,40,39,NA,83,10,11,10,6,6,NA,79.7,62.6,41.4,35,NA
2015,"Regan","Tony Romo","DAL","QB",70,0,64,67,48,40,39,77.4,9,10,11,10,6,6,83,79.7,62.6,41.4,35
2013,"Higdon","Torrey Smith","BAL","WR",31,0,NA,NA,NA,NA,NA,53.8,20,23,NA,NA,NA,NA,61.8,NA,NA,NA,NA
2014,"Olson","Torrey Smith","BAL","WR",25,0,31,NA,NA,NA,NA,59.6,25,20,23,NA,NA,NA,53.8,61.8,NA,NA,NA
2015,"Harrington","Torrey Smith","SF","WR",4,0,25,31,NA,NA,NA,124.4,50,25,20,23,NA,NA,59.6,53.8,61.8,NA,NA
2015,"Kane","Travis Kelce","KC","TE",17,0,NA,NA,NA,NA,NA,55.7,4,18,NA,NA,NA,NA,154.2,NA,NA,NA,NA
2015,"Hartman","Tre Mason","STL","RB",3,0,NA,NA,NA,NA,NA,90.2,38,NA,NA,NA,NA,NA,NA,NA,NA,NA,NA
2012,"Olson","Trent Richardson","CLE","RB",24,0,NA,NA,NA,NA,NA,28.5,16,NA,NA,NA,NA,NA,NA,NA,NA,NA,NA
2014,"Thieneman","Trent Richardson","IND","RB",4,0,NA,24,NA,NA,NA,67.2,29,8,16,NA,NA,NA,7.7,28.5,NA,NA,NA
2010,"Harrington","Troy Williamson","FA","WR",2,0,NA,NA,NA,NA,NA,NA,NA,NA,NA,NA,NA,NA,NA,NA,NA,NA,NA
2013,"Higdon","T.Y. Hilton","IND","WR",7,0,NA,NA,NA,NA,NA,63.3,25,NA,NA,NA,NA,NA,NA,NA,NA,NA,NA
2014,"Shokunbi","T.Y. Hilton","IND","WR",15,0,7,NA,NA,NA,NA,58.7,24,25,NA,NA,NA,NA,63.3,NA,NA,NA,NA
2015,"Harrington","T.Y. Hilton","IND","WR",57,0,15,7,NA,NA,NA,23.8,9,24,25,NA,NA,NA,58.7,63.3,NA,NA,NA
2015,"Shokunbi","Tyler Eifert","CIN","TE",5,0,NA,NA,NA,NA,NA,98.2,9,NA,17,NA,NA,NA,NA,152.1,NA,NA,NA
2015,"Shokunbi","Tyrod Taylor","BUF","QB",7,0,NA,NA,NA,NA,NA,147.3,20,NA,NA,NA,NA,NA,NA,NA,NA,NA,NA
2010,"Shokunbi","Vernon Davis","SF","TE",22,0,NA,NA,NA,NA,NA,52,4,NA,NA,NA,NA,NA,NA,NA,NA,NA,NA
2011,"McShane","Vernon Davis","SF","TE",17,0,22,NA,NA,NA,NA,59,5,4,NA,NA,NA,NA,52,NA,NA,NA,NA
2012,"Higdon","Vernon Davis","SF","TE",24,0,17,22,NA,NA,NA,56.4,5,5,4,NA,NA,NA,59,52,NA,NA,NA
2013,"Kane","Vernon Davis","SF","TE",15,0,24,17,22,NA,NA,56.2,3,5,5,4,NA,NA,56.4,59,52,NA,NA
2014,"Higdon","Vernon Davis","SF","TE",24,0,15,24,17,22,NA,55.6,4,3,5,5,4,NA,56.2,56.4,59,52,NA
2013,"McShane","Vick Ballard","IND","RB",7,0,NA,NA,NA,NA,NA,120.4,45,NA,NA,NA,NA,NA,NA,NA,NA,NA,NA
2012,"Kane","Victor Cruz","NYG","WR",36,0,NA,NA,NA,NA,NA,32.5,10,NA,NA,NA,NA,NA,NA,NA,NA,NA,NA
2013,"Shokunbi","Victor Cruz","NYG","WR",36,0,36,NA,NA,NA,NA,36.5,11,10,NA,NA,NA,NA,32.5,NA,NA,NA,NA
2014,"Kane","Victor Cruz","NYG","WR",42,0,36,36,NA,NA,NA,43.3,17,11,10,NA,NA,NA,36.5,32.5,NA,NA,NA
2015,"Ready","Victor Cruz","NYG","WR",1,0,42,36,36,NA,NA,83.2,34,17,11,10,NA,NA,43.3,36.5,32.5,NA,NA
2010,"Ready","Vikings D/ST","MIN","D/ST",2,0,NA,NA,NA,NA,NA,98.3,2,NA,NA,NA,NA,NA,NA,NA,NA,NA,NA
2015,"McShane","Vikings D/ST","VIKINGS ","D/ST",2,0,NA,NA,NA,NA,2,166.7,16,NA,NA,NA,14,2,NA,NA,NA,169.3,98.3
2013,"Ready","Vincent Brown","SD","WR",2,0,NA,NA,NA,NA,NA,115.8,45,NA,NA,NA,NA,NA,NA,NA,NA,NA,NA
2010,"Olson","Vincent Jackson","SD","WR",29,0,NA,NA,NA,NA,NA,87.2,33,NA,NA,NA,NA,NA,NA,NA,NA,NA,NA
2011,"McShane","Vincent Jackson","SD","WR",55,0,29,NA,NA,NA,NA,18,5,33,NA,NA,NA,NA,87.2,NA,NA,NA,NA
2012,"Thieneman","Vincent Jackson","TB","WR",26,0,55,29,NA,NA,NA,67.8,27,5,33,NA,NA,NA,18,87.2,NA,NA,NA
2013,"Skrzyskewski","Vincent Jackson","TB","WR",36,0,26,55,29,NA,NA,38.4,12,27,5,33,NA,NA,67.8,18,87.2,NA,NA
2014,"McShane","Vincent Jackson","TB","WR",42,0,36,26,55,29,NA,35.5,13,12,27,5,33,NA,38.4,67.8,18,87.2,NA
2015,"Matovina","Vincent Jackson","TB","WR",15,0,42,36,26,55,29,73.9,31,13,12,27,5,33,35.5,38.4,67.8,18,87.2
2010,"Olson","Vince Young","TEN","QB",2,0,NA,NA,NA,NA,NA,138.7,20,NA,NA,NA,NA,NA,NA,NA,NA,NA,NA
2010,"Regan","Visanthe Shiancoe","MIN","TE",11,0,NA,NA,NA,NA,NA,96.7,10,NA,NA,NA,NA,NA,NA,NA,NA,NA,NA
2010,"Thieneman","Wes Welker","NE","WR",26,0,NA,NA,NA,NA,NA,28.2,12,NA,NA,NA,NA,NA,NA,NA,NA,NA,NA
2013,"Harrington","Wes Welker","DEN","WR",26,0,NA,NA,26,NA,NA,46.6,17,9,16,12,NA,NA,31.1,43.2,28.2,NA,NA
2014,"Olson","Wes Welker","DEN","WR",4,0,26,NA,NA,26,NA,70.3,29,17,9,16,12,NA,46.6,31.1,43.2,28.2,NA
2011,"Kane","Willis McGahee","DEN","RB",1,0,NA,NA,NA,NA,NA,109.3,42,48,NA,NA,NA,NA,136.6,NA,NA,NA,NA
2012,"Skrzyskewski","Willis McGahee","DEN","RB",23,0,1,NA,NA,NA,NA,42.5,21,42,48,NA,NA,NA,109.3,136.6,NA,NA,NA
2015,"Harrington","Zach Ertz","PHI","TE",4,0,NA,NA,NA,NA,NA,132.2,13,11,NA,NA,NA,NA,96.3,NA,NA,NA,NA
2010,"Ready","Zach Miller","OAK","TE",2,0,NA,NA,NA,NA,NA,105.4,11,NA,NA,NA,NA,NA,NA,NA,NA,NA,NA
2011,"McShane","Zach Miller","SEA","TE",2,0,2,NA,NA,NA,NA,121.4,12,11,NA,NA,NA,NA,105.4,NA,NA,NA,NA
