"","X","year","owner","player","team","pos","value","keeper","first_name","lag1","lag2","lag3","lag4","lag5"
"1",102,2010,"McShane","49ers D/ST","SF","D/ST",3,0,"49ers",NA,NA,NA,NA,NA
"2",501,2012,"Thieneman","49ers D/ST","SF","D/ST",14,0,"49ers",NA,3,NA,NA,NA
"3",696,2013,"Thieneman","49ers D/ST","49ers ","D/ST",10,0,"49ers",14,NA,3,NA,NA
"4",875,2014,"McShane","49ers D/ST","49ers ","D/ST",7,0,"49ers",10,14,NA,3,NA
"5",502,2012,"Thieneman","Aaron Hernandez","NE","TE",18,0,"Aaron",NA,NA,NA,NA,NA
"6",66,2010,"Regan","Aaron Rodgers","GB","QB",86,0,"Aaron",NA,NA,NA,NA,NA
"7",708,2013,"Matovina","Aaron Rodgers","GB","QB",106,0,"Aaron",NA,NA,86,NA,NA
"8",915,2014,"Ready","Aaron Rodgers","GB","QB",109,0,"Aaron",106,NA,NA,86,NA
"9",980,2015,"Kane","Aaron Rodgers","GB","QB",104,0,"Aaron",109,106,NA,NA,86
"10",240,2011,"Harrington","Adam Vinatieri","Ind","K",1,0,"Adam",NA,NA,NA,NA,NA
"11",799,2014,"Kane","Adam Vinatieri","Ind","K",1,0,"Adam",NA,NA,1,NA,NA
"12",1135,2015,"Skrzyskewski","Adam Vinatieri","Ind","K",1,0,"Adam",1,NA,NA,1,NA
"13",177,2010,"Olson","Adrian Peterson","Min","RB",107,0,"Adrian",NA,NA,NA,NA,NA
"14",339,2011,"Ready","Adrian Peterson","Min","RB",102,0,"Adrian",107,NA,NA,NA,NA
"15",564,2012,"Olson","Adrian Peterson","Min","RB",66,0,"Adrian",102,107,NA,NA,NA
"16",884,2014,"Thieneman","Adrian Peterson","Min","RB",97,0,"Adrian",NA,66,102,107,NA
"17",141,2010,"Matovina","Ahmad Bradshaw","NYG","RB",1,0,"Ahmad",NA,NA,NA,NA,NA
"18",471,2012,"Shokunbi","Ahmad Bradshaw","NYG","RB",55,0,"Ahmad",NA,1,NA,NA,NA
"19",600,2013,"Kane","Ahmad Bradshaw","Ind","RB",20,0,"Ahmad",55,NA,1,NA,NA
"20",955,2014,"Olson","Ahmad Bradshaw","Ind","RB",1,0,"Ahmad",20,55,NA,1,NA
"21",203,2011,"Hartman","A.J. Green","Cin","WR",11,0,"A.J.",NA,NA,NA,NA,NA
"22",804,2014,"Harrington","A.J. Green","Cin","WR",81,0,"A.J.",NA,NA,11,NA,NA
"23",1107,2015,"Ready","A.J. Green","Cin","WR",80,0,"A.J.",81,NA,NA,11,NA
"24",223,2011,"Kane","Alex Henery","Phi","K",1,0,"Alex",NA,NA,NA,NA,NA
"25",557,2012,"Skrzyskewski","Alex Henery","Phi","K",1,0,"Alex",1,NA,NA,NA,NA
"26",79,2010,"Regan","Alex Smith","SF","QB",2,0,"Alex",NA,NA,NA,NA,NA
"27",485,2012,"McShane","Alex Smith","SF","QB",12,0,"Alex",NA,2,NA,NA,NA
"28",727,2013,"Ready","Alex Smith","KC","QB",10,0,"Alex",12,NA,2,NA,NA
"29",806,2014,"Harrington","Alex Smith","KC","QB",13,0,"Alex",10,12,NA,2,NA
"30",1033,2015,"Regan","Alex Smith","KC","QB",14,0,"Alex",13,10,12,NA,2
"31",968,2015,"Hartman","Alfred Blue","Hou","RB",10,0,"Alfred",NA,NA,NA,NA,NA
"32",1146,2015,"Olson","Allen Robinson","Jac","WR",29,0,"Allen",NA,NA,NA,NA,NA
"33",478,2012,"Shokunbi","Alshon Jeffery","Chi","WR",1,0,"Alshon",NA,NA,NA,NA,NA
"34",618,2013,"Harrington","Alshon Jeffery","Chi","WR",4,0,"Alshon",1,NA,NA,NA,NA
"35",1139,2015,"Olson","Alshon Jeffery","Chi","WR",44,0,"Alshon",NA,4,1,NA,NA
"36",1015,2015,"Higdon","Amari Cooper","Oak","WR",20,0,"Amari",NA,NA,NA,NA,NA
"37",1130,2015,"Skrzyskewski","Ameer Abdullah","Det","RB",11,0,"Ameer",NA,NA,NA,NA,NA
"38",716,2013,"Matovina","Andre Brown","Hou","RB",1,0,"Andre",NA,NA,NA,NA,NA
"39",935,2014,"Skrzyskewski","Andre Ellington","Ari","RB",37,0,"Andre",NA,NA,NA,NA,NA
"40",1126,2015,"Skrzyskewski","Andre Ellington","Ari","RB",15,0,"Andre",37,NA,NA,NA,NA
"41",212,2011,"Kane","Andre Johnson","Hou","WR",71,0,"Andre",NA,NA,NA,NA,NA
"42",517,2012,"Matovina","Andre Johnson","Hou","WR",47,0,"Andre",71,NA,NA,NA,NA
"43",870,2014,"McShane","Andre Johnson","Hou","WR",46,0,"Andre",NA,47,71,NA,NA
"44",1096,2015,"Matovina","Andre Johnson","Ind","WR",20,0,"Andre",46,NA,47,71,NA
"45",384,2011,"Olson","Andre Roberts","Ari","WR",1,0,"Andre",NA,NA,NA,NA,NA
"46",654,2013,"Regan","Andre Roberts","Wsh","WR",1,0,"Andre",NA,1,NA,NA,NA
"47",940,2014,"Skrzyskewski","Andre Williams","NYG","RB",2,0,"Andre",NA,NA,NA,NA,NA
"48",1117,2015,"Ready","Andre Williams","NYG","RB",1,0,"Andre",2,NA,NA,NA,NA
"49",499,2012,"Thieneman","Andrew Luck","Ind","QB",31,0,"Andrew",NA,NA,NA,NA,NA
"50",567,2012,"Olson","Andy Dalton","Cin","QB",11,0,"Andy",NA,NA,NA,NA,NA
"51",585,2013,"Hartman","Andy Dalton","Cin","QB",20,0,"Andy",11,NA,NA,NA,NA
"52",869,2014,"McShane","Andy Dalton","Cin","QB",28,0,"Andy",20,11,NA,NA,NA
"53",967,2015,"Hartman","Andy Dalton","Cin","QB",8,0,"Andy",28,20,11,NA,NA
"54",133,2010,"Matovina","Anquan Boldin","Bal","WR",28,0,"Anquan",NA,NA,NA,NA,NA
"55",263,2011,"Regan","Anquan Boldin","Bal","WR",28,0,"Anquan",28,NA,NA,NA,NA
"56",425,2012,"Harrington","Anquan Boldin","Bal","WR",18,0,"Anquan",28,28,NA,NA,NA
"57",666,2013,"Shokunbi","Anquan Boldin","SF","WR",18,0,"Anquan",18,28,28,NA,NA
"58",889,2014,"Thieneman","Anquan Boldin","SF","WR",4,0,"Anquan",18,18,28,28,NA
"59",986,2015,"Kane","Anquan Boldin","SF","WR",6,0,"Anquan",4,18,18,28,28
"60",400,2012,"Hartman","Anthony Allen","Bal","RB",1,0,"Anthony",NA,NA,NA,NA,NA
"61",30,2010,"Kane","Anthony Gonzalez","Ind","WR",1,0,"Anthony",NA,NA,NA,NA,NA
"62",383,2011,"Olson","Antonio Brown","Pit","WR",3,0,"Antonio",NA,NA,NA,NA,NA
"63",602,2013,"Kane","Antonio Brown","Pit","WR",30,0,"Antonio",NA,3,NA,NA,NA
"64",932,2014,"Skrzyskewski","Antonio Brown","Pit","WR",57,0,"Antonio",30,NA,3,NA,NA
"65",1123,2015,"Skrzyskewski","Antonio Brown","Pit","WR",77,0,"Antonio",57,30,NA,3,NA
"66",187,2010,"Olson","Antonio Bryant","FA","WR",1,0,"Antonio",NA,NA,NA,NA,NA
"67",122,2010,"Thieneman","Antonio Gates","SD","TE",24,0,"Antonio",NA,NA,NA,NA,NA
"68",326,2011,"Matovina","Antonio Gates","SD","TE",41,0,"Antonio",24,NA,NA,NA,NA
"69",390,2012,"Hartman","Antonio Gates","SD","TE",21,0,"Antonio",41,24,NA,NA,NA
"70",709,2013,"Matovina","Antonio Gates","SD","TE",9,0,"Antonio",21,41,24,NA,NA
"71",94,2010,"Shokunbi","Arian Foster","Hou","RB",2,0,"Arian",NA,NA,NA,NA,NA
"72",1145,2015,"Olson","Arian Foster","Hou","RB",23,0,"Arian",NA,NA,NA,NA,2
"73",216,2011,"Kane","Austin Collie","Ind","WR",17,0,"Austin",NA,NA,NA,NA,NA
"74",179,2010,"Olson","Beanie Wells","Ari","RB",40,0,"Beanie",NA,NA,NA,NA,NA
"75",358,2011,"Skrzyskewski","Beanie Wells","Ari","RB",25,0,"Beanie",40,NA,NA,NA,NA
"76",438,2012,"Higdon","Beanie Wells","Ari","RB",18,0,"Beanie",25,40,NA,NA,NA
"77",368,2011,"Skrzyskewski","Bears D/ST","Chi","D/ST",16,0,"Bears",NA,NA,NA,NA,NA
"78",521,2012,"Matovina","Bears D/ST","Chi","D/ST",2,0,"Bears",16,NA,NA,NA,NA
"79",670,2013,"Shokunbi","Bears D/ST","Bears ","D/ST",6,0,"Bears",2,16,NA,NA,NA
"80",31,2010,"Kane","Bengals D/ST","Cin","D/ST",1,0,"Bengals",NA,NA,NA,NA,NA
"81",575,2012,"Olson","Bengals D/ST","Cin","D/ST",1,0,"Bengals",NA,1,NA,NA,NA
"82",646,2013,"Regan","Bengals D/ST","Bengals ","D/ST",4,0,"Bengals",1,NA,1,NA,NA
"83",861,2014,"Shokunbi","Bengals D/ST","Bengals ","D/ST",3,0,"Bengals",4,1,NA,1,NA
"84",202,2011,"Hartman","BenJarvus Green-Ellis","NE","RB",23,0,"BenJarvus",NA,NA,NA,NA,NA
"85",392,2012,"Hartman","BenJarvus Green-Ellis","Cin","RB",22,0,"BenJarvus",23,NA,NA,NA,NA
"86",631,2013,"Higdon","BenJarvus Green-Ellis","Cin","RB",6,0,"BenJarvus",22,23,NA,NA,NA
"87",810,2014,"Harrington","Benny Cunningham","StL","RB",1,0,"Benny",NA,NA,NA,NA,NA
"88",132,2010,"Matovina","Ben Roethlisberger","Pit","QB",7,0,"Ben",NA,NA,NA,NA,NA
"89",788,2014,"Kane","Ben Roethlisberger","Pit","QB",36,0,"Ben",NA,NA,NA,7,NA
"90",1011,2015,"Higdon","Ben Roethlisberger","Pit","QB",70,0,"Ben",36,NA,NA,NA,7
"91",488,2012,"McShane","Ben Tate","Hou","RB",10,0,"Ben",NA,NA,NA,NA,NA
"92",683,2013,"McShane","Ben Tate","Cle","RB",4,0,"Ben",10,NA,NA,NA,NA
"93",933,2014,"Skrzyskewski","Ben Tate","Cle","RB",43,0,"Ben",4,10,NA,NA,NA
"94",9,2010,"Hartman","Bernard Berrian","Min","WR",1,0,"Bernard",NA,NA,NA,NA,NA
"95",590,2013,"Hartman","Bernard Pierce","Bal","RB",4,0,"Bernard",NA,NA,NA,NA,NA
"96",908,2014,"Matovina","Bernard Pierce","Bal","RB",1,0,"Bernard",4,NA,NA,NA,NA
"97",184,2010,"Olson","Bernard Scott","Cin","RB",2,0,"Bernard",NA,NA,NA,NA,NA
"98",413,2012,"Kane","Bernard Scott","Cin","RB",1,0,"Bernard",NA,2,NA,NA,NA
"99",394,2012,"Hartman","Bills D/ST","Buf","D/ST",1,0,"Bills",NA,NA,NA,NA,NA
"100",1030,2015,"Regan","Bills D/ST","Bills ","D/ST",5,0,"Bills",NA,NA,1,NA,NA
"101",351,2011,"Ready","Billy Cundiff","Bal","K",1,0,"Billy",NA,NA,NA,NA,NA
"102",825,2014,"Higdon","Bishop Sankey","Ten","RB",5,0,"Bishop",NA,NA,NA,NA,NA
"103",1150,2015,"Olson","Bishop Sankey","Ten","RB",1,0,"Bishop",5,NA,NA,NA,NA
"104",718,2013,"Matovina","Blaine Gabbert","SF","QB",1,0,"Blaine",NA,NA,NA,NA,NA
"105",635,2013,"Higdon","Blair Walsh","Min","K",2,0,"Blair",NA,NA,NA,NA,NA
"106",815,2014,"Harrington","Blair Walsh","Min","K",1,0,"Blair",2,NA,NA,NA,NA
"107",1036,2015,"Regan","Blair Walsh","Min","K",1,0,"Blair",1,2,NA,NA,NA
"108",829,2014,"Higdon","Blake Bortles","Jac","QB",1,0,"Blake",NA,NA,NA,NA,NA
"109",1066,2015,"McShane","Blake Bortles","Jac","QB",8,0,"Blake",1,NA,NA,NA,NA
"110",860,2014,"Shokunbi","Brandin Cooks","NO","WR",13,0,"Brandin",NA,NA,NA,NA,NA
"111",1091,2015,"Matovina","Brandin Cooks","NO","WR",37,0,"Brandin",13,NA,NA,NA,NA
"112",70,2010,"Regan","Brandon Jacobs","NYG","RB",16,0,"Brandon",NA,NA,NA,NA,NA
"113",248,2011,"Higdon","Brandon Jacobs","NYG","RB",4,0,"Brandon",16,NA,NA,NA,NA
"114",704,2013,"Thieneman","Brandon LaFell","NE","WR",1,0,"Brandon",NA,NA,NA,NA,NA
"115",420,2012,"Harrington","Brandon Lloyd","NE","WR",29,0,"Brandon",NA,NA,NA,NA,NA
"116",81,2010,"Shokunbi","Brandon Marshall","Mia","WR",47,0,"Brandon",NA,NA,NA,NA,NA
"117",312,2011,"Thieneman","Brandon Marshall","Mia","WR",33,0,"Brandon",47,NA,NA,NA,NA
"118",531,2012,"Ready","Brandon Marshall","Chi","WR",40,0,"Brandon",33,47,NA,NA,NA
"119",724,2013,"Ready","Brandon Marshall","Chi","WR",45,0,"Brandon",40,33,47,NA,NA
"120",773,2014,"Hartman","Brandon Marshall","Chi","WR",74,0,"Brandon",45,40,33,47,NA
"121",1127,2015,"Skrzyskewski","Brandon Marshall","NYJ","WR",20,0,"Brandon",74,45,40,33,47
"122",1151,2015,"Olson","Brandon McManus","Den","K",1,0,"Brandon",NA,NA,NA,NA,NA
"123",604,2013,"Kane","Brandon Myers","TB","TE",8,0,"Brandon",NA,NA,NA,NA,NA
"124",365,2011,"Skrzyskewski","Brandon Pettigrew","Det","TE",12,0,"Brandon",NA,NA,NA,NA,NA
"125",492,2012,"McShane","Brandon Pettigrew","Det","TE",27,0,"Brandon",12,NA,NA,NA,NA
"126",623,2013,"Harrington","Brandon Pettigrew","Det","TE",1,0,"Brandon",27,12,NA,NA,NA
"127",761,2013,"Olson","Brandon Weeden","Dal","QB",7,0,"Brandon",NA,NA,NA,NA,NA
"128",26,2010,"Kane","Braylon Edwards","NYJ","WR",9,0,"Braylon",NA,NA,NA,NA,NA
"129",253,2011,"Higdon","Braylon Edwards","SF","WR",3,0,"Braylon",9,NA,NA,NA,NA
"130",169,2010,"Skrzyskewski","Brent Celek","Phi","TE",18,0,"Brent",NA,NA,NA,NA,NA
"131",542,2012,"Ready","Brent Celek","Phi","TE",1,0,"Brent",NA,18,NA,NA,NA
"132",116,2010,"Thieneman","Brett Favre","Min","QB",40,0,"Brett",NA,NA,NA,NA,NA
"133",126,2010,"Thieneman","Brian Brohm","Buf","QB",1,0,"Brian",NA,NA,NA,NA,NA
"134",808,2014,"Harrington","Brian Hoyer","Cle","QB",1,0,"Brian",NA,NA,NA,NA,NA
"135",1039,2015,"Regan","Brian Hoyer","Hou","QB",2,0,"Brian",1,NA,NA,NA,NA
"136",1055,2015,"Shokunbi","Brian Quick","StL","WR",3,0,"Brian",NA,NA,NA,NA,NA
"137",142,2010,"Matovina","Broncos D/ST","Den","D/ST",1,0,"Broncos",NA,NA,NA,NA,NA
"138",765,2013,"Olson","Broncos D/ST","Broncos ","D/ST",1,0,"Broncos",NA,NA,1,NA,NA
"139",893,2014,"Thieneman","Broncos D/ST","Broncos ","D/ST",1,0,"Broncos",1,NA,NA,1,NA
"140",1134,2015,"Skrzyskewski","Broncos D/ST","Broncos ","D/ST",1,0,"Broncos",1,1,NA,NA,1
"141",745,2013,"Skrzyskewski","Bryce Brown","Phi","RB",8,0,"Bryce",NA,NA,NA,NA,NA
"142",717,2013,"Matovina","Buccaneers D/ST","Buccaneers ","D/ST",1,0,"Buccaneers",NA,NA,NA,NA,NA
"143",798,2014,"Kane","Buccaneers D/ST","Buccaneers ","D/ST",1,0,"Buccaneers",1,NA,NA,NA,NA
"144",76,2010,"Regan","Cadillac Williams","TB","RB",1,0,"Cadillac",NA,NA,NA,NA,NA
"145",1099,2015,"Matovina","Caleb Sturgis","FA","K",1,0,"Caleb",NA,NA,NA,NA,NA
"146",146,2010,"Ready","Calvin Johnson","Det","WR",49,0,"Calvin",NA,NA,NA,NA,NA
"147",341,2011,"Ready","Calvin Johnson","Det","WR",70,0,"Calvin",49,NA,NA,NA,NA
"148",723,2013,"Ready","Calvin Johnson","Det","WR",79,0,"Calvin",NA,70,49,NA,NA
"149",883,2014,"Thieneman","Calvin Johnson","Det","WR",78,0,"Calvin",79,NA,70,49,NA
"150",964,2015,"Hartman","Calvin Johnson","Det","WR",76,0,"Calvin",78,79,NA,70,49
"151",234,2011,"Harrington","Cam Newton","Car","QB",1,0,"Cam",NA,NA,NA,NA,NA
"152",936,2014,"Skrzyskewski","Cardinals D/ST","Cardinals ","D/ST",1,0,"Cardinals",NA,NA,NA,NA,NA
"153",973,2015,"Hartman","Cardinals D/ST","Cardinals ","D/ST",1,0,"Cardinals",1,NA,NA,NA,NA
"154",862,2014,"Shokunbi","Carlos Hyde","SF","RB",9,0,"Carlos",NA,NA,NA,NA,NA
"155",25,2010,"Kane","Carson Palmer","Cin","QB",6,0,"Carson",NA,NA,NA,NA,NA
"156",393,2012,"Hartman","Carson Palmer","Oak","QB",8,0,"Carson",NA,6,NA,NA,NA
"157",665,2013,"Shokunbi","Carson Palmer","Ari","QB",24,0,"Carson",8,NA,6,NA,NA
"158",901,2014,"Matovina","Carson Palmer","Ari","QB",23,0,"Carson",24,8,NA,6,NA
"159",1110,2015,"Ready","Carson Palmer","Ari","QB",10,0,"Carson",23,24,8,NA,6
"160",903,2014,"Matovina","Cecil Shorts","Jac","WR",14,0,"Cecil",NA,NA,NA,NA,NA
"161",98,2010,"McShane","Cedric Benson","Cin","RB",46,0,"Cedric",NA,NA,NA,NA,NA
"162",377,2011,"Olson","Cedric Benson","Cin","RB",19,0,"Cedric",46,NA,NA,NA,NA
"163",429,2012,"Harrington","Cedric Benson","GB","RB",7,0,"Cedric",19,46,NA,NA,NA
"164",89,2010,"Shokunbi","Chad Henne","Mia","QB",8,0,"Chad",NA,NA,NA,NA,NA
"165",163,2010,"Skrzyskewski","Chad Ochocinco","Cin","WR",28,0,"Chad",NA,NA,NA,NA,NA
"166",282,2011,"Shokunbi","Chad Ochocinco","NE","WR",29,0,"Chad",28,NA,NA,NA,NA
"167",269,2011,"Regan","Chargers D/ST","SD","D/ST",1,0,"Chargers",NA,NA,NA,NA,NA
"168",782,2014,"Hartman","Charles Clay","Mia","TE",1,0,"Charles",NA,NA,NA,NA,NA
"169",1129,2015,"Skrzyskewski","Charles Johnson","Min","WR",21,0,"Charles",NA,NA,NA,NA,NA
"170",990,2015,"Kane","Charles Sims","TB","RB",1,0,"Charles",NA,NA,NA,NA,NA
"171",139,2010,"Matovina","Chaz Schilens","Oak","WR",1,0,"Chaz",NA,NA,NA,NA,NA
"172",190,2010,"Olson","Chester Taylor","Chi","RB",1,0,"Chester",NA,NA,NA,NA,NA
"173",431,2012,"Harrington","Chiefs D/ST","KC","D/ST",1,0,"Chiefs",NA,NA,NA,NA,NA
"174",911,2014,"Matovina","Chiefs D/ST","Chiefs ","D/ST",1,0,"Chiefs",NA,1,NA,NA,NA
"175",92,2010,"Shokunbi","Chris Cooley","Was","TE",10,0,"Chris",NA,NA,NA,NA,NA
"176",224,2011,"Kane","Chris Cooley","Wsh","TE",1,0,"Chris",10,NA,NA,NA,NA
"177",763,2013,"Olson","Chris Givens","StL","WR",3,0,"Chris",NA,NA,NA,NA,NA
"178",601,2013,"Kane","Chris Ivory","NYJ","RB",16,0,"Chris",NA,NA,NA,NA,NA
"179",842,2014,"Regan","Chris Ivory","NYJ","RB",1,0,"Chris",16,NA,NA,NA,NA
"180",1017,2015,"Higdon","Chris Ivory","NYJ","RB",16,0,"Chris",1,16,NA,NA,NA
"181",33,2010,"Harrington","Chris Johnson","Ten","RB",114,0,"Chris",NA,NA,NA,NA,NA
"182",227,2011,"Harrington","Chris Johnson","Ten","RB",95,0,"Chris",114,NA,NA,NA,NA
"183",515,2012,"Matovina","Chris Johnson","Ten","RB",74,0,"Chris",95,114,NA,NA,NA
"184",643,2013,"Regan","Chris Johnson","NYJ","RB",60,0,"Chris",74,95,114,NA,NA
"185",807,2014,"Harrington","Chris Johnson","NYJ","RB",7,0,"Chris",60,74,95,114,NA
"186",448,2012,"Higdon","Christian Ponder","Min","QB",1,0,"Christian",NA,NA,NA,NA,NA
"187",639,2013,"Higdon","Christian Ponder","Min","QB",7,0,"Christian",1,NA,NA,NA,NA
"188",714,2013,"Matovina","Christine Michael","Sea","RB",1,0,"Christine",NA,NA,NA,NA,NA
"189",797,2014,"Kane","C.J. Anderson","Den","RB",1,0,"C.J.",NA,NA,NA,NA,NA
"190",171,2010,"Skrzyskewski","C.J. Spiller","Buf","RB",17,0,"C.J.",NA,NA,NA,NA,NA
"191",316,2011,"Thieneman","C.J. Spiller","Buf","RB",1,0,"C.J.",17,NA,NA,NA,NA
"192",426,2012,"Harrington","C.J. Spiller","Buf","RB",10,0,"C.J.",1,17,NA,NA,NA
"193",707,2013,"Matovina","C.J. Spiller","Buf","RB",96,0,"C.J.",10,1,17,NA,NA
"194",790,2014,"Kane","C.J. Spiller","Buf","RB",35,0,"C.J.",96,10,1,17,NA
"195",1002,2015,"Harrington","C.J. Spiller","NO","RB",6,0,"C.J.",35,96,10,1,17
"196",80,2010,"Regan","Clinton Portis","Was","RB",1,0,"Clinton",NA,NA,NA,NA,NA
"197",574,2012,"Olson","Coby Fleener","Ind","TE",1,0,"Coby",NA,NA,NA,NA,NA
"198",1023,2015,"Higdon","Coby Fleener","Ind","TE",1,0,"Coby",NA,NA,1,NA,NA
"199",1084,2015,"Thieneman","Cody Latimer","Den","WR",1,0,"Cody",NA,NA,NA,NA,NA
"200",1021,2015,"Higdon","Cody Parkey","Phi","K",1,0,"Cody",NA,NA,NA,NA,NA
"201",1103,2015,"Matovina","Cole Beasley","Dal","WR",1,0,"Cole",NA,NA,NA,NA,NA
"202",1093,2015,"Matovina","Colin Kaepernick","SF","QB",31,0,"Colin",NA,NA,NA,NA,NA
"203",278,2011,"Shokunbi","Colt McCoy","Cle","QB",10,0,"Colt",NA,NA,NA,NA,NA
"204",314,2011,"Thieneman","Colts D/ST","Ind","D/ST",3,0,"Colts",NA,NA,NA,NA,NA
"205",791,2014,"Kane","Cordarrelle Patterson","Min","WR",30,0,"Cordarrelle",NA,NA,NA,NA,NA
"206",46,2010,"Harrington","Cowboys D/ST","Dal","D/ST",2,0,"Cowboys",NA,NA,NA,NA,NA
"207",475,2012,"Shokunbi","Cowboys D/ST","Dal","D/ST",1,0,"Cowboys",NA,2,NA,NA,NA
"208",22,2010,"Kane","Dallas Clark","Ind","TE",22,0,"Dallas",NA,NA,NA,NA,NA
"209",264,2011,"Regan","Dallas Clark","Ind","TE",30,0,"Dallas",22,NA,NA,NA,NA
"210",522,2012,"Matovina","Dan Bailey","Dal","K",2,0,"Dan",NA,NA,NA,NA,NA
"211",937,2014,"Skrzyskewski","Dan Bailey","Dal","K",1,0,"Dan",NA,2,NA,NA,NA
"212",1111,2015,"Ready","Dan Bailey","Dal","K",1,0,"Dan",1,NA,2,NA,NA
"213",380,2011,"Olson","Daniel Thomas","Mia","RB",20,0,"Daniel",NA,NA,NA,NA,NA
"214",572,2012,"Olson","Daniel Thomas","Mia","RB",4,0,"Daniel",20,NA,NA,NA,NA
"215",219,2011,"Kane","Danny Amendola","StL","WR",2,0,"Danny",NA,NA,NA,NA,NA
"216",695,2013,"Thieneman","Danny Amendola","NE","WR",18,0,"Danny",NA,2,NA,NA,NA
"217",783,2014,"Hartman","Danny Amendola","NE","WR",4,0,"Danny",18,NA,2,NA,NA
"218",344,2011,"Ready","Danny Woodhead","NE","RB",3,0,"Danny",NA,NA,NA,NA,NA
"219",843,2014,"Regan","Danny Woodhead","SD","RB",2,0,"Danny",NA,NA,3,NA,NA
"220",1083,2015,"Thieneman","Danny Woodhead","SD","RB",1,0,"Danny",2,NA,NA,3,NA
"221",185,2010,"Olson","Darren McFadden","Oak","RB",8,0,"Darren",NA,NA,NA,NA,NA
"222",565,2012,"Olson","Darren McFadden","Oak","RB",48,0,"Darren",NA,8,NA,NA,NA
"223",694,2013,"Thieneman","Darren McFadden","Oak","RB",35,0,"Darren",48,NA,8,NA,NA
"224",892,2014,"Thieneman","Darren McFadden","Oak","RB",1,0,"Darren",35,48,NA,8,NA
"225",969,2015,"Hartman","Darren McFadden","Dal","RB",5,0,"Darren",1,35,48,NA,8
"226",136,2010,"Matovina","Darren Sproles","SD","RB",1,0,"Darren",NA,NA,NA,NA,NA
"227",483,2012,"McShane","Darren Sproles","NO","RB",26,0,"Darren",NA,1,NA,NA,NA
"228",678,2013,"McShane","Darren Sproles","Phi","RB",31,0,"Darren",26,NA,1,NA,NA
"229",953,2014,"Olson","Darren Sproles","Phi","RB",1,0,"Darren",31,26,NA,1,NA
"230",447,2012,"Higdon","Darrius Heyward-Bey","Oak","WR",3,0,"Darrius",NA,NA,NA,NA,NA
"231",712,2013,"Matovina","Darrius Heyward-Bey","Pit","WR",1,0,"Darrius",3,NA,NA,NA,NA
"232",396,2012,"Hartman","Darvin Adams","FA","WR",1,0,"Darvin",NA,NA,NA,NA,NA
"233",668,2013,"Shokunbi","Daryl Richardson","StL","RB",20,0,"Daryl",NA,NA,NA,NA,NA
"234",1078,2015,"Thieneman","Davante Adams","GB","WR",42,0,"Davante",NA,NA,NA,NA,NA
"235",173,2010,"Skrzyskewski","David Akers","Phi","K",2,0,"David",NA,NA,NA,NA,NA
"236",568,2012,"Olson","David Akers","SF","K",1,0,"David",NA,2,NA,NA,NA
"237",699,2013,"Thieneman","David Akers","Det","K",1,0,"David",1,NA,2,NA,NA
"238",1085,2015,"Thieneman","David Cobb","Ten","RB",1,0,"David",NA,NA,NA,NA,NA
"239",73,2010,"Regan","David Garrard","Jac","QB",2,0,"David",NA,NA,NA,NA,NA
"240",342,2011,"Ready","David Garrard","FA","QB",3,0,"David",2,NA,NA,NA,NA
"241",1087,2015,"Thieneman","David Johnson","Ari","RB",1,0,"David",NA,NA,NA,NA,NA
"242",445,2012,"Higdon","David Wilson","NYG","RB",6,0,"David",NA,NA,NA,NA,NA
"243",239,2011,"Harrington","Davone Bess","Mia","WR",1,0,"Davone",NA,NA,NA,NA,NA
"244",619,2013,"Harrington","DeAndre Hopkins","Hou","WR",2,0,"DeAndre",NA,NA,NA,NA,NA
"245",858,2014,"Shokunbi","DeAndre Hopkins","Hou","WR",5,0,"DeAndre",2,NA,NA,NA,NA
"246",1108,2015,"Ready","DeAndre Hopkins","Hou","WR",42,0,"DeAndre",5,2,NA,NA,NA
"247",115,2010,"Thieneman","DeAngelo Williams","Car","RB",53,0,"DeAngelo",NA,NA,NA,NA,NA
"248",214,2011,"Kane","DeAngelo Williams","Car","RB",40,0,"DeAngelo",53,NA,NA,NA,NA
"249",507,2012,"Thieneman","DeAngelo Williams","Car","RB",8,0,"DeAngelo",40,53,NA,NA,NA
"250",616,2013,"Harrington","DeAngelo Williams","Car","RB",13,0,"DeAngelo",8,40,53,NA,NA
"251",814,2014,"Harrington","DeAngelo Williams","Car","RB",2,0,"DeAngelo",13,8,40,53,NA
"252",999,2015,"Harrington","DeAngelo Williams","Pit","RB",8,0,"DeAngelo",2,13,8,40,53
"253",238,2011,"Harrington","Deion Branch","NE","WR",1,0,"Deion",NA,NA,NA,NA,NA
"254",895,2014,"Thieneman","Delanie Walker","Ten","TE",1,0,"Delanie",NA,NA,NA,NA,NA
"255",984,2015,"Kane","Delanie Walker","Ten","TE",3,0,"Delanie",1,NA,NA,NA,NA
"256",514,2012,"Matovina","DeMarco Murray","Dal","RB",69,0,"DeMarco",NA,NA,NA,NA,NA
"257",677,2013,"McShane","DeMarco Murray","Dal","RB",32,0,"DeMarco",69,NA,NA,NA,NA
"258",787,2014,"Kane","DeMarco Murray","Dal","RB",71,0,"DeMarco",32,69,NA,NA,NA
"259",995,2015,"Harrington","DeMarco Murray","Phi","RB",69,0,"DeMarco",71,32,69,NA,NA
"260",487,2012,"McShane","Denarius Moore","Oak","WR",14,0,"Denarius",NA,NA,NA,NA,NA
"261",605,2013,"Kane","Denarius Moore","Oak","WR",4,0,"Denarius",14,NA,NA,NA,NA
"262",874,2014,"McShane","Dennis Pitta","Bal","TE",4,0,"Dennis",NA,NA,NA,NA,NA
"263",1006,2015,"Harrington","Derek Carr","Oak","QB",17,0,"Derek",NA,NA,NA,NA,NA
"264",603,2013,"Kane","Derek Dimke","NO","K",1,0,"Derek",NA,NA,NA,NA,NA
"265",41,2010,"Harrington","Derrick Mason","Bal","WR",7,0,"Derrick",NA,NA,NA,NA,NA
"266",67,2010,"Regan","DeSean Jackson","Phi","WR",35,0,"DeSean",NA,NA,NA,NA,NA
"267",198,2011,"Hartman","DeSean Jackson","Phi","WR",37,0,"DeSean",35,NA,NA,NA,NA
"268",423,2012,"Harrington","DeSean Jackson","Phi","WR",37,0,"DeSean",37,35,NA,NA,NA
"269",587,2013,"Hartman","DeSean Jackson","Wsh","WR",26,0,"DeSean",37,37,35,NA,NA
"270",885,2014,"Thieneman","DeSean Jackson","Wsh","WR",26,0,"DeSean",26,37,37,35,NA
"271",1046,2015,"Shokunbi","DeSean Jackson","Wsh","WR",13,0,"DeSean",26,26,37,37,35
"272",975,2015,"Hartman","DeVante Parker","Mia","WR",2,0,"DeVante",NA,NA,NA,NA,NA
"273",15,2010,"Hartman","Devery Henderson","NO","WR",1,0,"Devery",NA,NA,NA,NA,NA
"274",155,2010,"Ready","Devin Aromashodu","Chi","WR",1,0,"Devin",NA,NA,NA,NA,NA
"275",1079,2015,"Thieneman","Devin Funchess","Car","WR",13,0,"Devin",NA,NA,NA,NA,NA
"276",1115,2015,"Ready","Devonta Freeman","Atl","RB",1,0,"Devonta",NA,NA,NA,NA,NA
"277",91,2010,"Shokunbi","Dez Bryant","Dal","WR",13,0,"Dez",NA,NA,NA,NA,NA
"278",296,2011,"McShane","Dez Bryant","Dal","WR",46,0,"Dez",13,NA,NA,NA,NA
"279",451,2012,"Regan","Dez Bryant","Dal","WR",36,0,"Dez",46,13,NA,NA,NA
"280",691,2013,"Thieneman","Dez Bryant","Dal","WR",58,0,"Dez",36,46,13,NA,NA
"281",803,2014,"Harrington","Dez Bryant","Dal","WR",78,0,"Dez",58,36,46,13,NA
"282",1060,2015,"McShane","Dez Bryant","Dal","WR",84,0,"Dez",78,58,36,46,13
"283",1069,2015,"McShane","Dolphins D/ST","Dolphins ","D/ST",2,0,"Dolphins",NA,NA,NA,NA,NA
"284",62,2010,"Higdon","Donald Brown","Ind","RB",5,0,"Donald",NA,NA,NA,NA,NA
"285",571,2012,"Olson","Donald Brown","Ind","RB",7,0,"Donald",NA,5,NA,NA,NA
"286",795,2014,"Kane","Donald Brown","SD","RB",1,0,"Donald",NA,7,NA,5,NA
"287",117,2010,"Thieneman","Donald Driver","GB","WR",22,0,"Donald",NA,NA,NA,NA,NA
"288",235,2011,"Harrington","Donald Driver","GB","WR",1,0,"Donald",22,NA,NA,NA,NA
"289",39,2010,"Harrington","Donovan McNabb","Was","QB",7,0,"Donovan",NA,NA,NA,NA,NA
"290",310,2011,"Thieneman","Donovan McNabb","FA","QB",13,0,"Donovan",7,NA,NA,NA,NA
"291",1101,2015,"Matovina","Doug Baldwin","Sea","WR",1,0,"Doug",NA,NA,NA,NA,NA
"292",552,2012,"Skrzyskewski","Doug Martin","TB","RB",10,0,"Doug",NA,NA,NA,NA,NA
"293",898,2014,"Matovina","Doug Martin","TB","RB",73,0,"Doug",NA,10,NA,NA,NA
"294",1019,2015,"Higdon","Doug Martin","TB","RB",11,0,"Doug",73,NA,10,NA,NA
"295",17,2010,"Kane","Drew Brees","NO","QB",78,0,"Drew",NA,NA,NA,NA,NA
"296",213,2011,"Kane","Drew Brees","NO","QB",76,0,"Drew",78,NA,NA,NA,NA
"297",435,2012,"Higdon","Drew Brees","NO","QB",102,0,"Drew",76,78,NA,NA,NA
"298",755,2013,"Olson","Drew Brees","NO","QB",101,0,"Drew",102,76,78,NA,NA
"299",948,2014,"Olson","Drew Brees","NO","QB",106,0,"Drew",101,102,76,78,NA
"300",981,2015,"Kane","Drew Brees","NO","QB",85,0,"Drew",106,101,102,76,78
"301",1068,2015,"McShane","Duke Johnson","Cle","RB",8,0,"Duke",NA,NA,NA,NA,NA
"302",287,2011,"Shokunbi","Dustin Keller","NYJ","TE",1,0,"Dustin",NA,NA,NA,NA,NA
"303",1149,2015,"Olson","Dwayne Allen","Ind","TE",1,0,"Dwayne",NA,NA,NA,NA,NA
"304",151,2010,"Ready","Dwayne Bowe","KC","WR",20,0,"Dwayne",NA,NA,NA,NA,NA
"305",247,2011,"Higdon","Dwayne Bowe","KC","WR",41,0,"Dwayne",20,NA,NA,NA,NA
"306",470,2012,"Shokunbi","Dwayne Bowe","KC","WR",26,0,"Dwayne",41,20,NA,NA,NA
"307",756,2013,"Olson","Dwayne Bowe","KC","WR",27,0,"Dwayne",26,41,20,NA,NA
"308",920,2014,"Ready","Dwayne Bowe","KC","WR",2,0,"Dwayne",27,26,41,20,NA
"309",186,2010,"Olson","Eagles D/ST","Phi","D/ST",2,0,"Eagles",NA,NA,NA,NA,NA
"310",295,2011,"McShane","Eagles D/ST","Phi","D/ST",3,0,"Eagles",2,NA,NA,NA,NA
"311",537,2012,"Ready","Eagles D/ST","Phi","D/ST",3,0,"Eagles",3,2,NA,NA,NA
"312",1098,2015,"Matovina","Eagles D/ST","Eagles ","D/ST",1,0,"Eagles",NA,NA,3,3,2
"313",140,2010,"Matovina","Early Doucet","Ari","WR",1,0,"Early",NA,NA,NA,NA,NA
"314",612,2013,"Harrington","Eddie Lacy","GB","RB",30,0,"Eddie",NA,NA,NA,NA,NA
"315",109,2010,"McShane","Eddie Royal","Den","WR",1,0,"Eddie",NA,NA,NA,NA,NA
"316",232,2011,"Harrington","Eddie Royal","Den","WR",1,0,"Eddie",1,NA,NA,NA,NA
"317",1148,2015,"Olson","Eddie Royal","Chi","WR",1,0,"Eddie",NA,NA,NA,1,1
"318",702,2013,"Thieneman","EJ Manuel","Buf","QB",1,0,"EJ",NA,NA,NA,NA,NA
"319",854,2014,"Shokunbi","EJ Manuel","Buf","QB",5,0,"EJ",1,NA,NA,NA,NA
"320",58,2010,"Higdon","Eli Manning","NYG","QB",17,0,"Eli",NA,NA,NA,NA,NA
"321",277,2011,"Shokunbi","Eli Manning","NYG","QB",42,0,"Eli",17,NA,NA,NA,NA
"322",563,2012,"Olson","Eli Manning","NYG","QB",49,0,"Eli",42,17,NA,NA,NA
"323",662,2013,"Shokunbi","Eli Manning","NYG","QB",56,0,"Eli",49,42,17,NA,NA
"324",900,2014,"Matovina","Eli Manning","NYG","QB",18,0,"Eli",56,49,42,17,NA
"325",997,2015,"Harrington","Eli Manning","NYG","QB",60,0,"Eli",18,56,49,42,17
"326",762,2013,"Olson","Emmanuel Sanders","Den","WR",4,0,"Emmanuel",NA,NA,NA,NA,NA
"327",857,2014,"Shokunbi","Emmanuel Sanders","Den","WR",17,0,"Emmanuel",4,NA,NA,NA,NA
"328",1012,2015,"Higdon","Emmanuel Sanders","Den","WR",36,0,"Emmanuel",17,4,NA,NA,NA
"329",391,2012,"Hartman","Eric Decker","Den","WR",21,0,"Eric",NA,NA,NA,NA,NA
"330",661,2013,"Shokunbi","Eric Decker","NYJ","WR",18,0,"Eric",21,NA,NA,NA,NA
"331",826,2014,"Higdon","Eric Decker","NYJ","WR",10,0,"Eric",18,21,NA,NA,NA
"332",1097,2015,"Matovina","Eric Decker","NYJ","WR",6,0,"Eric",10,18,21,NA,NA
"333",378,2011,"Olson","Falcons D/ST","Atl","D/ST",1,0,"Falcons",NA,NA,NA,NA,NA
"334",412,2012,"Kane","Falcons D/ST","Atl","D/ST",2,0,"Falcons",1,NA,NA,NA,NA
"335",148,2010,"Ready","Felix Jones","Dal","RB",20,0,"Felix",NA,NA,NA,NA,NA
"336",328,2011,"Matovina","Felix Jones","Dal","RB",24,0,"Felix",20,NA,NA,NA,NA
"337",524,2012,"Matovina","Felix Jones","Dal","RB",2,0,"Felix",24,20,NA,NA,NA
"338",131,2010,"Matovina","Frank Gore","SF","RB",81,0,"Frank",NA,NA,NA,NA,NA
"339",293,2011,"McShane","Frank Gore","SF","RB",62,0,"Frank",81,NA,NA,NA,NA
"340",421,2012,"Harrington","Frank Gore","SF","RB",29,0,"Frank",62,81,NA,NA,NA
"341",644,2013,"Regan","Frank Gore","SF","RB",61,0,"Frank",29,62,81,NA,NA
"342",805,2014,"Harrington","Frank Gore","SF","RB",44,0,"Frank",61,29,62,81,NA
"343",1029,2015,"Regan","Frank Gore","Ind","RB",41,0,"Frank",44,61,29,62,81
"344",472,2012,"Shokunbi","Fred Davis","Wsh","TE",22,0,"Fred",NA,NA,NA,NA,NA
"345",166,2010,"Skrzyskewski","Fred Jackson","Buf","RB",10,0,"Fred",NA,NA,NA,NA,NA
"346",254,2011,"Higdon","Fred Jackson","Buf","RB",20,0,"Fred",10,NA,NA,NA,NA
"347",549,2012,"Skrzyskewski","Fred Jackson","Buf","RB",45,0,"Fred",20,10,NA,NA,NA
"348",748,2013,"Skrzyskewski","Fred Jackson","Buf","RB",2,0,"Fred",45,20,10,NA,NA
"349",780,2014,"Hartman","Fred Jackson","Buf","RB",3,0,"Fred",2,45,20,10,NA
"350",127,2010,"Thieneman","Garrett Hartley","NO","K",2,0,"Garrett",NA,NA,NA,NA,NA
"351",367,2011,"Skrzyskewski","Garrett Hartley","NO","K",1,0,"Garrett",2,NA,NA,NA,NA
"352",430,2012,"Harrington","Garrett Hartley","NO","K",1,0,"Garrett",1,2,NA,NA,NA
"353",656,2013,"Regan","Garrett Hartley","FA","K",1,0,"Garrett",1,1,2,NA,NA
"354",824,2014,"Higdon","Geno Smith","NYJ","QB",15,0,"Geno",NA,NA,NA,NA,NA
"355",989,2015,"Kane","Geno Smith","NYJ","QB",1,0,"Geno",15,NA,NA,NA,NA
"356",559,2012,"Skrzyskewski","Giants D/ST","NYG","D/ST",1,0,"Giants",NA,NA,NA,NA,NA
"357",758,2013,"Olson","Giovani Bernard","Cin","RB",17,0,"Giovani",NA,NA,NA,NA,NA
"358",836,2014,"Regan","Giovani Bernard","Cin","RB",66,0,"Giovani",17,NA,NA,NA,NA
"359",1128,2015,"Skrzyskewski","Giovani Bernard","Cin","RB",13,0,"Giovani",66,17,NA,NA,NA
"360",154,2010,"Ready","Golden Tate","Sea","WR",2,0,"Golden",NA,NA,NA,NA,NA
"361",620,2013,"Harrington","Golden Tate","Det","WR",1,0,"Golden",NA,NA,2,NA,NA
"362",951,2014,"Olson","Golden Tate","Det","WR",11,0,"Golden",1,NA,NA,2,NA
"363",1109,2015,"Ready","Golden Tate","Det","WR",29,0,"Golden",11,1,NA,NA,2
"364",147,2010,"Ready","Greg Jennings","GB","WR",28,0,"Greg",NA,NA,NA,NA,NA
"365",468,2012,"Shokunbi","Greg Jennings","GB","WR",56,0,"Greg",NA,28,NA,NA,NA
"366",682,2013,"McShane","Greg Jennings","Min","WR",11,0,"Greg",56,NA,28,NA,NA
"367",919,2014,"Ready","Greg Jennings","Min","WR",1,0,"Greg",11,56,NA,28,NA
"368",360,2011,"Skrzyskewski","Greg Little","Cle","WR",5,0,"Greg",NA,NA,NA,NA,NA
"369",463,2012,"Regan","Greg Little","Cle","WR",3,0,"Greg",5,NA,NA,NA,NA
"370",48,2010,"Harrington","Greg Olsen","Chi","TE",2,0,"Greg",NA,NA,NA,NA,NA
"371",381,2011,"Olson","Greg Olsen","Car","TE",5,0,"Greg",2,NA,NA,NA,NA
"372",743,2013,"Skrzyskewski","Greg Olsen","Car","TE",5,0,"Greg",NA,5,2,NA,NA
"373",812,2014,"Harrington","Greg Olsen","Car","TE",4,0,"Greg",5,NA,5,2,NA
"374",1063,2015,"McShane","Greg Olsen","Car","TE",18,0,"Greg",4,5,NA,5,2
"375",103,2010,"McShane","Hakeem Nicks","NYG","WR",22,0,"Hakeem",NA,NA,NA,NA,NA
"376",599,2013,"Kane","Hakeem Nicks","Ind","WR",32,0,"Hakeem",NA,NA,22,NA,NA
"377",844,2014,"Regan","Hakeem Nicks","Ind","WR",1,0,"Hakeem",32,NA,NA,22,NA
"378",137,2010,"Matovina","Heath Miller","Pit","TE",1,0,"Heath",NA,NA,NA,NA,NA
"379",923,2014,"Ready","Heath Miller","Pit","TE",1,0,"Heath",NA,NA,NA,1,NA
"380",162,2010,"Skrzyskewski","Hines Ward","Pit","WR",20,0,"Hines",NA,NA,NA,NA,NA
"381",348,2011,"Ready","Hines Ward","Pit","WR",4,0,"Hines",20,NA,NA,NA,NA
"382",427,2012,"Harrington","Isaac Redman","Pit","RB",9,0,"Isaac",NA,NA,NA,NA,NA
"383",638,2013,"Higdon","Isaac Redman","Pit","RB",3,0,"Isaac",9,NA,NA,NA,NA
"384",1016,2015,"Higdon","Isaiah Crowell","Cle","RB",5,0,"Isaiah",NA,NA,NA,NA,NA
"385",684,2013,"McShane","Isaiah Pead","StL","RB",6,0,"Isaiah",NA,NA,NA,NA,NA
"386",408,2012,"Kane","Jacob Tamme","Den","TE",7,0,"Jacob",NA,NA,NA,NA,NA
"387",335,2011,"Matovina","Jacoby Ford","Oak","WR",6,0,"Jacoby",NA,NA,NA,NA,NA
"388",733,2013,"Ready","Jacoby Jones","Bal","WR",2,0,"Jacoby",NA,NA,NA,NA,NA
"389",710,2013,"Matovina","Jacquizz Rodgers","Atl","RB",1,0,"Jacquizz",NA,NA,NA,NA,NA
"390",106,2010,"McShane","Jahvid Best","Det","RB",6,0,"Jahvid",NA,NA,NA,NA,NA
"391",558,2012,"Skrzyskewski","Jake Locker","Ten","QB",1,0,"Jake",NA,NA,NA,NA,NA
"392",655,2013,"Regan","Jake Locker","Ten","QB",2,0,"Jake",1,NA,NA,NA,NA
"393",839,2014,"Regan","Jake Locker","Ten","QB",17,0,"Jake",2,1,NA,NA,NA
"394",19,2010,"Kane","Jamaal Charles","KC","RB",28,0,"Jamaal",NA,NA,NA,NA,NA
"395",532,2012,"Ready","Jamaal Charles","KC","RB",44,0,"Jamaal",NA,28,NA,NA,NA
"396",1043,2015,"Shokunbi","Jameis Winston","TB","QB",25,0,"Jameis",NA,NA,NA,NA,NA
"397",309,2011,"Thieneman","James Jones","GB","WR",7,0,"James",NA,NA,NA,NA,NA
"398",597,2013,"Kane","James Jones","Oak","WR",18,0,"James",NA,7,NA,NA,NA
"399",302,2011,"McShane","James Starks","GB","RB",10,0,"James",NA,NA,NA,NA,NA
"400",508,2012,"Thieneman","James Starks","GB","RB",1,0,"James",10,NA,NA,NA,NA
"401",921,2014,"Ready","James Starks","GB","RB",1,0,"James",NA,1,10,NA,NA
"402",556,2012,"Skrzyskewski","Jared Cook","Ten","TE",2,0,"Jared",NA,NA,NA,NA,NA
"403",650,2013,"Regan","Jared Cook","StL","TE",5,0,"Jared",2,NA,NA,NA,NA
"404",1032,2015,"Regan","Jarvis Landry","Mia","WR",23,0,"Jarvis",NA,NA,NA,NA,NA
"405",51,2010,"Higdon","Jason Campbell","Oak","QB",6,0,"Jason",NA,NA,NA,NA,NA
"406",231,2011,"Harrington","Jason Campbell","Oak","QB",3,0,"Jason",6,NA,NA,NA,NA
"407",539,2012,"Ready","Jason Hanson","Det","K",3,0,"Jason",NA,NA,NA,NA,NA
"408",104,2010,"McShane","Jason Witten","Dal","TE",16,0,"Jason",NA,NA,NA,NA,NA
"409",201,2011,"Hartman","Jason Witten","Dal","TE",15,0,"Jason",16,NA,NA,NA,NA
"410",536,2012,"Ready","Jason Witten","Dal","TE",8,0,"Jason",15,16,NA,NA,NA
"411",726,2013,"Ready","Jason Witten","Dal","TE",21,0,"Jason",8,15,16,NA,NA
"412",835,2014,"Regan","Jason Witten","Dal","TE",27,0,"Jason",21,8,15,16,NA
"413",1035,2015,"Regan","Jason Witten","Dal","TE",16,0,"Jason",27,21,8,15,16
"414",21,2010,"Kane","Jay Cutler","Chi","QB",17,0,"Jay",NA,NA,NA,NA,NA
"415",340,2011,"Ready","Jay Cutler","Chi","QB",11,0,"Jay",17,NA,NA,NA,NA
"416",550,2012,"Skrzyskewski","Jay Cutler","Chi","QB",30,0,"Jay",11,17,NA,NA,NA
"417",725,2013,"Ready","Jay Cutler","Chi","QB",22,0,"Jay",30,11,17,NA,NA
"418",949,2014,"Olson","Jay Cutler","Chi","QB",39,0,"Jay",22,30,11,17,NA
"419",1142,2015,"Olson","Jay Cutler","Chi","QB",37,0,"Jay",39,22,30,11,17
"420",158,2010,"Ready","Jay Feely","Ari","K",1,0,"Jay",NA,NA,NA,NA,NA
"421",939,2014,"Skrzyskewski","Jeremy Hill","Cin","RB",1,0,"Jeremy",NA,NA,NA,NA,NA
"422",715,2013,"Matovina","Jeremy Kerley","NYJ","WR",1,0,"Jeremy",NA,NA,NA,NA,NA
"423",71,2010,"Regan","Jeremy Maclin","Phi","WR",8,0,"Jeremy",NA,NA,NA,NA,NA
"424",327,2011,"Matovina","Jeremy Maclin","Phi","WR",18,0,"Jeremy",8,NA,NA,NA,NA
"425",570,2012,"Olson","Jeremy Maclin","Phi","WR",30,0,"Jeremy",18,8,NA,NA,NA
"426",809,2014,"Harrington","Jeremy Maclin","Phi","WR",13,0,"Jeremy",NA,30,18,8,NA
"427",1047,2015,"Shokunbi","Jeremy Maclin","KC","WR",12,0,"Jeremy",13,NA,30,18,8
"428",153,2010,"Ready","Jermichael Finley","GB","TE",12,0,"Jermichael",NA,NA,NA,NA,NA
"429",311,2011,"Thieneman","Jermichael Finley","GB","TE",31,0,"Jermichael",12,NA,NA,NA,NA
"430",452,2012,"Regan","Jermichael Finley","GB","TE",20,0,"Jermichael",31,12,NA,NA,NA
"431",669,2013,"Shokunbi","Jermichael Finley","GB","TE",13,0,"Jermichael",20,31,12,NA,NA
"432",170,2010,"Skrzyskewski","Jerome Harrison","Phi","RB",11,0,"Jerome",NA,NA,NA,NA,NA
"433",221,2011,"Kane","Jerome Harrison","Det","RB",2,0,"Jerome",11,NA,NA,NA,NA
"434",318,2011,"Thieneman","Jerome Simpson","Cin","WR",1,0,"Jerome",NA,NA,NA,NA,NA
"435",108,2010,"McShane","Jerricho Cotchery","NYJ","WR",1,0,"Jerricho",NA,NA,NA,NA,NA
"436",55,2010,"Higdon","Jets D/ST","NYJ","D/ST",9,0,"Jets",NA,NA,NA,NA,NA
"437",333,2011,"Matovina","Jets D/ST","NYJ","D/ST",1,0,"Jets",9,NA,NA,NA,NA
"438",525,2012,"Matovina","Jets D/ST","NYJ","D/ST",2,0,"Jets",1,9,NA,NA,NA
"439",1054,2015,"Shokunbi","Jets D/ST","Jets ","D/ST",1,0,"Jets",NA,NA,2,1,9
"440",363,2011,"Skrzyskewski","Jimmy Graham","NO","TE",13,0,"Jimmy",NA,NA,NA,NA,NA
"441",389,2012,"Hartman","Jimmy Graham","NO","TE",35,0,"Jimmy",13,NA,NA,NA,NA
"442",692,2013,"Thieneman","Jimmy Graham","NO","TE",41,0,"Jimmy",35,13,NA,NA,NA
"443",931,2014,"Skrzyskewski","Jimmy Graham","NO","TE",69,0,"Jimmy",41,35,13,NA,NA
"444",966,2015,"Hartman","Jimmy Graham","Sea","TE",40,0,"Jimmy",69,41,35,13,NA
"445",398,2012,"Hartman","Joe Adams","Car","WR",1,0,"Joe",NA,NA,NA,NA,NA
"446",86,2010,"Shokunbi","Joe Flacco","Bal","QB",34,0,"Joe",NA,NA,NA,NA,NA
"447",374,2011,"Olson","Joe Flacco","Bal","QB",42,0,"Joe",34,NA,NA,NA,NA
"448",504,2012,"Thieneman","Joe Flacco","Bal","QB",31,0,"Joe",42,34,NA,NA,NA
"449",595,2013,"Kane","Joe Flacco","Bal","QB",33,0,"Joe",31,42,34,NA,NA
"450",916,2014,"Ready","Joe Flacco","Bal","QB",22,0,"Joe",33,31,42,34,NA
"451",1095,2015,"Matovina","Joe Flacco","Bal","QB",20,0,"Joe",22,33,31,42,34
"452",107,2010,"McShane","Joey Galloway","Was","WR",1,0,"Joey",NA,NA,NA,NA,NA
"453",1133,2015,"Skrzyskewski","John Brown","Ari","WR",5,0,"John",NA,NA,NA,NA,NA
"454",10,2010,"Hartman","John Carlson","Sea","TE",1,0,"John",NA,NA,NA,NA,NA
"455",23,2010,"Kane","Johnny Knox","Chi","WR",9,0,"Johnny",NA,NA,NA,NA,NA
"456",215,2011,"Kane","Johnny Knox","Chi","WR",11,0,"Johnny",9,NA,NA,NA,NA
"457",958,2014,"Olson","Johnny Manziel","Cle","QB",1,0,"Johnny",NA,NA,NA,NA,NA
"458",543,2012,"Ready","John Skelton","Ari","QB",2,0,"John",NA,NA,NA,NA,NA
"459",589,2013,"Hartman","Joique Bell","Det","RB",3,0,"Joique",NA,NA,NA,NA,NA
"460",856,2014,"Shokunbi","Joique Bell","Det","RB",15,0,"Joique",3,NA,NA,NA,NA
"461",1062,2015,"McShane","Joique Bell","Det","RB",19,0,"Joique",15,3,NA,NA,NA
"462",1102,2015,"Matovina","Jonas Gray","FA","RB",1,0,"Jonas",NA,NA,NA,NA,NA
"463",732,2013,"Ready","Jonathan Dwyer","Ari","RB",1,0,"Jonathan",NA,NA,NA,NA,NA
"464",83,2010,"Shokunbi","Jonathan Stewart","Car","RB",30,0,"Jonathan",NA,NA,NA,NA,NA
"465",297,2011,"McShane","Jonathan Stewart","Car","RB",10,0,"Jonathan",30,NA,NA,NA,NA
"466",406,2012,"Kane","Jonathan Stewart","Car","RB",20,0,"Jonathan",10,30,NA,NA,NA
"467",1013,2015,"Higdon","Jonathan Stewart","Car","RB",16,0,"Jonathan",NA,NA,20,10,30
"468",544,2012,"Ready","Jon Baldwin","KC","WR",1,0,"Jon",NA,NA,NA,NA,NA
"469",767,2013,"Olson","Jordan Cameron","Cle","TE",4,0,"Jordan",NA,NA,NA,NA,NA
"470",878,2014,"McShane","Jordan Cameron","Cle","TE",11,0,"Jordan",4,NA,NA,NA,NA
"471",1081,2015,"Thieneman","Jordan Cameron","Mia","TE",1,0,"Jordan",11,4,NA,NA,NA
"472",1140,2015,"Olson","Jordan Matthews","Phi","WR",37,0,"Jordan",NA,NA,NA,NA,NA
"473",863,2014,"Shokunbi","Jordan Reed","Wsh","TE",1,0,"Jordan",NA,NA,NA,NA,NA
"474",379,2011,"Olson","Jordy Nelson","GB","WR",5,0,"Jordy",NA,NA,NA,NA,NA
"475",647,2013,"Regan","Jordy Nelson","GB","WR",26,0,"Jordy",NA,5,NA,NA,NA
"476",1040,2015,"Regan","Jordy Nelson","GB","WR",1,0,"Jordy",NA,26,NA,5,NA
"477",84,2010,"Shokunbi","Joseph Addai","Ind","RB",25,0,"Joseph",NA,NA,NA,NA,NA
"478",256,2011,"Higdon","Joseph Addai","Ind","RB",19,0,"Joseph",25,NA,NA,NA,NA
"479",304,2011,"McShane","Josh Brown","StL","K",1,0,"Josh",NA,NA,NA,NA,NA
"480",751,2013,"Skrzyskewski","Josh Brown","NYG","K",1,0,"Josh",NA,1,NA,NA,NA
"481",569,2012,"Olson","Josh Freeman","TB","QB",19,0,"Josh",NA,NA,NA,NA,NA
"482",651,2013,"Regan","Josh Gordon","Cle","WR",5,0,"Josh",NA,NA,NA,NA,NA
"483",904,2014,"Matovina","Josh McCown","TB","QB",29,0,"Josh",NA,NA,NA,NA,NA
"484",1113,2015,"Ready","Josh McCown","Cle","QB",2,0,"Josh",29,NA,NA,NA,NA
"485",11,2010,"Hartman","Josh Morgan","SF","WR",1,0,"Josh",NA,NA,NA,NA,NA
"486",823,2014,"Higdon","Julian Edelman","NE","WR",19,0,"Julian",NA,NA,NA,NA,NA
"487",982,2015,"Kane","Julian Edelman","NE","WR",24,0,"Julian",19,NA,NA,NA,NA
"488",252,2011,"Higdon","Julio Jones","Atl","WR",16,0,"Julio",NA,NA,NA,NA,NA
"489",460,2012,"Regan","Justin Blackmon","Jac","WR",7,0,"Justin",NA,NA,NA,NA,NA
"490",703,2013,"Thieneman","Justin Blackmon","Jac","WR",1,0,"Justin",7,NA,NA,NA,NA
"491",54,2010,"Higdon","Justin Forsett","Sea","RB",8,0,"Justin",NA,NA,NA,NA,NA
"492",944,2014,"Skrzyskewski","Justin Hunter","Ten","WR",2,0,"Justin",NA,NA,NA,NA,NA
"493",591,2013,"Hartman","Justin Tucker","Bal","K",9,0,"Justin",NA,NA,NA,NA,NA
"494",859,2014,"Shokunbi","Justin Tucker","Bal","K",2,0,"Justin",9,NA,NA,NA,NA
"495",1007,2015,"Harrington","Justin Tucker","Bal","K",1,0,"Justin",2,9,NA,NA,NA
"496",59,2010,"Higdon","Kellen Winslow","TB","TE",10,0,"Kellen",NA,NA,NA,NA,NA
"497",246,2011,"Higdon","Kellen Winslow","TB","TE",4,0,"Kellen",10,NA,NA,NA,NA
"498",764,2013,"Olson","Kenbrell Thompkins","NE","WR",1,0,"Kenbrell",NA,NA,NA,NA,NA
"499",479,2012,"Shokunbi","Kendall Wright","Ten","WR",1,0,"Kendall",NA,NA,NA,NA,NA
"500",607,2013,"Kane","Kendall Wright","Ten","WR",1,0,"Kendall",1,NA,NA,NA,NA
"501",905,2014,"Matovina","Kendall Wright","Ten","WR",7,0,"Kendall",1,1,NA,NA,NA
"502",970,2015,"Hartman","Kendall Wright","Ten","WR",3,0,"Kendall",7,1,1,NA,NA
"503",63,2010,"Higdon","Kenny Britt","Ten","WR",3,0,"Kenny",NA,NA,NA,NA,NA
"504",357,2011,"Skrzyskewski","Kenny Britt","Ten","WR",25,0,"Kenny",3,NA,NA,NA,NA
"505",456,2012,"Regan","Kenny Britt","Ten","WR",16,0,"Kenny",25,3,NA,NA,NA
"506",759,2013,"Olson","Kenny Britt","StL","WR",7,0,"Kenny",16,25,3,NA,NA
"507",191,2010,"Olson","Kevin Boss","NYG","TE",1,0,"Kevin",NA,NA,NA,NA,NA
"508",105,2010,"McShane","Kevin Kolb","Phi","QB",18,0,"Kevin",NA,NA,NA,NA,NA
"509",197,2011,"Hartman","Kevin Kolb","Ari","QB",18,0,"Kevin",18,NA,NA,NA,NA
"510",424,2012,"Harrington","Kevin Kolb","Ari","QB",3,0,"Kevin",18,18,NA,NA,NA
"511",442,2012,"Higdon","Kevin Smith","Det","RB",12,0,"Kevin",NA,NA,NA,NA,NA
"512",890,2014,"Thieneman","Khiry Robinson","NO","RB",1,0,"Khiry",NA,NA,NA,NA,NA
"513",777,2014,"Hartman","Kirk Cousins","Wsh","QB",3,0,"Kirk",NA,NA,NA,NA,NA
"514",1067,2015,"McShane","Kirk Cousins","Wsh","QB",6,0,"Kirk",3,NA,NA,NA,NA
"515",796,2014,"Kane","Knile Davis","KC","RB",1,0,"Knile",NA,NA,NA,NA,NA
"516",1086,2015,"Thieneman","Knile Davis","KC","RB",1,0,"Knile",1,NA,NA,NA,NA
"517",100,2010,"McShane","Knowshon Moreno","Den","RB",26,0,"Knowshon",NA,NA,NA,NA,NA
"518",330,2011,"Matovina","Knowshon Moreno","Den","RB",30,0,"Knowshon",26,NA,NA,NA,NA
"519",652,2013,"Regan","Knowshon Moreno","Mia","RB",5,0,"Knowshon",NA,30,26,NA,NA
"520",841,2014,"Regan","Knowshon Moreno","Mia","RB",3,0,"Knowshon",5,NA,30,26,NA
"521",135,2010,"Matovina","Kyle Orton","Den","QB",1,0,"Kyle",NA,NA,NA,NA,NA
"522",325,2011,"Matovina","Kyle Orton","KC","QB",10,0,"Kyle",1,NA,NA,NA,NA
"523",523,2012,"Matovina","Kyle Rudolph","Min","TE",2,0,"Kyle",NA,NA,NA,NA,NA
"524",679,2013,"McShane","Kyle Rudolph","Min","TE",16,0,"Kyle",2,NA,NA,NA,NA
"525",853,2014,"Shokunbi","Kyle Rudolph","Min","TE",13,0,"Kyle",16,2,NA,NA,NA
"526",1034,2015,"Regan","Kyle Rudolph","Min","TE",1,0,"Kyle",13,16,2,NA,NA
"527",36,2010,"Harrington","LaDainian Tomlinson","NYJ","RB",8,0,"LaDainian",NA,NA,NA,NA,NA
"528",268,2011,"Regan","LaDainian Tomlinson","NYJ","RB",2,0,"LaDainian",8,NA,NA,NA,NA
"529",583,2013,"Hartman","Lamar Miller","Mia","RB",23,0,"Lamar",NA,NA,NA,NA,NA
"530",938,2014,"Skrzyskewski","Lamar Miller","Mia","RB",2,0,"Lamar",23,NA,NA,NA,NA
"531",1028,2015,"Regan","Lamar Miller","Mia","RB",65,0,"Lamar",2,23,NA,NA,NA
"532",233,2011,"Harrington","Lance Moore","NO","WR",4,0,"Lance",NA,NA,NA,NA,NA
"533",407,2012,"Kane","Lance Moore","NO","WR",15,0,"Lance",4,NA,NA,NA,NA
"534",637,2013,"Higdon","Lance Moore","Pit","WR",7,0,"Lance",15,4,NA,NA,NA
"535",1112,2015,"Ready","Larry Donnell","NYG","TE",1,0,"Larry",NA,NA,NA,NA,NA
"536",49,2010,"Higdon","Larry Fitzgerald","Ari","WR",65,0,"Larry",NA,NA,NA,NA,NA
"537",196,2011,"Hartman","Larry Fitzgerald","Ari","WR",92,0,"Larry",65,NA,NA,NA,NA
"538",516,2012,"Matovina","Larry Fitzgerald","Ari","WR",65,0,"Larry",92,65,NA,NA,NA
"539",693,2013,"Thieneman","Larry Fitzgerald","Ari","WR",44,0,"Larry",65,92,65,NA,NA
"540",820,2014,"Higdon","Larry Fitzgerald","Ari","WR",46,0,"Larry",44,65,92,65,NA
"541",1000,2015,"Harrington","Larry Fitzgerald","Ari","WR",10,0,"Larry",46,44,65,92,65
"542",121,2010,"Thieneman","Laurence Maroney","Den","RB",7,0,"Laurence",NA,NA,NA,NA,NA
"543",414,2012,"Kane","Laurent Robinson","Jac","WR",1,0,"Laurent",NA,NA,NA,NA,NA
"544",144,2010,"Matovina","Lawrence Tynes","NYG","K",1,0,"Lawrence",NA,NA,NA,NA,NA
"545",42,2010,"Harrington","Lee Evans","Buf","WR",6,0,"Lee",NA,NA,NA,NA,NA
"546",284,2011,"Shokunbi","Lee Evans","Bal","WR",6,0,"Lee",6,NA,NA,NA,NA
"547",279,2011,"Shokunbi","LeGarrette Blount","TB","RB",35,0,"LeGarrette",NA,NA,NA,NA,NA
"548",474,2012,"Shokunbi","LeGarrette Blount","TB","RB",2,0,"LeGarrette",35,NA,NA,NA,NA
"549",910,2014,"Matovina","LeGarrette Blount","Pit","RB",1,0,"LeGarrette",NA,2,35,NA,NA
"550",1003,2015,"Harrington","LeGarrette Blount","NE","RB",11,0,"LeGarrette",1,NA,2,35,NA
"551",476,2012,"Shokunbi","Leonard Hankerson","Wsh","WR",1,0,"Leonard",NA,NA,NA,NA,NA
"552",43,2010,"Harrington","Leon Washington","Sea","RB",2,0,"Leon",NA,NA,NA,NA,NA
"553",150,2010,"Ready","LeSean McCoy","Phi","RB",28,0,"LeSean",NA,NA,NA,NA,NA
"554",649,2013,"Regan","Le'Veon Bell","Pit","RB",6,0,"Le'Veon",NA,NA,NA,NA,NA
"555",350,2011,"Ready","Lions D/ST","Det","D/ST",7,0,"Lions",NA,NA,NA,NA,NA
"556",526,2012,"Matovina","Lions D/ST","Det","D/ST",2,0,"Lions",7,NA,NA,NA,NA
"557",439,2012,"Higdon","Malcom Floyd","SD","WR",9,0,"Malcom",NA,NA,NA,NA,NA
"558",711,2013,"Matovina","Malcom Floyd","SD","WR",2,0,"Malcom",9,NA,NA,NA,NA
"559",1114,2015,"Ready","Malcom Floyd","SD","WR",1,0,"Malcom",NA,2,9,NA,NA
"560",250,2011,"Higdon","Marcedes Lewis","Jac","TE",7,0,"Marcedes",NA,NA,NA,NA,NA
"561",1144,2015,"Olson","Marcus Mariota","Ten","QB",26,0,"Marcus",NA,NA,NA,NA,NA
"562",134,2010,"Matovina","Mario Manningham","NYG","WR",1,0,"Mario",NA,NA,NA,NA,NA
"563",359,2011,"Skrzyskewski","Mario Manningham","NYG","WR",40,0,"Mario",1,NA,NA,NA,NA
"564",573,2012,"Olson","Mario Manningham","SF","WR",2,0,"Mario",40,1,NA,NA,NA
"565",183,2010,"Olson","Marion Barber","Dal","RB",11,0,"Marion",NA,NA,NA,NA,NA
"566",218,2011,"Kane","Mark Ingram","NO","RB",23,0,"Mark",NA,NA,NA,NA,NA
"567",462,2012,"Regan","Mark Ingram","NO","RB",8,0,"Mark",23,NA,NA,NA,NA
"568",667,2013,"Shokunbi","Mark Ingram","NO","RB",6,0,"Mark",8,23,NA,NA,NA
"569",909,2014,"Matovina","Mark Ingram","NO","RB",1,0,"Mark",6,8,23,NA,NA
"570",1077,2015,"Thieneman","Mark Ingram","NO","RB",35,0,"Mark",1,6,8,23,NA
"571",159,2010,"Ready","Mark Sanchez","NYJ","QB",2,0,"Mark",NA,NA,NA,NA,NA
"572",299,2011,"McShane","Mark Sanchez","NYJ","QB",12,0,"Mark",2,NA,NA,NA,NA
"573",954,2014,"Olson","Markus Wheaton","Pit","WR",1,0,"Markus",NA,NA,NA,NA,NA
"574",924,2014,"Ready","Marqise Lee","Jac","WR",1,0,"Marqise",NA,NA,NA,NA,NA
"575",164,2010,"Skrzyskewski","Marques Colston","NO","WR",30,0,"Marques",NA,NA,NA,NA,NA
"576",261,2011,"Regan","Marques Colston","NO","WR",28,0,"Marques",30,NA,NA,NA,NA
"577",534,2012,"Ready","Marques Colston","NO","WR",35,0,"Marques",28,30,NA,NA,NA
"578",676,2013,"McShane","Marques Colston","NO","WR",36,0,"Marques",35,28,30,NA,NA
"579",918,2014,"Ready","Marques Colston","NO","WR",8,0,"Marques",36,35,28,30,NA
"580",1064,2015,"McShane","Marques Colston","NO","WR",5,0,"Marques",8,36,35,28,30
"581",265,2011,"Regan","Marshawn Lynch","Sea","RB",20,0,"Marshawn",NA,NA,NA,NA,NA
"582",1131,2015,"Skrzyskewski","Martavis Bryant","Pit","WR",10,0,"Martavis",NA,NA,NA,NA,NA
"583",685,2013,"McShane","Martellus Bennett","Chi","TE",1,0,"Martellus",NA,NA,NA,NA,NA
"584",956,2014,"Olson","Martellus Bennett","Chi","TE",1,0,"Martellus",1,NA,NA,NA,NA
"585",1132,2015,"Skrzyskewski","Martellus Bennett","Chi","TE",14,0,"Martellus",1,1,NA,NA,NA
"586",1053,2015,"Shokunbi","Marvin Jones","Cin","WR",4,0,"Marvin",NA,NA,NA,NA,NA
"587",75,2010,"Regan","Mason Crosby","GB","K",1,0,"Mason",NA,NA,NA,NA,NA
"588",267,2011,"Regan","Mason Crosby","GB","K",1,0,"Mason",1,NA,NA,NA,NA
"589",457,2012,"Regan","Mason Crosby","GB","K",2,0,"Mason",1,1,NA,NA,NA
"590",781,2014,"Hartman","Mason Crosby","GB","K",1,0,"Mason",NA,2,1,1,NA
"591",974,2015,"Hartman","Mason Crosby","GB","K",1,0,"Mason",1,NA,2,1,1
"592",382,2011,"Olson","Matt Bryant","Atl","K",1,0,"Matt",NA,NA,NA,NA,NA
"593",415,2012,"Kane","Matt Bryant","Atl","K",1,0,"Matt",1,NA,NA,NA,NA
"594",729,2013,"Ready","Matt Bryant","Atl","K",1,0,"Matt",1,1,NA,NA,NA
"595",846,2014,"Regan","Matt Bryant","Atl","K",1,0,"Matt",1,1,1,NA,NA
"596",987,2015,"Kane","Matt Bryant","Atl","K",2,0,"Matt",1,1,1,1,NA
"597",138,2010,"Matovina","Matt Cassel","KC","QB",1,0,"Matt",NA,NA,NA,NA,NA
"598",553,2012,"Skrzyskewski","Matt Cassel","KC","QB",6,0,"Matt",NA,1,NA,NA,NA
"599",118,2010,"Thieneman","Matt Forte","Chi","RB",22,0,"Matt",NA,NA,NA,NA,NA
"600",292,2011,"McShane","Matt Forte","Chi","RB",41,0,"Matt",22,NA,NA,NA,NA
"601",611,2013,"Harrington","Matt Forte","Chi","RB",62,0,"Matt",NA,41,22,NA,NA
"602",947,2014,"Olson","Matt Forte","Chi","RB",84,0,"Matt",62,NA,41,22,NA
"603",1092,2015,"Matovina","Matt Forte","Chi","RB",68,0,"Matt",84,62,NA,41,22
"604",207,2011,"Hartman","Matt Hasselbeck","Ten","QB",3,0,"Matt",NA,NA,NA,NA,NA
"605",44,2010,"Harrington","Matthew Stafford","Det","QB",4,0,"Matthew",NA,NA,NA,NA,NA
"606",283,2011,"Shokunbi","Matthew Stafford","Det","QB",33,0,"Matthew",4,NA,NA,NA,NA
"607",680,2013,"McShane","Matthew Stafford","Det","QB",88,0,"Matthew",NA,33,4,NA,NA
"608",851,2014,"Shokunbi","Matthew Stafford","Det","QB",75,0,"Matthew",88,NA,33,4,NA
"609",1044,2015,"Shokunbi","Matthew Stafford","Det","QB",71,0,"Matthew",75,88,NA,33,4
"610",12,2010,"Hartman","Matt Leinart","Hou","QB",1,0,"Matt",NA,NA,NA,NA,NA
"611",29,2010,"Kane","Matt Prater","Den","K",1,0,"Matt",NA,NA,NA,NA,NA
"612",473,2012,"Shokunbi","Matt Prater","Den","K",1,0,"Matt",NA,1,NA,NA,NA
"613",766,2013,"Olson","Matt Prater","Den","K",1,0,"Matt",1,NA,1,NA,NA
"614",906,2014,"Matovina","Matt Prater","Den","K",5,0,"Matt",1,1,NA,1,NA
"615",1075,2015,"Thieneman","Matt Prater","Det","K",3,0,"Matt",5,1,1,NA,1
"616",27,2010,"Kane","Matt Ryan","Atl","QB",16,0,"Matt",NA,NA,NA,NA,NA
"617",484,2012,"McShane","Matt Ryan","Atl","QB",71,0,"Matt",NA,16,NA,NA,NA
"618",627,2013,"Higdon","Matt Ryan","Atl","QB",75,0,"Matt",71,NA,16,NA,NA
"619",934,2014,"Skrzyskewski","Matt Ryan","Atl","QB",58,0,"Matt",75,71,NA,16,NA
"620",1141,2015,"Olson","Matt Ryan","Atl","QB",61,0,"Matt",58,75,71,NA,16
"621",180,2010,"Olson","Matt Schaub","Hou","QB",36,0,"Matt",NA,NA,NA,NA,NA
"622",245,2011,"Higdon","Matt Schaub","Hou","QB",64,0,"Matt",36,NA,NA,NA,NA
"623",437,2012,"Higdon","Matt Schaub","Hou","QB",35,0,"Matt",64,36,NA,NA,NA
"624",671,2013,"Shokunbi","Matt Schaub","Oak","QB",18,0,"Matt",35,64,36,NA,NA
"625",65,2010,"Regan","Maurice Jones-Drew","Jac","RB",105,0,"Maurice",NA,NA,NA,NA,NA
"626",308,2011,"Thieneman","Maurice Jones-Drew","Jac","RB",79,0,"Maurice",105,NA,NA,NA,NA
"627",740,2013,"Skrzyskewski","Maurice Jones-Drew","Oak","RB",64,0,"Maurice",NA,79,105,NA,NA
"628",794,2014,"Kane","Maurice Jones-Drew","Oak","RB",1,0,"Maurice",64,NA,79,105,NA
"629",1125,2015,"Skrzyskewski","Melvin Gordon","SD","RB",36,0,"Melvin",NA,NA,NA,NA,NA
"630",61,2010,"Higdon","Michael Bush","Oak","RB",2,0,"Michael",NA,NA,NA,NA,NA
"631",366,2011,"Skrzyskewski","Michael Bush","Oak","RB",10,0,"Michael",2,NA,NA,NA,NA
"632",490,2012,"McShane","Michael Bush","Chi","RB",11,0,"Michael",10,2,NA,NA,NA
"633",87,2010,"Shokunbi","Michael Crabtree","SF","WR",21,0,"Michael",NA,NA,NA,NA,NA
"634",217,2011,"Kane","Michael Crabtree","SF","WR",15,0,"Michael",21,NA,NA,NA,NA
"635",520,2012,"Matovina","Michael Crabtree","SF","WR",7,0,"Michael",15,21,NA,NA,NA
"636",838,2014,"Regan","Michael Crabtree","SF","WR",31,0,"Michael",NA,7,15,21,NA
"637",1118,2015,"Ready","Michael Crabtree","Oak","WR",1,0,"Michael",31,NA,7,15,21
"638",747,2013,"Skrzyskewski","Michael Floyd","Ari","WR",1,0,"Michael",NA,NA,NA,NA,NA
"639",872,2014,"McShane","Michael Floyd","Ari","WR",17,0,"Michael",1,NA,NA,NA,NA
"640",985,2015,"Kane","Michael Floyd","Ari","WR",4,0,"Michael",17,1,NA,NA,NA
"641",145,2010,"Ready","Michael Turner","Atl","RB",81,0,"Michael",NA,NA,NA,NA,NA
"642",229,2011,"Harrington","Michael Turner","Atl","RB",72,0,"Michael",81,NA,NA,NA,NA
"643",404,2012,"Kane","Michael Turner","Atl","RB",30,0,"Michael",72,81,NA,NA,NA
"644",7,2010,"Hartman","Michael Vick","Phi","QB",1,0,"Michael",NA,NA,NA,NA,NA
"645",775,2014,"Hartman","Michael Vick","NYJ","QB",3,0,"Michael",NA,NA,NA,1,NA
"646",832,2014,"Higdon","Mike Evans","TB","WR",5,0,"Mike",NA,NA,NA,NA,NA
"647",4,2010,"Hartman","Mike Nugent","Cin","K",1,0,"Mike",NA,NA,NA,NA,NA
"648",53,2010,"Higdon","Mike Sims-Walker","Jac","WR",25,0,"Mike",NA,NA,NA,NA,NA
"649",347,2011,"Ready","Mike Sims-Walker","FA","WR",5,0,"Mike",25,NA,NA,NA,NA
"650",361,2011,"Skrzyskewski","Mike Thomas","Jac","WR",20,0,"Mike",NA,NA,NA,NA,NA
"651",5,2010,"Hartman","Mike Tolbert","SD","RB",1,0,"Mike",NA,NA,NA,NA,NA
"652",255,2011,"Higdon","Mike Tolbert","SD","RB",18,0,"Mike",1,NA,NA,NA,NA
"653",511,2012,"Thieneman","Mike Tolbert","Car","RB",1,0,"Mike",18,1,NA,NA,NA
"654",167,2010,"Skrzyskewski","Mike Wallace","Pit","WR",22,0,"Mike",NA,NA,NA,NA,NA
"655",388,2012,"Hartman","Mike Wallace","Pit","WR",46,0,"Mike",NA,22,NA,NA,NA
"656",582,2013,"Hartman","Mike Wallace","Mia","WR",31,0,"Mike",46,NA,22,NA,NA
"657",876,2014,"McShane","Mike Wallace","Mia","WR",13,0,"Mike",31,46,NA,22,NA
"658",1048,2015,"Shokunbi","Mike Wallace","Min","WR",22,0,"Mike",13,31,46,NA,22
"659",78,2010,"Regan","Mike Williams","TB","WR",1,0,"Mike",NA,NA,NA,NA,NA
"660",319,2011,"Thieneman","Mike Williams","Sea","WR",1,0,"Mike",1,NA,NA,NA,NA
"661",540,2012,"Ready","Mike Williams","TB","WR",1,0,"Mike",1,1,NA,NA,NA
"662",746,2013,"Skrzyskewski","Mike Williams","Buf","WR",8,0,"Mike",1,1,1,NA,NA
"663",18,2010,"Kane","Miles Austin","Dal","WR",48,0,"Miles",NA,NA,NA,NA,NA
"664",375,2011,"Olson","Miles Austin","Dal","WR",39,0,"Miles",48,NA,NA,NA,NA
"665",469,2012,"Shokunbi","Miles Austin","Dal","WR",28,0,"Miles",39,48,NA,NA,NA
"666",664,2013,"Shokunbi","Miles Austin","Dal","WR",16,0,"Miles",28,39,48,NA,NA
"667",74,2010,"Regan","Mohamed Massaquoi","Cle","WR",1,0,"Mohamed",NA,NA,NA,NA,NA
"668",13,2010,"Hartman","Montario Hardesty","Cle","RB",1,0,"Montario",NA,NA,NA,NA,NA
"669",315,2011,"Thieneman","Montario Hardesty","Cle","RB",2,0,"Montario",1,NA,NA,NA,NA
"670",663,2013,"Shokunbi","Montee Ball","Den","RB",25,0,"Montee",NA,NA,NA,NA,NA
"671",270,2011,"Regan","Nate Burleson","Det","WR",3,0,"Nate",NA,NA,NA,NA,NA
"672",509,2012,"Thieneman","Nate Burleson","Det","WR",1,0,"Nate",3,NA,NA,NA,NA
"673",93,2010,"Shokunbi","Nate Kaeding","SD","K",3,0,"Nate",NA,NA,NA,NA,NA
"674",275,2011,"Shokunbi","Nate Kaeding","SD","K",1,0,"Nate",3,NA,NA,NA,NA
"675",489,2012,"McShane","Nate Washington","Ten","WR",18,0,"Nate",NA,NA,NA,NA,NA
"676",719,2013,"Matovina","Nate Washington","Ten","WR",1,0,"Nate",18,NA,NA,NA,NA
"677",45,2010,"Harrington","Neil Rackers","Hou","K",2,0,"Neil",NA,NA,NA,NA,NA
"678",243,2011,"Higdon","Neil Rackers","Hou","K",2,0,"Neil",2,NA,NA,NA,NA
"679",983,2015,"Kane","Nelson Agholor","Phi","WR",21,0,"Nelson",NA,NA,NA,NA,NA
"680",588,2013,"Hartman","Nick Foles","Phi","QB",3,0,"Nick",NA,NA,NA,NA,NA
"681",1049,2015,"Shokunbi","Nick Foles","StL","QB",15,0,"Nick",NA,3,NA,NA,NA
"682",320,2011,"Thieneman","Nick Folk","NYJ","K",1,0,"Nick",NA,NA,NA,NA,NA
"683",957,2014,"Olson","Nick Novak","SD","K",1,0,"Nick",NA,NA,NA,NA,NA
"684",172,2010,"Skrzyskewski","Owen Daniels","Hou","TE",11,0,"Owen",NA,NA,NA,NA,NA
"685",200,2011,"Hartman","Owen Daniels","Hou","TE",10,0,"Owen",11,NA,NA,NA,NA
"686",491,2012,"McShane","Owen Daniels","Hou","TE",5,0,"Owen",10,11,NA,NA,NA
"687",584,2013,"Hartman","Owen Daniels","Bal","TE",7,0,"Owen",5,10,11,NA,NA
"688",1065,2015,"McShane","Owen Daniels","Den","TE",2,0,"Owen",NA,7,5,10,11
"689",69,2010,"Regan","Packers D/ST","GB","D/ST",7,0,"Packers",NA,NA,NA,NA,NA
"690",199,2011,"Hartman","Packers D/ST","GB","D/ST",5,0,"Packers",7,NA,NA,NA,NA
"691",495,2012,"McShane","Packers D/ST","GB","D/ST",2,0,"Packers",5,7,NA,NA,NA
"692",750,2013,"Skrzyskewski","Packers D/ST","Packers ","D/ST",1,0,"Packers",2,5,7,NA,NA
"693",1119,2015,"Ready","Packers D/ST","Packers ","D/ST",1,0,"Packers",NA,1,2,5,7
"694",827,2014,"Higdon","Panthers D/ST","Panthers ","D/ST",5,0,"Panthers",NA,NA,NA,NA,NA
"695",237,2011,"Harrington","Patriots D/ST","NE","D/ST",1,0,"Patriots",NA,NA,NA,NA,NA
"696",617,2013,"Harrington","Patriots D/ST","Patriots ","D/ST",2,0,"Patriots",NA,1,NA,NA,NA
"697",959,2014,"Olson","Patriots D/ST","Patriots ","D/ST",1,0,"Patriots",2,NA,1,NA,NA
"698",988,2015,"Kane","Patriots D/ST","Patriots ","D/ST",1,0,"Patriots",1,2,NA,1,NA
"699",6,2010,"Hartman","Pat White","FA","QB",1,0,"Pat",NA,NA,NA,NA,NA
"700",24,2010,"Kane","Percy Harvin","Min","WR",16,0,"Percy",NA,NA,NA,NA,NA
"701",230,2011,"Harrington","Percy Harvin","Min","WR",26,0,"Percy",16,NA,NA,NA,NA
"702",500,2012,"Thieneman","Percy Harvin","Min","WR",27,0,"Percy",26,16,NA,NA,NA
"703",902,2014,"Matovina","Percy Harvin","Sea","WR",20,0,"Percy",NA,27,26,16,NA
"704",555,2012,"Skrzyskewski","Peyton Hillis","KC","RB",8,0,"Peyton",NA,NA,NA,NA,NA
"705",50,2010,"Higdon","Peyton Manning","Ind","QB",77,0,"Peyton",NA,NA,NA,NA,NA
"706",307,2011,"Thieneman","Peyton Manning","Ind","QB",72,0,"Peyton",77,NA,NA,NA,NA
"707",402,2012,"Kane","Peyton Manning","Den","QB",63,0,"Peyton",72,77,NA,NA,NA
"708",772,2014,"Hartman","Peyton Manning","Den","QB",103,0,"Peyton",NA,63,72,77,NA
"709",963,2015,"Hartman","Peyton Manning","Den","QB",85,0,"Peyton",103,NA,63,72,77
"710",713,2013,"Matovina","Phil Dawson","SF","K",3,0,"Phil",NA,NA,NA,NA,NA
"711",894,2014,"Thieneman","Phil Dawson","SF","K",1,0,"Phil",3,NA,NA,NA,NA
"712",149,2010,"Ready","Philip Rivers","SD","QB",34,0,"Philip",NA,NA,NA,NA,NA
"713",244,2011,"Higdon","Philip Rivers","SD","QB",68,0,"Philip",34,NA,NA,NA,NA
"714",403,2012,"Kane","Philip Rivers","SD","QB",72,0,"Philip",68,34,NA,NA,NA
"715",697,2013,"Thieneman","Philip Rivers","SD","QB",18,0,"Philip",72,68,34,NA,NA
"716",821,2014,"Higdon","Philip Rivers","SD","QB",42,0,"Philip",18,72,68,34,NA
"717",101,2010,"McShane","Pierre Garcon","Ind","WR",20,0,"Pierre",NA,NA,NA,NA,NA
"718",251,2011,"Higdon","Pierre Garcon","Ind","WR",18,0,"Pierre",20,NA,NA,NA,NA
"719",519,2012,"Matovina","Pierre Garcon","Wsh","WR",8,0,"Pierre",18,20,NA,NA,NA
"720",586,2013,"Hartman","Pierre Garcon","Wsh","WR",13,0,"Pierre",8,18,20,NA,NA
"721",792,2014,"Kane","Pierre Garcon","Wsh","WR",26,0,"Pierre",13,8,18,20,NA
"722",972,2015,"Hartman","Pierre Garcon","Wsh","WR",1,0,"Pierre",26,13,8,18,20
"723",20,2010,"Kane","Pierre Thomas","NO","RB",30,0,"Pierre",NA,NA,NA,NA,NA
"724",266,2011,"Regan","Pierre Thomas","NO","RB",2,0,"Pierre",30,NA,NA,NA,NA
"725",527,2012,"Matovina","Pierre Thomas","NO","RB",1,0,"Pierre",2,30,NA,NA,NA
"726",888,2014,"Thieneman","Pierre Thomas","NO","RB",2,0,"Pierre",NA,1,2,30,NA
"727",313,2011,"Thieneman","Plaxico Burress","NYJ","WR",26,0,"Plaxico",NA,NA,NA,NA,NA
"728",735,2013,"Ready","Rams D/ST","Rams ","D/ST",1,0,"Rams",NA,NA,NA,NA,NA
"729",813,2014,"Harrington","Rams D/ST","Rams ","D/ST",3,0,"Rams",1,NA,NA,NA,NA
"730",1001,2015,"Harrington","Rams D/ST","Rams ","D/ST",2,0,"Rams",3,1,NA,NA,NA
"731",622,2013,"Harrington","Randy Bullock","Hou","K",1,0,"Randy",NA,NA,NA,NA,NA
"732",130,2010,"Matovina","Randy Moss","Ten","WR",79,0,"Randy",NA,NA,NA,NA,NA
"733",510,2012,"Thieneman","Randy Moss","SF","WR",1,0,"Randy",NA,79,NA,NA,NA
"734",288,2011,"Shokunbi","Rashad Jennings","Jac","RB",1,0,"Rashad",NA,NA,NA,NA,NA
"735",840,2014,"Regan","Rashad Jennings","NYG","RB",22,0,"Rashad",NA,NA,1,NA,NA
"736",1031,2015,"Regan","Rashad Jennings","NYG","RB",28,0,"Rashad",22,NA,NA,1,NA
"737",161,2010,"Skrzyskewski","Rashard Mendenhall","Pit","RB",52,0,"Rashard",NA,NA,NA,NA,NA
"738",324,2011,"Matovina","Rashard Mendenhall","Pit","RB",72,0,"Rashard",52,NA,NA,NA,NA
"739",636,2013,"Higdon","Rashard Mendenhall","Ari","RB",13,0,"Rashard",NA,72,52,NA,NA
"740",95,2010,"Shokunbi","Ravens D/ST","Bal","D/ST",5,0,"Ravens",NA,NA,NA,NA,NA
"741",280,2011,"Shokunbi","Ravens D/ST","Bal","D/ST",2,0,"Ravens",5,NA,NA,NA,NA
"742",444,2012,"Higdon","Ravens D/ST","Bal","D/ST",7,0,"Ravens",2,5,NA,NA,NA
"743",686,2013,"McShane","Ravens D/ST","Ravens ","D/ST",1,0,"Ravens",7,2,5,NA,NA
"744",926,2014,"Ready","Ravens D/ST","Ravens ","D/ST",1,0,"Ravens",1,7,2,5,NA
"745",1147,2015,"Olson","Ravens D/ST","Ravens ","D/ST",1,0,"Ravens",1,1,7,2,5
"746",97,2010,"McShane","Ray Rice","Bal","RB",94,0,"Ray",NA,NA,NA,NA,NA
"747",372,2011,"Olson","Ray Rice","Bal","RB",99,0,"Ray",94,NA,NA,NA,NA
"748",387,2012,"Hartman","Ray Rice","Bal","RB",107,0,"Ray",99,94,NA,NA,NA
"749",579,2013,"Hartman","Ray Rice","Bal","RB",76,0,"Ray",107,99,94,NA,NA
"750",887,2014,"Thieneman","Ray Rice","Bal","RB",15,0,"Ray",76,107,99,94,NA
"751",123,2010,"Thieneman","Reggie Bush","NO","RB",11,0,"Reggie",NA,NA,NA,NA,NA
"752",346,2011,"Ready","Reggie Bush","Mia","RB",2,0,"Reggie",11,NA,NA,NA,NA
"753",455,2012,"Regan","Reggie Bush","Mia","RB",11,0,"Reggie",2,11,NA,NA,NA
"754",742,2013,"Skrzyskewski","Reggie Bush","Det","RB",37,0,"Reggie",11,2,11,NA,NA
"755",819,2014,"Higdon","Reggie Bush","Det","RB",43,0,"Reggie",37,11,2,11,NA
"756",35,2010,"Harrington","Reggie Wayne","Ind","WR",59,0,"Reggie",NA,NA,NA,NA,NA
"757",329,2011,"Matovina","Reggie Wayne","Ind","WR",51,0,"Reggie",59,NA,NA,NA,NA
"758",441,2012,"Higdon","Reggie Wayne","Ind","WR",9,0,"Reggie",51,59,NA,NA,NA
"759",596,2013,"Kane","Reggie Wayne","Ind","WR",25,0,"Reggie",9,51,59,NA,NA
"760",811,2014,"Harrington","Reggie Wayne","Ind","WR",9,0,"Reggie",25,9,51,59,NA
"761",120,2010,"Thieneman","Ricky Williams","Mia","RB",21,0,"Ricky",NA,NA,NA,NA,NA
"762",317,2011,"Thieneman","Ricky Williams","Bal","RB",1,0,"Ricky",21,NA,NA,NA,NA
"763",778,2014,"Hartman","Riley Cooper","Phi","WR",8,0,"Riley",NA,NA,NA,NA,NA
"764",110,2010,"McShane","Robbie Gould","Chi","K",1,0,"Robbie",NA,NA,NA,NA,NA
"765",395,2012,"Hartman","Robbie Gould","Chi","K",1,0,"Robbie",NA,1,NA,NA,NA
"766",927,2014,"Ready","Robbie Gould","Chi","K",1,0,"Robbie",NA,1,NA,1,NA
"767",188,2010,"Olson","Rob Bironas","Ten","K",2,0,"Rob",NA,NA,NA,NA,NA
"768",331,2011,"Matovina","Rob Bironas","Ten","K",7,0,"Rob",2,NA,NA,NA,NA
"769",494,2012,"McShane","Rob Bironas","Ten","K",1,0,"Rob",7,2,NA,NA,NA
"770",533,2012,"Ready","Robert Griffin III","Wsh","QB",29,0,"Robert",NA,NA,NA,NA,NA
"771",580,2013,"Hartman","Robert Griffin III","Wsh","QB",45,0,"Robert",29,NA,NA,NA,NA
"772",771,2014,"Hartman","Robert Griffin III","Wsh","QB",50,0,"Robert",45,29,NA,NA,NA
"773",38,2010,"Harrington","Robert Meachem","NO","WR",11,0,"Robert",NA,NA,NA,NA,NA
"774",334,2011,"Matovina","Robert Meachem","NO","WR",7,0,"Robert",11,NA,NA,NA,NA
"775",486,2012,"McShane","Robert Meachem","SD","WR",15,0,"Robert",7,11,NA,NA,NA
"776",236,2011,"Harrington","Rob Gronkowski","NE","TE",1,0,"Rob",NA,NA,NA,NA,NA
"777",899,2014,"Matovina","Rob Gronkowski","NE","TE",41,0,"Rob",NA,NA,1,NA,NA
"778",99,2010,"McShane","Roddy White","Atl","WR",43,0,"Roddy",NA,NA,NA,NA,NA
"779",356,2011,"Skrzyskewski","Roddy White","Atl","WR",60,0,"Roddy",43,NA,NA,NA,NA
"780",547,2012,"Skrzyskewski","Roddy White","Atl","WR",57,0,"Roddy",60,43,NA,NA,NA
"781",675,2013,"McShane","Roddy White","Atl","WR",51,0,"Roddy",57,60,43,NA,NA
"782",917,2014,"Ready","Roddy White","Atl","WR",36,0,"Roddy",51,57,60,43,NA
"783",1071,2015,"McShane","Roddy White","Atl","WR",3,0,"Roddy",36,51,57,60,43
"784",165,2010,"Skrzyskewski","Ronnie Brown","Mia","RB",19,0,"Ronnie",NA,NA,NA,NA,NA
"785",272,2011,"Regan","Ronnie Brown","Phi","RB",1,0,"Ronnie",19,NA,NA,NA,NA
"786",700,2013,"Thieneman","Ronnie Hillman","Den","RB",1,0,"Ronnie",NA,NA,NA,NA,NA
"787",991,2015,"Kane","Ronnie Hillman","Den","RB",1,0,"Ronnie",NA,1,NA,NA,NA
"788",397,2012,"Hartman","Royce Adams","NYJ","WR",1,0,"Royce",NA,NA,NA,NA,NA
"789",422,2012,"Harrington","Roy Helu","Wsh","RB",8,0,"Roy",NA,NA,NA,NA,NA
"790",621,2013,"Harrington","Roy Helu","Wsh","RB",1,0,"Roy",8,NA,NA,NA,NA
"791",925,2014,"Ready","Roy Helu","Wsh","RB",1,0,"Roy",1,8,NA,NA,NA
"792",332,2011,"Matovina","Roy Williams","Chi","WR",6,0,"Roy",NA,NA,NA,NA,NA
"793",538,2012,"Ready","Rueben Randle","NYG","WR",2,0,"Rueben",NA,NA,NA,NA,NA
"794",734,2013,"Ready","Rueben Randle","NYG","WR",2,0,"Rueben",2,NA,NA,NA,NA
"795",830,2014,"Higdon","Rueben Randle","NYG","WR",1,0,"Rueben",2,2,NA,NA,NA
"796",1100,2015,"Matovina","Rueben Randle","NYG","WR",1,0,"Rueben",1,2,2,NA,NA
"797",477,2012,"Shokunbi","Russell Wilson","Sea","QB",1,0,"Russell",NA,NA,NA,NA,NA
"798",749,2013,"Skrzyskewski","Ryan Broyles","Det","WR",2,0,"Ryan",NA,NA,NA,NA,NA
"799",376,2011,"Olson","Ryan Fitzpatrick","Buf","QB",2,0,"Ryan",NA,NA,NA,NA,NA
"800",535,2012,"Ready","Ryan Fitzpatrick","Buf","QB",6,0,"Ryan",2,NA,NA,NA,NA
"801",873,2014,"McShane","Ryan Fitzpatrick","Hou","QB",16,0,"Ryan",NA,6,2,NA,NA
"802",1022,2015,"Higdon","Ryan Fitzpatrick","NYJ","QB",2,0,"Ryan",16,NA,6,2,NA
"803",178,2010,"Olson","Ryan Grant","GB","RB",49,0,"Ryan",NA,NA,NA,NA,NA
"804",285,2011,"Shokunbi","Ryan Grant","GB","RB",20,0,"Ryan",49,NA,NA,NA,NA
"805",60,2010,"Higdon","Ryan Longwell","Min","K",2,0,"Ryan",NA,NA,NA,NA,NA
"806",57,2010,"Higdon","Ryan Mathews","SD","RB",21,0,"Ryan",NA,NA,NA,NA,NA
"807",262,2011,"Regan","Ryan Mathews","SD","RB",25,0,"Ryan",21,NA,NA,NA,NA
"808",401,2012,"Kane","Ryan Mathews","SD","RB",35,0,"Ryan",25,21,NA,NA,NA
"809",744,2013,"Skrzyskewski","Ryan Mathews","SD","RB",10,0,"Ryan",35,25,21,NA,NA
"810",867,2014,"McShane","Ryan Mathews","SD","RB",30,0,"Ryan",10,35,25,21,NA
"811",1004,2015,"Harrington","Ryan Mathews","Phi","RB",6,0,"Ryan",30,10,35,25,21
"812",760,2013,"Olson","Ryan Tannehill","Mia","QB",9,0,"Ryan",NA,NA,NA,NA,NA
"813",1124,2015,"Skrzyskewski","Ryan Tannehill","Mia","QB",45,0,"Ryan",NA,9,NA,NA,NA
"814",303,2011,"McShane","Ryan Torain","Wsh","RB",4,0,"Ryan",NA,NA,NA,NA,NA
"815",174,2010,"Skrzyskewski","Saints D/ST","NO","D/ST",1,0,"Saints",NA,NA,NA,NA,NA
"816",222,2011,"Kane","Saints D/ST","NO","D/ST",1,0,"Saints",1,NA,NA,NA,NA
"817",848,2014,"Regan","Saints D/ST","Saints ","D/ST",1,0,"Saints",NA,NA,1,1,NA
"818",111,2010,"McShane","Sam Bradford","StL","QB",1,0,"Sam",NA,NA,NA,NA,NA
"819",459,2012,"Regan","Sam Bradford","StL","QB",15,0,"Sam",NA,1,NA,NA,NA
"820",630,2013,"Higdon","Sam Bradford","StL","QB",17,0,"Sam",15,NA,1,NA,NA
"821",965,2015,"Hartman","Sam Bradford","Phi","QB",30,0,"Sam",NA,17,15,NA,1
"822",128,2010,"Thieneman","Sammy Morris","NE","RB",1,0,"Sammy",NA,NA,NA,NA,NA
"823",793,2014,"Kane","Sammy Watkins","Buf","WR",16,0,"Sammy",NA,NA,NA,NA,NA
"824",1018,2015,"Higdon","Sammy Watkins","Buf","WR",22,0,"Sammy",16,NA,NA,NA,NA
"825",85,2010,"Shokunbi","Santana Moss","Was","WR",14,0,"Santana",NA,NA,NA,NA,NA
"826",204,2011,"Hartman","Santana Moss","Wsh","WR",12,0,"Santana",14,NA,NA,NA,NA
"827",68,2010,"Regan","Santonio Holmes","NYJ","WR",13,0,"Santonio",NA,NA,NA,NA,NA
"828",373,2011,"Olson","Santonio Holmes","NYJ","WR",23,0,"Santonio",13,NA,NA,NA,NA
"829",554,2012,"Skrzyskewski","Santonio Holmes","NYJ","WR",9,0,"Santonio",23,13,NA,NA,NA
"830",410,2012,"Kane","Seahawks D/ST","Sea","D/ST",3,0,"Seahawks",NA,NA,NA,NA,NA
"831",581,2013,"Hartman","Seahawks D/ST","Seahawks ","D/ST",10,0,"Seahawks",3,NA,NA,NA,NA
"832",774,2014,"Hartman","Seahawks D/ST","Seahawks ","D/ST",7,0,"Seahawks",10,3,NA,NA,NA
"833",1014,2015,"Higdon","Seahawks D/ST","Seahawks ","D/ST",6,0,"Seahawks",7,10,3,NA,NA
"834",503,2012,"Thieneman","Sebastian Janikowski","Oak","K",6,0,"Sebastian",NA,NA,NA,NA,NA
"835",687,2013,"McShane","Sebastian Janikowski","Oak","K",1,0,"Sebastian",6,NA,NA,NA,NA
"836",411,2012,"Kane","Shane Vereen","NE","RB",3,0,"Shane",NA,NA,NA,NA,NA
"837",698,2013,"Thieneman","Shane Vereen","NE","RB",15,0,"Shane",3,NA,NA,NA,NA
"838",1037,2015,"Regan","Shane Vereen","NYG","RB",2,0,"Shane",NA,15,3,NA,NA
"839",922,2014,"Ready","Shaun Hill","StL","QB",1,0,"Shaun",NA,NA,NA,NA,NA
"840",34,2010,"Harrington","Shonn Greene","NYJ","RB",55,0,"Shonn",NA,NA,NA,NA,NA
"841",206,2011,"Hartman","Shonn Greene","NYJ","RB",44,0,"Shonn",55,NA,NA,NA,NA
"842",458,2012,"Regan","Shonn Greene","NYJ","RB",21,0,"Shonn",44,55,NA,NA,NA
"843",731,2013,"Ready","Shonn Greene","Ten","RB",2,0,"Shonn",21,44,55,NA,NA
"844",907,2014,"Matovina","Shonn Greene","Ten","RB",1,0,"Shonn",2,21,44,55,NA
"845",114,2010,"Thieneman","Sidney Rice","Min","WR",37,0,"Sidney",NA,NA,NA,NA,NA
"846",343,2011,"Ready","Sidney Rice","Sea","WR",13,0,"Sidney",37,NA,NA,NA,NA
"847",409,2012,"Kane","Sidney Rice","Sea","WR",10,0,"Sidney",13,37,NA,NA,NA
"848",648,2013,"Regan","Sidney Rice","Sea","WR",15,0,"Sidney",10,13,37,NA,NA
"849",125,2010,"Thieneman","Steelers D/ST","Pit","D/ST",3,0,"Steelers",NA,NA,NA,NA,NA
"850",249,2011,"Higdon","Steelers D/ST","Pit","D/ST",7,0,"Steelers",3,NA,NA,NA,NA
"851",461,2012,"Regan","Steelers D/ST","Pit","D/ST",10,0,"Steelers",7,3,NA,NA,NA
"852",606,2013,"Kane","Steelers D/ST","Steelers ","D/ST",1,0,"Steelers",10,7,3,NA,NA
"853",28,2010,"Kane","Stephen Gostkowski","NE","K",2,0,"Stephen",NA,NA,NA,NA,NA
"854",208,2011,"Hartman","Stephen Gostkowski","NE","K",12,0,"Stephen",2,NA,NA,NA,NA
"855",440,2012,"Higdon","Stephen Gostkowski","NE","K",2,0,"Stephen",12,2,NA,NA,NA
"856",659,2013,"Shokunbi","Stephen Gostkowski","NE","K",3,0,"Stephen",2,12,2,NA,NA
"857",879,2014,"McShane","Stephen Gostkowski","NE","K",10,0,"Stephen",3,2,12,2,NA
"858",1052,2015,"Shokunbi","Stephen Gostkowski","NE","K",7,0,"Stephen",10,3,2,12,2
"859",454,2012,"Regan","Stevan Ridley","NE","RB",16,0,"Stevan",NA,NA,NA,NA,NA
"860",614,2013,"Harrington","Stevan Ridley","NE","RB",69,0,"Stevan",16,NA,NA,NA,NA
"861",877,2014,"McShane","Stevan Ridley","NE","RB",7,0,"Stevan",69,16,NA,NA,NA
"862",168,2010,"Skrzyskewski","Steve Breaston","Ari","WR",11,0,"Steve",NA,NA,NA,NA,NA
"863",281,2011,"Shokunbi","Steve Johnson","Buf","WR",44,0,"Steve",NA,NA,NA,NA,NA
"864",453,2012,"Regan","Steve Johnson","Buf","WR",25,0,"Steve",44,NA,NA,NA,NA
"865",728,2013,"Ready","Steve Johnson","Buf","WR",11,0,"Steve",25,44,NA,NA,NA
"866",828,2014,"Higdon","Steven Hauschka","Sea","K",2,0,"Steven",NA,NA,NA,NA,NA
"867",1072,2015,"McShane","Steven Hauschka","Sea","K",5,0,"Steven",2,NA,NA,NA,NA
"868",129,2010,"Matovina","Steven Jackson","StL","RB",94,0,"Steven",NA,NA,NA,NA,NA
"869",260,2011,"Regan","Steven Jackson","StL","RB",52,0,"Steven",94,NA,NA,NA,NA
"870",548,2012,"Skrzyskewski","Steven Jackson","StL","RB",66,0,"Steven",52,94,NA,NA,NA
"871",613,2013,"Harrington","Steven Jackson","Atl","RB",57,0,"Steven",66,52,94,NA,NA
"872",776,2014,"Hartman","Steven Jackson","Atl","RB",12,0,"Steven",57,66,52,94,NA
"873",8,2010,"Hartman","Steve Slaton","Hou","RB",1,0,"Steve",NA,NA,NA,NA,NA
"874",52,2010,"Higdon","Steve Smith","NYG","WR",26,0,"Steve",NA,NA,NA,NA,NA
"875",119,2010,"Thieneman","Steve Smith","Car","WR",27,0,"Steve",NA,NA,NA,NA,NA
"876",300,2011,"McShane","Steve Smith","Car","WR",14,0,"Steve",27,NA,NA,NA,NA
"877",757,2013,"Olson","Steve Smith","Bal","WR",23,0,"Steve",NA,14,27,NA,NA
"878",891,2014,"Thieneman","Steve Smith","Bal","WR",1,0,"Steve",23,NA,14,27,NA
"879",1020,2015,"Higdon","Steve Smith Sr.","Bal","WR",8,0,"Steve",NA,NA,NA,NA,NA
"880",175,2010,"Skrzyskewski","Tarvaris Jackson","Min","QB",1,0,"Tarvaris",NA,NA,NA,NA,NA
"881",362,2011,"Skrzyskewski","Tarvaris Jackson","Sea","QB",1,0,"Tarvaris",1,NA,NA,NA,NA
"882",632,2013,"Higdon","Tavon Austin","StL","WR",28,0,"Tavon",NA,NA,NA,NA,NA
"883",942,2014,"Skrzyskewski","Tavon Austin","StL","WR",1,0,"Tavon",28,NA,NA,NA,NA
"884",845,2014,"Regan","Teddy Bridgewater","Min","QB",1,0,"Teddy",NA,NA,NA,NA,NA
"885",1076,2015,"Thieneman","Teddy Bridgewater","Min","QB",35,0,"Teddy",1,NA,NA,NA,NA
"886",941,2014,"Skrzyskewski","Terrance West","Cle","RB",1,0,"Terrance",NA,NA,NA,NA,NA
"887",779,2014,"Hartman","Terrance Williams","Dal","WR",6,0,"Terrance",NA,NA,NA,NA,NA
"888",90,2010,"Shokunbi","Terrell Owens","Cin","WR",5,0,"Terrell",NA,NA,NA,NA,NA
"889",205,2011,"Hartman","Terrell Owens","FA","WR",2,0,"Terrell",5,NA,NA,NA,NA
"890",1082,2015,"Thieneman","Tevin Coleman","Atl","RB",3,0,"Tevin",NA,NA,NA,NA,NA
"891",16,2010,"Hartman","Texans D/ST","Hou","D/ST",1,0,"Texans",NA,NA,NA,NA,NA
"892",443,2012,"Higdon","Texans D/ST","Hou","D/ST",6,0,"Texans",NA,1,NA,NA,NA
"893",629,2013,"Higdon","Texans D/ST","Texans ","D/ST",6,0,"Texans",6,NA,1,NA,NA
"894",1080,2015,"Thieneman","Texans D/ST","Texans ","D/ST",6,0,"Texans",NA,6,6,NA,1
"895",152,2010,"Ready","Thomas Jones","KC","RB",11,0,"Thomas",NA,NA,NA,NA,NA
"896",271,2011,"Regan","Thomas Jones","KC","RB",2,0,"Thomas",11,NA,NA,NA,NA
"897",336,2011,"Matovina","Tiki Barber","FA","RB",4,0,"Tiki",NA,NA,NA,NA,NA
"898",14,2010,"Hartman","Tim Hightower","Ari","RB",1,0,"Tim",NA,NA,NA,NA,NA
"899",364,2011,"Skrzyskewski","Tim Hightower","Wsh","RB",29,0,"Tim",1,NA,NA,NA,NA
"900",37,2010,"Harrington","Tim Tebow","Den","QB",2,0,"Tim",NA,NA,NA,NA,NA
"901",518,2012,"Matovina","Tim Tebow","NYJ","QB",2,0,"Tim",NA,2,NA,NA,NA
"902",349,2011,"Ready","Titus Young","Det","WR",2,0,"Titus",NA,NA,NA,NA,NA
"903",493,2012,"McShane","Titus Young","Det","WR",4,0,"Titus",2,NA,NA,NA,NA
"904",182,2010,"Olson","T.J. Houshmandzadeh","Bal","WR",8,0,"T.J.",NA,NA,NA,NA,NA
"905",1045,2015,"Shokunbi","T.J. Yeldon","Jac","RB",20,0,"T.J.",NA,NA,NA,NA,NA
"906",428,2012,"Harrington","Toby Gerhart","Min","RB",7,0,"Toby",NA,NA,NA,NA,NA
"907",871,2014,"McShane","Toby Gerhart","Jac","RB",20,0,"Toby",NA,7,NA,NA,NA
"908",1143,2015,"Olson","Todd Gurley","StL","RB",13,0,"Todd",NA,NA,NA,NA,NA
"909",1,2010,"Hartman","Tom Brady","NE","QB",77,0,"Tom",NA,NA,NA,NA,NA
"910",419,2012,"Harrington","Tom Brady","NE","QB",108,0,"Tom",NA,77,NA,NA,NA
"911",739,2013,"Skrzyskewski","Tom Brady","NE","QB",93,0,"Tom",108,NA,77,NA,NA
"912",852,2014,"Shokunbi","Tom Brady","NE","QB",68,0,"Tom",93,108,NA,77,NA
"913",1061,2015,"McShane","Tom Brady","NE","QB",87,0,"Tom",68,93,108,NA,77
"914",56,2010,"Higdon","Tony Gonzalez","Atl","TE",14,0,"Tony",NA,NA,NA,NA,NA
"915",345,2011,"Ready","Tony Gonzalez","Atl","TE",6,0,"Tony",14,NA,NA,NA,NA
"916",505,2012,"Thieneman","Tony Gonzalez","Atl","TE",8,0,"Tony",6,14,NA,NA,NA
"917",628,2013,"Higdon","Tony Gonzalez","Atl","TE",20,0,"Tony",8,6,14,NA,NA
"918",82,2010,"Shokunbi","Tony Romo","Dal","QB",39,0,"Tony",NA,NA,NA,NA,NA
"919",276,2011,"Shokunbi","Tony Romo","Dal","QB",40,0,"Tony",39,NA,NA,NA,NA
"920",467,2012,"Shokunbi","Tony Romo","Dal","QB",48,0,"Tony",40,39,NA,NA,NA
"921",645,2013,"Regan","Tony Romo","Dal","QB",67,0,"Tony",48,40,39,NA,NA
"922",837,2014,"Regan","Tony Romo","Dal","QB",64,0,"Tony",67,48,40,39,NA
"923",1027,2015,"Regan","Tony Romo","Dal","QB",70,0,"Tony",64,67,48,40,39
"924",633,2013,"Higdon","Torrey Smith","Bal","WR",31,0,"Torrey",NA,NA,NA,NA,NA
"925",950,2014,"Olson","Torrey Smith","Bal","WR",25,0,"Torrey",31,NA,NA,NA,NA
"926",1005,2015,"Harrington","Torrey Smith","SF","WR",4,0,"Torrey",25,31,NA,NA,NA
"927",979,2015,"Kane","Travis Kelce","KC","TE",17,0,"Travis",NA,NA,NA,NA,NA
"928",971,2015,"Hartman","Tre Mason","StL","RB",3,0,"Tre",NA,NA,NA,NA,NA
"929",566,2012,"Olson","Trent Richardson","Cle","RB",24,0,"Trent",NA,NA,NA,NA,NA
"930",886,2014,"Thieneman","Trent Richardson","Ind","RB",4,0,"Trent",NA,24,NA,NA,NA
"931",40,2010,"Harrington","Troy Williamson","FA","WR",2,0,"Troy",NA,NA,NA,NA,NA
"932",634,2013,"Higdon","T.Y. Hilton","Ind","WR",7,0,"T.Y.",NA,NA,NA,NA,NA
"933",855,2014,"Shokunbi","T.Y. Hilton","Ind","WR",15,0,"T.Y.",7,NA,NA,NA,NA
"934",996,2015,"Harrington","T.Y. Hilton","Ind","WR",57,0,"T.Y.",15,7,NA,NA,NA
"935",1051,2015,"Shokunbi","Tyler Eifert","Cin","TE",5,0,"Tyler",NA,NA,NA,NA,NA
"936",1050,2015,"Shokunbi","Tyrod Taylor","Buf","QB",7,0,"Tyrod",NA,NA,NA,NA,NA
"937",88,2010,"Shokunbi","Vernon Davis","SF","TE",22,0,"Vernon",NA,NA,NA,NA,NA
"938",298,2011,"McShane","Vernon Davis","SF","TE",17,0,"Vernon",22,NA,NA,NA,NA
"939",436,2012,"Higdon","Vernon Davis","SF","TE",24,0,"Vernon",17,22,NA,NA,NA
"940",598,2013,"Kane","Vernon Davis","SF","TE",15,0,"Vernon",24,17,22,NA,NA
"941",822,2014,"Higdon","Vernon Davis","SF","TE",24,0,"Vernon",15,24,17,22,NA
"942",681,2013,"McShane","Vick Ballard","Ind","RB",7,0,"Vick",NA,NA,NA,NA,NA
"943",405,2012,"Kane","Victor Cruz","NYG","WR",36,0,"Victor",NA,NA,NA,NA,NA
"944",660,2013,"Shokunbi","Victor Cruz","NYG","WR",36,0,"Victor",36,NA,NA,NA,NA
"945",789,2014,"Kane","Victor Cruz","NYG","WR",42,0,"Victor",36,36,NA,NA,NA
"946",1116,2015,"Ready","Victor Cruz","NYG","WR",1,0,"Victor",42,36,36,NA,NA
"947",156,2010,"Ready","Vikings D/ST","Min","D/ST",2,0,"Vikings",NA,NA,NA,NA,NA
"948",1070,2015,"McShane","Vikings D/ST","Vikings ","D/ST",2,0,"Vikings",NA,NA,NA,NA,2
"949",730,2013,"Ready","Vincent Brown","SD","WR",2,0,"Vincent",NA,NA,NA,NA,NA
"950",181,2010,"Olson","Vincent Jackson","SD","WR",29,0,"Vincent",NA,NA,NA,NA,NA
"951",294,2011,"McShane","Vincent Jackson","SD","WR",55,0,"Vincent",29,NA,NA,NA,NA
"952",506,2012,"Thieneman","Vincent Jackson","TB","WR",26,0,"Vincent",55,29,NA,NA,NA
"953",741,2013,"Skrzyskewski","Vincent Jackson","TB","WR",36,0,"Vincent",26,55,29,NA,NA
"954",868,2014,"McShane","Vincent Jackson","TB","WR",42,0,"Vincent",36,26,55,29,NA
"955",1094,2015,"Matovina","Vincent Jackson","TB","WR",15,0,"Vincent",42,36,26,55,29
"956",189,2010,"Olson","Vince Young","Ten","QB",2,0,"Vince",NA,NA,NA,NA,NA
"957",72,2010,"Regan","Visanthe Shiancoe","Min","TE",11,0,"Visanthe",NA,NA,NA,NA,NA
"958",113,2010,"Thieneman","Wes Welker","NE","WR",26,0,"Wes",NA,NA,NA,NA,NA
"959",615,2013,"Harrington","Wes Welker","Den","WR",26,0,"Wes",NA,NA,26,NA,NA
"960",952,2014,"Olson","Wes Welker","Den","WR",4,0,"Wes",26,NA,NA,26,NA
"961",220,2011,"Kane","Willis McGahee","Den","RB",1,0,"Willis",NA,NA,NA,NA,NA
"962",551,2012,"Skrzyskewski","Willis McGahee","Den","RB",23,0,"Willis",1,NA,NA,NA,NA
"963",998,2015,"Harrington","Zach Ertz","Phi","TE",4,0,"Zach",NA,NA,NA,NA,NA
"964",157,2010,"Ready","Zach Miller","Oak","TE",2,0,"Zach",NA,NA,NA,NA,NA
"965",301,2011,"McShane","Zach Miller","Sea","TE",2,0,"Zach",2,NA,NA,NA,NA
