playername,position,team,points
Antonio Brown,WR,PIT,241.364
Todd Gurley,RB,LA,234.4091
David Johnson,RB,ARI,223.3925
Odell Beckham,WR,NYG,216.2336
Julio Jones,WR,ATL,214.377
Adrian Peterson,RB,MIN,213.8005
Lamar Miller,RB,HOU,209.3771
Jamaal Charles,RB,KC,205.7868
Ezekiel Elliott,RB,DAL,204.8415
DeAndre Hopkins,WR,HOU,194.3318
Cam Newton,QB,CAR,333.7124
Dez Bryant,WR,DAL,189.7303
Rob Gronkowski,TE,NE,177.3444
LeVeon Bell,RB,PIT,194.2712
Devonta Freeman,RB,ATL,192.9754
LeSean McCoy,RB,BUF,191.6838
A.J. Green,WR,CIN,182.1375
Allen Robinson,WR,JAC,181.6441
Mark Ingram,RB,NO,186.6958
Jordy Nelson,WR,GB,178.309
Eddie Lacy,RB,GB,182.4071
Brandon Marshall,WR,NYJ,174.4646
Russell Wilson,QB,SEA,316.7672
Alshon Jeffery,WR,CHI,174.3107
Aaron Rodgers,QB,GB,316.0337
Doug Martin,RB,TB,178.9642
Keenan Allen,WR,SD,168.8471
Mike Evans,WR,TB,167.6063
C.J. Anderson,RB,DEN,172.9237
Amari Cooper,WR,OAK,165.7531
T.Y. Hilton,WR,IND,164.2143
Brandin Cooks,WR,NO,163.7232
Sammy Watkins,WR,BUF,163.1242
Thomas Rawls,RB,SEA,167.8166
Jordan Reed,TE,WAS,145.7762
Matt Forte,RB,NYJ,162.3153
Randall Cobb,WR,GB,155.5828
Andrew Luck,QB,IND,297.5151
Carlos Hyde,RB,SF,161.0922
Demaryius Thomas,WR,DEN,154.9006
Latavius Murray,RB,OAK,159.683
Eric Decker,WR,NYJ,152.6855
DeMarco Murray,RB,TEN,158.1021
Jarvis Landry,WR,MIA,151.0371
Jeremy Hill,RB,CIN,156.183
Doug Baldwin,WR,SEA,149.6273
Greg Olsen,TE,CAR,135.9509
Jonathan Stewart,RB,CAR,153.4767
Jeremy Langford,RB,CHI,153.4441
Jeremy Maclin,WR,KC,146.6095
Golden Tate,WR,DET,144.6086
Donte Moncrief,WR,IND,144.4921
Drew Brees,QB,NO,286.2529
Kelvin Benjamin,WR,CAR,143.492
Michael Floyd,WR,ARI,143.3066
Emmanuel Sanders,WR,DEN,138.7218
Julian Edelman,WR,NE,138.5132
Matt Jones,RB,WAS,143.7946
Ryan Mathews,RB,PHI,143.7256
Larry Fitzgerald,WR,ARI,137.1222
Ben Roethlisberger,QB,PIT,278.3448
Frank Gore,RB,IND,141.1782
Delanie Walker,TE,TEN,122.6064
Ameer Abdullah,RB,DET,139.7544
Jordan Matthews,WR,PHI,133.6216
John Brown,WR,ARI,132.9434
Tyler Lockett,WR,SEA,132.6299
Rashad Jennings,RB,NYG,138.2733
Coby Fleener,TE,NO,119.3292
Blake Bortles,QB,JAC,273.5273
Melvin Gordon,RB,SD,137.2772
Michael Crabtree,WR,OAK,129.2412
Travis Kelce,TE,KC,116.9834
Giovani Bernard,RB,CIN,134.7506
Philip Rivers,QB,SD,270.9298
DeSean Jackson,WR,WAS,128.0892
Tavon Austin,WR,LA,127.7678
Gary Barnidge,TE,CLE,114.9299
Kirk Cousins,QB,WAS,268.2844
Danny Woodhead,RB,SD,132.0182
Allen Hurns,WR,JAC,125.9099
Carson Palmer,QB,ARI,267.6053
Eli Manning,QB,NYG,267.5849
DeVante Parker,WR,MIA,125.0945
Arian Foster,RB,MIA,131.066
Tyrod Taylor,QB,BUF,266.1117
Duke Johnson,RB,CLE,129.5631
Marvin Jones,WR,DET,123.3228
LeGarrette Blount,RB,NE,128.9506
Jameis Winston,QB,TB,263.4099
Matthew Stafford,QB,DET,263.0868
Torrey Smith,WR,SF,120.2728
T.J. Yeldon,RB,JAC,125.9828
Stefon Diggs,WR,MIN,118.8392
Antonio Gates,TE,SD,106.6725
Martellus Bennett,TE,NE,104.3525
Andy Dalton,QB,CIN,258.4914
Tyler Eifert,TE,CIN,103.6789
Julius Thomas,TE,JAC,103.6267
Ryan Fitzpatrick,QB,NYJ,257.7414
Kevin White,WR,CHI,115.2134
Zach Ertz,TE,PHI,102.9558
Derek Carr,QB,OAK,257.049
Willie Snead,WR,NO,112.5079
Justin Forsett,RB,BAL,118.2785
Isaiah Crowell,RB,CLE,117.8204
Sterling Shepard,WR,NYG,111.395
Alex Smith,QB,KC,253.6892
Charles Sims,RB,TB,116.9988
Vincent Jackson,WR,TB,110.8864
Jason Witten,TE,DAL,98.9661
Zach Miller,TE,CHI,98.017
Chris Ivory,RB,JAC,115.9263
Dwayne Allen,TE,IND,97.133
Corey Coleman,WR,CLE,108.7798
Tony Romo,QB,DAL,250.3345
Ryan Tannehill,QB,MIA,249.7568
Travis Benjamin,WR,SD,104.2707
Marcus Mariota,QB,TEN,246.0768
Matt Ryan,QB,ATL,244.8963
DeAngelo Williams,RB,PIT,108.1826
Josh Gordon,WR,CLE,101.3173
Charles Clay,TE,BUF,88.6066
Joe Flacco,QB,BAL,241.323
Markus Wheaton,WR,PIT,98.9002
Jimmy Graham,TE,SEA,85.4321
Rishard Matthews,WR,TEN,96.5959
Kamar Aiken,WR,BAL,96.5949
Bilal Powell,RB,NYJ,102.4574
Mohamed Sanu,WR,ATL,96.1767
Steve Smith,WR,BAL,95.6798
Pierre Garcon,WR,WAS,94.7275
Theo Riddick,RB,DET,100.1741
Terrance Williams,WR,DAL,93.9582
Eric Ebron,TE,DET,82.0019
Jay Ajayi,RB,MIA,99.3379
Michael Thomas,WR,NO,92.2683
Mike Wallace,WR,BAL,92.2055
Clive Walford,TE,OAK,80.1502
Devin Funchess,WR,CAR,91.6474
Jay Cutler,QB,CHI,233.9448
Derrick Henry,RB,TEN,97.3957
Tom Brady,QB,NE,232.8351
Phillip Dorsett,WR,IND,89.913
Kyle Rudolph,TE,MIN,77.1068
Darren Sproles,RB,PHI,94.8038
Jared Cook,TE,GB,74.8467
Laquon Treadwell,WR,MIN,86.4779
Shane Vereen,RB,NYG,92.5651
Kenny Britt,WR,LA,86.1839
Tyler Boyd,WR,CIN,85.8666
Robert Woods,WR,BUF,83.9955
Jordan Cameron,TE,MIA,71.2055
Brock Osweiler,QB,HOU,225.2641
Ladarius Green,TE,PIT,70.6911
Ted Ginn,WR,CAR,82.3332
James Starks,RB,GB,88.4135
Will Tye,TE,NYG,69.173
Benjamin Watson,TE,BAL,68.6356
Will Fuller,WR,HOU,80.2607
Anquan Boldin,WR,DET,79.9674
Cameron Brate,TE,TB,67.6132
Sammie Coates,WR,PIT,79.3233
Devontae Booker,RB,DEN,85.3001
Vance McDonald,TE,SF,67.0247
Jermaine Kearse,WR,SEA,77.7912
Tevin Coleman,RB,ATL,82.0651
Dion Lewis,RB,NE,81.6921
Kendall Wright,WR,TEN,74.7165
Cole Beasley,WR,DAL,73.9717
Tajae Sharpe,WR,TEN,72.9797
James White,RB,NE,78.8352
Jacob Tamme,TE,ATL,60.4272
Nelson Agholor,WR,PHI,71.8629
Jerick McKinnon,RB,MIN,77.5641
Austin Seferian-Jenkins,TE,TB,58.4773
Jaelen Strong,WR,HOU,70.376
Jace Amaro,TE,NYJ,58.2412
Chris Hogan,WR,NE,69.536
Davante Adams,WR,GB,69.3963
Terrance West,RB,BAL,74.381
Brandon LaFell,WR,CIN,68.1628
Bruce Ellington,WR,SF,68.0135
Seth Roberts,WR,OAK,67.8126
Javorius Allen,RB,BAL,73.7238
Richard Rodgers,TE,GB,55.1965
Tim Hightower,RB,NO,72.9334
Teddy Bridgewater,QB,MIN,208.6616
Christine Michael,RB,SEA,72.2741
Chris Thompson,RB,WAS,71.9116
DeAndre Washington,RB,OAK,71.3091
Jamison Crowder,WR,WAS,64.8197
Braxton Miller,WR,HOU,64.2887
Jordan Howard,RB,CHI,69.9216
Spencer Ware,RB,KC,69.3851
Lance Kendricks,TE,LA,51.2917
Shaun Draughn,RB,SF,68.9615
Albert Wilson,WR,KC,62.8542
Dorial Green-Beckham,WR,TEN,62.7189
Virgil Green,TE,DEN,49.8463
James Jones,WR,FA,60.9
Kenny Stills,WR,MIA,59.0123
Darren Fells,TE,ARI,46.5259
Chris Conley,WR,KC,57.9606
Danny Amendola,WR,NE,57.6141
Larry Donnell,TE,NYG,45.6761
Eddie Royal,WR,CHI,57.25
Garrett Celek,TE,SF,45.2235
Josh Doctson,WR,WAS,57.0251
Breshad Perriman,WR,BAL,57.019
Chris Johnson,RB,ARI,63.0311
Quinton Patton,WR,SF,56.8113
Brent Celek,TE,PHI,43.031
Jeff Heuerman,TE,DEN,42.8751
Benny Cunningham,RB,LA,60.8795
Luke Willson,TE,SEA,41.7637
Tyler Higbee,TE,LA,40.9658
Leonte Carroo,WR,MIA,52.7886
Paul Perkins,RB,NYG,58.8315
Ryan Griffin,TE,HOU,40.6581
C.J. Spiller,RB,NO,58.5071
Justin Hardy,WR,ATL,52.1975
Hunter Henry,TE,SD,40.2205
Kenneth Dixon,RB,BAL,58.1666
Victor Cruz,WR,NYG,51.8992
Darren McFadden,RB,DAL,56.8063
Robert Griffin,QB,CLE,192.6969
Jermaine Gresham,TE,ARI,37.4841
C.J. Prosise,RB,SEA,55.0187
Jarius Wright,WR,MIN,48.833
Mychal Rivera,TE,OAK,36.8937
Josh Ferguson,RB,IND,54.3302
Jesse James,TE,PIT,36.1925
Jack Doyle,TE,IND,36.1557
KaDeem Carey,RB,CHI,54.0692
Andrew Hawkins,WR,CLE,47.4941
Alfred Blue,RB,HOU,52.7367
Josh Hill,TE,NO,34.4855
Austin Hooper,TE,ATL,34.449
Crockett Gillmore,TE,BAL,33.9291
J.J. Nelson,WR,ARI,45.0987
Pharoh Cooper,WR,LA,45.0217
Wendell Smallwood,RB,PHI,50.9271
Alfred Morris,RB,DAL,50.6818
Andre Ellington,RB,ARI,50.3712
Marqise Lee,WR,JAC,44.1765
Maxx Williams,TE,BAL,32.2155
Philly Brown,WR,CAR,44.033
Mike Tolbert,RB,CAR,49.8786
Charcandrick West,RB,KC,49.5443
Marcedes Lewis,TE,JAC,30.9786
Cecil Shorts,WR,HOU,42.2404
Anthony Fasano,TE,TEN,29.5926
Mike Gillislee,RB,BUF,47.1536
Niles Paul,TE,WAS,28.7849
Tyler Kroft,TE,CIN,28.5742
Terrelle Pryor,WR,CLE,40
Terrelle Pryor,WR,CLE,40
Cameron Artis-Payne,RB,CAR,45.9575
Tyrell Williams,WR,SD,39.5067
Ronnie Hillman,RB,DEN,45.4304
MyCole Pruitt,TE,MIN,26.9204
Quincy Enunwa,WR,NYJ,38.3744
Gavin Escobar,TE,DAL,26.2491
Khiry Robinson,RB,NYJ,43.959
Dontrelle Inman,WR,SD,36.9273
Dwayne Harris,WR,NYG,36.7019
Robert Turbin,RB,IND,42.6282
C.J. Fiedorowicz,TE,HOU,24.2781
Rashad Greene,WR,JAC,36.0217
Charles Johnson,WR,MIN,35.998
Ed Dickson,TE,CAR,24.077
Kenyan Drake,RB,MIA,42.0449
Zach Zenner,RB,DET,42.0229
Malcolm Mitchell,WR,NE,35.7709
Andre Holmes,WR,OAK,34.6022
Blake Bell,TE,SF,22.6293
Chris Gragg,TE,BUF,22.4495
T.J. Jones,WR,DET,33.8598
Dion Sims,TE,MIA,21.5327
Ryan Hewitt,TE,CIN,21.3672
Jerome Simpson,WR,SF,32.8929
Darrius Heyward-Bey,WR,PIT,32.4679
Dexter McCluster,RB,TEN,38.1094
Vernon Davis,TE,WAS,19.8651
Ty Montgomery,WR,GB,31.7556
Rhett Ellison,TE,MIN,19.6751
Rueben Randle,WR,PHI,31.3917
Brian Quick,WR,LA,31.1658
Jim Dray,TE,BUF,18.9001
Tony Moeaki,TE,CHI,18.8301
Keith Marshall,RB,WAS,36.5473
Jonathan Williams,RB,BUF,36.1687
Brandon Pettigrew,TE,DET,18.0832
Brandon Coleman,WR,NO,29.7388
Craig Stevens,TE,TEN,17.5219
Bennie Fowler,WR,DEN,28.8397
Brice Butler,WR,DAL,28.6893
Devin Smith,WR,NYJ,28.5236
Sam Bradford,QB,PHI,170.7502
Dennis Pitta,TE,BAL,15.904
Andre Johnson,WR,FA,27.7026
Adam Humphries,WR,TB,27.5223
Jordan Norwood,WR,DEN,27.4667
Chris Givens,WR,PHI,27.3048
Jeff Janis,WR,GB,27.2934
Marcel Reece,RB,OAK,33.0874
A.J. Derby,TE,NE,14.8432
Cory Harkey,TE,LA,14.7892
Brandon Bolden,RB,NE,32.3405
Quan Bray,WR,IND,26.1479
Lee Smith,TE,OAK,14.1693
Blaine Gabbert,QB,SF,168.2856
Cody Latimer,WR,DEN,25.812
Michael Hoomanawanui,TE,NO,13.6979
Dezmin Lewis,WR,BUF,25.4308
James Hanna,TE,DAL,13.4872
Eli Rogers,WR,PIT,25.1988
Taylor Gabriel,WR,CLE,25.106
Josh Huff,WR,PHI,24.9547
Rashard Higgins,WR,CLE,24.833
Reggie Bush,RB,SF,30.886
James OShaughnessy,TE,KC,12.7534
Branden Oliver,RB,SD,30.6857
Rob Housler,TE,CHI,12.52
Nick Williams,WR,ATL,24.3532
Louis Murphy,WR,TB,24.2832
Ricardo Louis,WR,CLE,23.9634
Chris Moore,WR,BAL,23.7038
Ryan Grant,WR,WAS,23.6638
Matt Asiata,RB,MIN,29.7235
Kenbrell Thompkins,WR,NYJ,23.5911
Trey Burton,TE,PHI,11.4064
Demetrius Harris,TE,KC,11.309
Marquess Wilson,WR,CHI,23.1132
Erik Swoope,TE,IND,11.0034
Kenny Bell,WR,TB,22.8976
Stevan Ridley,RB,DET,28.8451
Paul Richardson,WR,SEA,22.686
David Johnson,TE,PIT,9.948
Steve Johnson,WR,SD,21.3068
Kellen Davis,TE,NYJ,9.0489
Justin Hunter,WR,TEN,20.755
Jake Stoneburner,TE,MIA,8.6577
DeAndre Smelter,WR,SF,20.5663
Jonathan Grimes,RB,HOU,26.5847
Nick Vannett,TE,SEA,8.0978
Jared Abbrederis,WR,GB,19.9732
C.J. Uzomah,TE,CIN,8.0583
Jaron Brown,WR,ARI,19.9499
Troy Niklas,TE,ARI,7.7338
Justin Perillo,TE,GB,7.5651
Harry Douglas,WR,TEN,19.4
Justice Cunningham,TE,LA,7.372
Andre Roberts,WR,DET,19.0886
Logan Paulsen,TE,WAS,7.0416
Jeremy Kerley,WR,DET,18.8895
Clay Harbor,TE,NE,6.9081
Josh Bellamy,WR,CHI,18.7254
Kyle Juszczyk,RB,BAL,24.7687
Fozzy Whittaker,RB,CAR,24.3987
Matt Spaeth,TE,FA,6.0926
Antonio Andrews,RB,TEN,24.0803
Jeff Cumberland,TE,SD,5.7144
Daniel Fells,TE,NYG,5.6089
Kenjon Barner,RB,PHI,23.5569
Levine Toilolo,TE,ATL,5.4613
Garrett Graham,TE,DEN,5.277
Luke Stocker,TE,TB,5.1583
Tyler Ervin,RB,HOU,23.1559
Gerald Christian,TE,ARI,5.0687
Derek Carrier,TE,WAS,5.0042
Brandon Myers,TE,TB,4.9428
Fitzgerald Toussaint,RB,PIT,22.8812
Ben Koyack,TE,JAC,4.7709
E.J. Bibbs,TE,CLE,4.7173
Jerell Adams,TE,NYG,4.4567
Javontee Herndon,WR,SD,16.2757
Zach Sudfeld,TE,NYJ,4.3149
Nate Washington,WR,NE,16.1701
Matt LaCosse,TE,NYG,4.1996
Andre Williams,RB,NYG,22.1144
Cooper Helfet,TE,SEA,4.0284
Keshawn Martin,WR,NE,15.8397
Marquise Goodwin,WR,BUF,15.6364
Lucky Whitehead,WR,DAL,15.6287
Sean McGrath,TE,SD,3.5034
Rod Streater,WR,KC,15.3063
Lance Dunbar,RB,DAL,21.3955
Matthew Mulligan,TE,FA,3.3396
Cordarrelle Patterson,WR,MIN,15.1736
Stedman Bailey,WR,LA,15.1287
Jamize Olawale,RB,OAK,20.8161
Kennard Backman,TE,GB,2.7033
Thomas Duarte,TE,MIA,2.6762
Nic Jacobs,TE,JAC,2.5837
Asante Cleveland,TE,SD,2.3978
Bryan Walters,WR,JAC,14.2372
Jerome Cunningham,TE,TEN,1.892
Kolby Listenbee,WR,BUF,13.6919
Denard Robinson,RB,JAC,19.7287
Taiwan Jones,RB,OAK,19.5603
Nick Boyle,TE,BAL,1.347
Zach Line,RB,MIN,19.3521
Jacquizz Rodgers,RB,CHI,19.1425
Brandon Williams,TE,SEA,0.9951
Marc Mariani,WR,CHI,12.9029
Phillip Supernaw,TE,TEN,0.9497
DeAnthony Thomas,WR,KC,12.8632
Devin Hester,WR,ATL,12.7798
Tyreek Hill,WR,KC,12.6384
Geoff Swaim,TE,DAL,0.5908
Rex Burkhead,RB,CIN,18.3775
Bruce Miller,RB,SF,18.3706
Xavier Grimble,TE,PIT,0.1484
Nick OLeary,TE,BUF,0.1301
Randall Telfer,TE,CLE,0.0279
Fred Davis,TE,FA,0
John Carlson,TE,FA,0
James Casey,TE,FA,0
Chase Coffman,TE,IND,0
John Phillips,TE,SD,0
Bear Pascoe,TE,NE,0
Anthony McCoy,TE,SEA,0
Andrew Quarless,TE,GB,0
Michael Palmer,TE,FA,0
Scott Chandler,TE,FA,0
Clark Harris,TE,CIN,0
Owen Daniels,TE,FA,0
Richard Gordon,TE,BAL,0
David Ausberry,TE,FA,0
Alex Smith,TE,WAS,0
Zach Miller,TE,FA,0
Orson Charles,TE,FA,0
Chase Ford,TE,FA,0
Adrien Robinson,TE,FA,0
Brandon Bostick,TE,FA,0
Michael Williams,TE,FA,0
Chris Pantale,TE,PHI,0
Joseph Fauria,TE,FA,0
Nick Kasa,TE,FA,0
MarQueis Gray,TE,MIA,0
Ifeanyi Momah,TE,ARI,0
Brian Leonhardt,TE,OAK,0
Tim Wright,TE,DET,0
Arthur Lynch,TE,FA,0
Blake Annen,TE,BUF,0
Marcel Jensen,TE,WAS,0
Gator Hoskins,TE,FA,0
RaShaun Allen,TE,SEA,0
Rory Anderson,TE,SF,0
Beau Gardner,TE,ATL,0
Khari Lee,TE,CHI,0
Gabe Holmes,TE,OAK,0
Wes Saxton,TE,NYJ,0
Mitchell Henry,TE,GB,0
Brian Parker,TE,KC,0
Rico Gathers,TE,DAL,0
Brandon Tate,WR,CIN,11.6497
Devin Street,WR,DAL,11.6344
Fred Jackson,RB,SEA,17.7219
Geremy Davis,WR,NYG,11.2838
Tre Mason,RB,LA,17.0532
Michael Campanaro,WR,BAL,10.9227
Terron Ward,RB,ATL,16.5799
Adam Thielen,WR,MIN,10.2395
Demarcus Robinson,WR,KC,10.1174
Deonte Thompson,WR,CHI,9.897
Marcus Easley,WR,BUF,9.7935
Donteea Dye,WR,TB,9.6402
Mike Thomas,WR,LA,9.4617
Rashad Ross,WR,WAS,9.3925
Griff Whalen,WR,MIA,9.3808
Charone Peake,WR,NYJ,9.1827
Mack Brown,RB,WAS,15.2485
Eric Weems,WR,ATL,8.9807
Kelvin Taylor,RB,SF,14.9954
Patrick DiMarco,RB,ATL,14.7874
Jeremy Ross,WR,NYJ,8.5762
Jonathan Krause,WR,PHI,8.5296
Kerwynn Williams,RB,ARI,14.6038
Corey Fuller,WR,DET,8.3015
Kaelin Clay,WR,BAL,8.2062
Jordan Todman,RB,IND,13.9836
Travaris Cadet,RB,NO,13.9362
Moritz Boehringer,WR,MIN,7.78
Kenny Lawler,WR,SEA,7.7539
DeVier Posey,WR,DEN,7.6186
DuJuan Harris,RB,SF,13.7039
Bradley Marquez,WR,LA,7.4814
Myles White,WR,NYG,7.4631
Jeremy Butler,WR,BAL,7.1399
Keith Mumphery,WR,HOU,7.1028
Orleans Darkwa,RB,NYG,13.1328
Tyler Gaffney,RB,NE,12.6052
Cameron Meredith,WR,CHI,6.0645
Jason Avant,WR,KC,6.0182
Brenton Bersin,WR,CAR,5.8358
Kevin Smith,WR,SEA,5.5542
Tyler Varga,RB,IND,11.5517
Jordan Payton,WR,CLE,5.4039
Donald Brown,RB,NE,11.5093
Mike Davis,RB,SF,11.5046
Mike Thomas,WR,LA,5.2498
Trevor Davis,WR,GB,5.165
Terrell Watson,RB,CLE,11.12
Damien Williams,RB,MIA,11.0432
Aaron Burbridge,WR,SF,4.8335
Andre Caldwell,WR,DET,4.8308
James Wright,WR,CIN,4.7347
Karlos Williams,RB,BUF,10.572
Leonard Hankerson,WR,BUF,4.2829
Marquez North,WR,LA,4.2305
Walt Powell,WR,BUF,4.1633
Jonas Gray,RB,JAC,10.1677
Malcolm Brown,RB,LA,10.1619
Frankie Hammond,WR,KC,4.0267
Jalston Fowler,RB,TEN,10.0532
Tavarres King,WR,NYG,3.7864
Kevin Norwood,WR,CAR,3.6598
Will Johnson,RB,NYG,9.7187
Tre McBride,WR,TEN,3.5017
Michael Burton,RB,DET,9.5902
Aaron Ripkowski,RB,GB,9.5869
Marlon Moore,WR,CLE,3.0285
Russell Shepard,WR,TB,2.8895
Darren Waller,WR,BAL,2.87
Jakeem Grant,WR,MIA,2.7665
Hakeem Nicks,WR,NO,2.6743
Roger Lewis,WR,NYG,2.5789
Jared Goff,QB,LA,144.7958
Kasen Williams,WR,SEA,2.4325
Cody Core,WR,CIN,2.1783
Knile Davis,RB,KC,7.9475
Austin Johnson,RB,NO,7.9002
Stepfan Taylor,RB,ARI,7.744
DeAndrew White,WR,SF,1.6262
Marcus Murphy,RB,NO,7.4965
Brittan Golden,WR,ARI,1.3567
Mike James,RB,TB,7.3696
Jake Kumerow,WR,CIN,1.2366
Silas Redd,RB,WAS,7.2827
Derrick Coleman,RB,SEA,7.2
Jalin Marshall,WR,NYJ,1.0741
Greg Salas,WR,BUF,1.0725
Juwan Thompson,RB,DEN,7.0722
Matthew Slater,WR,NE,0.8085
Marcus Harris,WR,NYG,0.73
Rod Smith,RB,DAL,6.8125
Matt Hazel,WR,MIA,0.7023
Raheem Mostert,RB,CLE,6.5802
Alex Collins,RB,SEA,6.5585
Seyi Ajirotutu,WR,PHI,0.3778
Mario Alford,WR,CIN,0.3623
Dwayne Washington,RB,DET,6.3207
David Cobb,RB,TEN,6.2511
Tommy Bohanon,RB,NYJ,6.2498
Anthony Sherman,RB,KC,6.1155
Donnie Avery,WR,FA,0
Percy Harvin,WR,FA,0
Brandon Gibson,WR,NE,0
Brian Hartline,WR,FA,0
Trindon Holliday,WR,FA,0
Arrelious Benn,WR,JAC,0
Riley Cooper,WR,FA,0
Jacoby Ford,WR,FA,0
Preston Parker,WR,FA,0
Jerrel Jernigan,WR,FA,0
Greg Little,WR,FA,0
Ricardo Lockette,WR,FA,0
Aldrick Robinson,WR,FA,0
Tandon Doss,WR,FA,0
Dwayne Bowe,WR,FA,0
Jacoby Jones,WR,FA,0
Miles Austin,WR,FA,0
Marques Colston,WR,FA,0
Derek Hagan,WR,FA,0
Greg Jennings,WR,FA,0
Kris Durham,WR,FA,0
Wes Welker,WR,LA,0
Jerricho Cotchery,WR,FA,0
Josh Cribbs,WR,FA,0
Lance Moore,WR,FA,0
Roddy White,WR,FA,0
Santonio Holmes,WR,FA,0
David Nelson,WR,PIT,0
Mike Williams,WR,KC,0
Vincent Brown,WR,NO,0
Drew Davis,WR,FA,0
Chris Matthews,WR,BAL,0
Jarrett Boykin,WR,BUF,0
LaVon Brazill,WR,FA,0
Ryan Broyles,WR,FA,0
LaRon Byrd,WR,FA,0
Juron Criner,WR,FA,0
T.J. Graham,WR,PHI,0
Junior Hemingway,WR,FA,0
A.J. Jenkins,WR,FA,0
Chris Owusu,WR,NYJ,0
Nick Toon,WR,FA,0
Justin Blackmon,WR,JAC,0
Stephen Hill,WR,CAR,0
Brian Tyms,WR,IND,0
Nathan Palmer,WR,CHI,0
Saalim Hakim,WR,FA,0
Mike Brown,WR,FA,0
Damaris Johnson,WR,FA,0
Cobi Hamilton,WR,FA,0
Chris Harper,WR,FA,0
Aaron Dobson,WR,NE,0
Rodney Smith,WR,FA,0
Marlon Brown,WR,DEN,0
Josh Boyce,WR,IND,0
Justin Brown,WR,FA,0
Kevin Dorsey,WR,NE,0
B.J. Daniels,WR,FA,0
Eric Rogers,WR,SF,0
Martavis Bryant,WR,PIT,0
Shaq Evans,WR,JAC,0
Robert Herron,WR,FA,0
Isaiah Burse,WR,DEN,0
Freddie Martino,WR,ATL,0
Kain Colter,WR,FA,0
Seantavius Jones,WR,KC,0
Corey Washington,WR,FA,0
Tony Washington,WR,FA,0
DaRon Brown,WR,KC,0
Duron Carter,WR,FA,0
Evan Spencer,WR,TB,0
Neal Sterling,WR,JAC,0
Andre Debose,WR,FA,0
DeAndre Carter,WR,NE,0
Antwan Goodley,WR,DAL,0
Levi Norwood,WR,CHI,0
Jaxon Shipley,WR,FA,0
Jordan Taylor,WR,DEN,0
Chris Harper,WR,NE,0
Josh Harper,WR,OAK,0
Jordan Leslie,WR,MIN,0
Rasheed Bailey,WR,JAC,0
Devante Davis,WR,FA,0
Rannell Hall,WR,CLE,0
Tyler Murphy,WR,MIA,0
Chandler Worthy,WR,NYJ,0
R.J. Harris,WR,NO,0
Deon Long,WR,TEN,0
Andrew Turzilli,WR,TEN,0
Austin Willis,WR,FA,0
Titus Davis,WR,NYJ,0
Austin Hill,WR,FA,0
Darius Jennings,WR,CLE,0
Shakim Phillips,WR,PIT,0
Anthony Dable,WR,NYG,0
Daniel Braverman,WR,CHI,0
Devon Cajuste,WR,SF,0
D.J. Foster,WR,NE,0
Andy Jones,WR,DAL,0
Keyarris Garrett,WR,CAR,0
Vince Mayle,WR,DAL,-0.0464
Dres Anderson,WR,SF,-0.09
Malcolm Johnson,RB,CLE,5.4
Jay Prosch,RB,HOU,5.3415
Jerome Felton,RB,BUF,5.3349
John Crockett,RB,GB,5.1186
Daniel Brown,WR,BAL,-1.5394
James Develin,RB,NE,4.495
Daniel Lasco,RB,NO,4.1836
Bryce Brown,RB,SEA,4.0032
Daryl Richardson,RB,PIT,3.7856
Roy Helu,RB,OAK,3.7413
Dan Herron,RB,BUF,3.3134
Bobby Rainey,RB,NYG,3.1664
Lorenzo Taliaferro,RB,BAL,3.13
Nikita Whitlock,RB,NYG,2.892
Akeem Hunt,RB,HOU,2.7281
Cedric Peerman,RB,CIN,2.5422
Zac Stacy,RB,FA,2.2565
Kapri Bibbs,RB,DEN,2.0534
Gus Johnson,RB,ATL,1.8215
George Atkinson,RB,OAK,1.6407
Roosevelt Nix,RB,PIT,1.0154
Chase Reynolds,RB,LA,0.9974
George Winn,RB,DET,0.9254
Mark Sanchez,QB,DEN,136.9409
Brandon Wegher,RB,CAR,0.7153
Corey Grant,RB,JAC,0.4971
Peyton Barber,RB,TB,0.1304
Trey Williams,RB,IND,0.0217
Ray Rice,RB,FA,0
Jed Collins,RB,FA,0
Shonn Greene,RB,FA,0
Knowshon Moreno,RB,FA,0
Chris Ogbonnaya,RB,FA,0
Antone Smith,RB,FA,0
Erik Lorig,RB,FA,0
Joique Bell,RB,FA,0
Anthony Dixon,RB,FA,0
Jonathan Dwyer,RB,FA,0
Toby Gerhart,RB,FA,0
Deji Karim,RB,FA,0
Kendall Hunter,RB,NO,0
Daniel Thomas,RB,MIA,0
Ahmad Bradshaw,RB,IND,0
Brian Leonard,RB,FA,0
Marshawn Lynch,RB,FA,0
Steven Jackson,RB,NE,0
John Kuhn,RB,GB,0
Ronnie Brown,RB,FA,0
Pierre Thomas,RB,FA,0
Jackie Battle,RB,FA,0
Darrel Young,RB,WAS,0
John Conner,RB,FA,0
Tyler Clutts,RB,FA,0
Will Tukuafu,RB,SEA,0
Robert Hughes,RB,FA,0
Henry Hynoski,RB,FA,0
Cyrus Gray,RB,DEN,0
Isaiah Pead,RB,MIA,0
Vick Ballard,RB,FA,0
Trent Richardson,RB,BAL,0
LaMichael James,RB,FA,0
Chris Polk,RB,HOU,0
Edwin Baker,RB,FA,0
Bernard Pierce,RB,NYJ,0
Joe Banyard,RB,JAC,0
Jorvorskie Lane,RB,FA,0
Cameron Marshall,RB,FA,0
Montee Ball,RB,FA,0
Joseph Randle,RB,FA,0
Matthew Tucker,RB,PHI,0
Michael Cox,RB,FA,0
Kendall Gaskins,RB,SF,0
Lache Seastrunk,RB,FA,0
Storm Johnson,RB,TB,0
Dri Archer,RB,BUF,0
Bishop Sankey,RB,TEN,0
Marion Grice,RB,FA,0
Rajion Neal,RB,FA,0
James Wilder,RB,CIN,0
Trey Watts,RB,LA,0
Darrin Reaves,RB,KC,0
Senorise Perry,RB,CHI,0
Josh Harris,RB,PIT,0
Terrence Magee,RB,BAL,0
Kenny Hilliard,RB,HOU,0
Joey Iosefa,RB,NE,0
Jarryd Hayne,RB,FA,0
Josh Robinson,RB,FA,0
Alonzo Harris,RB,FA,0
Michael Dyer,RB,FA,0
Dreamius Smith,RB,SD,0
Jahwan Edwards,RB,SD,0
Marshaun Coprich,RB,NYG,0
Devon Johnson,RB,CAR,0
Glenn Winston,RB,CLE,-1.8212
Colin Kaepernick,QB,SF,75.4692
Case Keenum,QB,LA,65.606
Jimmy Garoppolo,QB,NE,65.151
Paxton Lynch,QB,DEN,61.2983
Carson Wentz,QB,PHI,53.3681
Josh McCown,QB,CLE,50.2895
Trevor Siemian,QB,DEN,41.4089
Geno Smith,QB,NYJ,26.5712
Brian Hoyer,QB,CHI,24.9986
Colt McCoy,QB,WAS,14.8812
Chase Daniel,QB,PHI,13.2174
AJ McCarron,QB,CIN,12.5346
Matt Cassel,QB,TEN,11.8278
Cody Kessler,QB,CLE,10.8768
Mike Glennon,QB,TB,9.8388
Drew Stanton,QB,ARI,9.6192
Dak Prescott,QB,DAL,9.1863
Dan Orlovsky,QB,DET,8.7776
EJ Manuel,QB,BUF,8.6727
Matt McGloin,QB,OAK,7.807
Landry Jones,QB,PIT,7.4104
Shaun Hill,QB,MIN,7.223
Tom Savage,QB,HOU,6.6985
Ryan Mallett,QB,BAL,6.3118
Ryan Nassib,QB,NYG,5.5735
Chad Henne,QB,JAC,5.3452
Bruce Gradkowski,QB,PIT,5.3027
Kellen Moore,QB,DAL,5.164
Scott Tolzien,QB,IND,4.7378
Kellen Clemens,QB,SD,4.6198
Austin Davis,QB,CLE,4.366
Brandon Weeden,QB,HOU,3.5363
Nick Foles,QB,FA,3.0288
Zach Mettenberger,QB,SD,2.7372
Derek Anderson,QB,CAR,2.5455
Matt Moore,QB,MIA,2.3559
Cardale Jones,QB,BUF,2.1473
Brett Hundley,QB,GB,1.6694
Luke McCown,QB,NO,1.3551
Garrett Grayson,QB,NO,1.0573
Aaron Murray,QB,KC,1.0386
Joe Webb,QB,CAR,0.9951
Matt Barkley,QB,ARI,0.9516
Bryce Petty,QB,NYJ,0.6987
T.J. Yates,QB,HOU,0.4732
Matt Schaub,QB,ATL,0.4588
Jacoby Brissett,QB,NE,0.302
Christian Hackenberg,QB,NYJ,0.1929
Josh Johnson,QB,BAL,0
Josh Freeman,QB,FA,0
Jimmy Clausen,QB,FA,0
Thad Lewis,QB,SF,0
Tim Tebow,QB,FA,0
Christian Ponder,QB,FA,0
Tarvaris Jackson,QB,SEA,0
Charlie Whitehurst,QB,IND,0
Michael Vick,QB,FA,0
Jordan Palmer,QB,FA,0
Ryan Lindley,QB,FA,0
Matt Simms,QB,ATL,0
Matt Blanchard,QB,FA,0
Zac Dysert,QB,MIA,0
Tyler Bray,QB,KC,0
Ryan Griffin,QB,TB,0
B.J. Daniels,QB,FA,0
Johnny Manziel,QB,FA,0
David Fales,QB,CHI,0
Logan Thomas,QB,NYG,0
Keith Wenning,QB,CIN,0
Garrett Gilbert,QB,FA,0
Bryn Renner,QB,FA,0
Connor Shaw,QB,CLE,0
Stephen Morris,QB,IND,0
Dustin Vaughan,QB,DAL,0
Sean Mannion,QB,LA,0
Kevin Hogan,QB,KC,0
Connor Cook,QB,OAK,0
Matt Flynn,QB,NO,-0.1241
Sean Renfree,QB,ATL,-0.3041
