"","player","position","actual_points","week","projected_points","points_diff","square_diff"
"1","Peyton Manning",0,22.5,1,27.8,-5.3,28.09
"2","Drew Brees",0,15.5,1,25,-9.5,90.25
"3","Colin Kaepernick",0,17.1,1,20.8,-3.7,13.69
"4","Russell Wilson",0,18.5,1,19.2,-0.699999999999999,0.489999999999999
"5","Andrew Luck",0,26.7,1,18.1,8.6,73.96
"6","Matthew Stafford",0,30,1,17.2,12.8,163.84
"7","Philip Rivers",0,12.5,1,17,-4.5,20.25
"8","Andy Dalton",0,18.3,1,16.8,1.5,2.25
"9","Jay Cutler",0,18,1,16.7,1.3,1.69
"10","Ben Roethlisberger",0,17.4,1,16,1.4,1.96
"11","Brian Hoyer",0,12.7,1,15.8,-3.1,9.61000000000001
"12","Tony Romo",0,9.2,1,15.5,-6.3,39.69
"13","Aaron Rodgers",0,11.6,1,15.3,-3.7,13.69
"14","Shaun Hill",0,1.1,1,14.1,-13,169
"15","Alex Smith",0,9.7,1,14,-4.3,18.49
"16","EJ Manuel",0,16.8,1,13.2,3.6,12.96
"17","Robert Griffin",0,8.9,1,13.2,-4.3,18.49
"18","Carson Palmer",0,23.1,1,13.1,10,100
"19","Jake Locker",0,20,1,13,7,49
"20","Ryan Fitzpatrick",0,13.2,1,12.8,0.399999999999999,0.159999999999999
"21","Tom Brady",0,10.3,1,12.5,-2.2,4.84
"22","Ryan Tannehill",0,12.9,1,12.3,0.6,0.36
"23","Geno Smith",0,14.6,1,12,2.6,6.76
"24","Matt Ryan",0,31.4,1,11.8,19.6,384.16
"25","Peyton Manning",0,21.6,2,28,-6.4,40.96
"26","Andrew Luck",0,18.9,2,21.9,-3,9
"27","Drew Brees",0,15.8,2,21.9,-6.1,37.21
"28","Andy Dalton",0,14.7,2,21.7,-7,49
"29","Tom Brady",0,10,2,20.8,-10.8,116.64
"30","Aaron Rodgers",0,28.6,2,20.1,8.5,72.25
"31","Russell Wilson",0,17.9,2,19.2,-1.3,1.69
"32","Jake Locker",0,10.3,2,18.5,-8.2,67.24
"33","Ryan Fitzpatrick",0,13.6,2,17.3,-3.7,13.69
"34","Alex Smith",0,14.4,2,17,-2.6,6.76
"35","Matthew Stafford",0,14.4,2,16.9,-2.5,6.24999999999999
"36","Ben Roethlisberger",0,6.7,2,16.1,-9.4,88.36
"37","Matt Ryan",0,10,2,16,-6,36
"38","Tony Romo",0,11,2,15.7,-4.7,22.09
"39","Robert Griffin",0,3.7,2,15.3,-11.6,134.56
"40","Austin Davis",0,9.4,2,14.9,-5.5,30.25
"41","Jay Cutler",0,25.5,2,14.7,10.8,116.64
"42","Philip Rivers",0,25.1,2,14.6,10.5,110.25
"43","Geno Smith",0,17.6,2,13.5,4.1,16.81
"44","Cam Newton",0,19.1,2,13.2,5.9,34.81
"45","Colin Kaepernick",0,12.3,2,13,-0.699999999999999,0.489999999999999
"46","Ryan Tannehill",0,12.7,2,12.7,0,0
"47","Drew Stanton",0,6.5,2,12.1,-5.6,31.36
"48","Chad Henne",0,11.4,2,11.3,0.0999999999999996,0.00999999999999993
"49","Andrew Luck",0,32.3,3,25.5,6.8,46.24
"50","Peyton Manning",0,20,3,24.5,-4.5,20.25
"51","Drew Brees",0,19.5,3,23.4,-3.9,15.21
"52","Jay Cutler",0,16.4,3,21.9,-5.5,30.25
"53","Cam Newton",0,12.7,3,20.5,-7.8,60.84
"54","Matthew Stafford",0,4.6,3,18.6,-14,196
"55","Matt Ryan",0,23.6,3,18.5,5.1,26.01
"56","Tom Brady",0,12.7,3,17.6,-4.9,24.01
"57","Aaron Rodgers",0,10.5,3,17.6,-7.1,50.41
"58","Philip Rivers",0,19.1,3,17.4,1.7,2.89000000000001
"59","Russell Wilson",0,22,3,17.3,4.7,22.09
"60","Ryan Tannehill",0,13.1,3,15.8,-2.7,7.29000000000001
"61","Tony Romo",0,16.1,3,15,1.1,1.21
"62","Alex Smith",0,21.1,3,13.7,7.4,54.76
"63","Kirk Cousins",0,27.6,3,13.5,14.1,198.81
"64","EJ Manuel",0,15.9,3,13.5,2.4,5.76
"65","Geno Smith",0,14.6,3,13.1,1.5,2.25
"66","Colin Kaepernick",0,19.2,3,12.6,6.6,43.56
"67","Derek Carr",0,5,3,12.3,-7.3,53.29
"68","Ryan Fitzpatrick",0,19,3,12.2,6.8,46.24
"69","Andy Dalton",0,12.9,3,12.2,0.700000000000001,0.490000000000001
"70","Austin Davis",0,21,3,12.1,8.9,79.21
"71","Josh McCown",0,0.3,3,12.1,-11.8,139.24
"72","Ben Roethlisberger",0,15.9,3,11.9,4,16
"73","Brian Hoyer",0,15.4,3,11.9,3.5,12.25
"74","Philip Rivers",0,27.1,4,26.4,0.700000000000003,0.490000000000004
"75","Drew Brees",0,20.2,4,23.2,-3,9
"76","Kirk Cousins",0,5.5,4,20.2,-14.7,216.09
"77","Colin Kaepernick",0,20.5,4,19.9,0.600000000000001,0.360000000000002
"78","Matt Ryan",0,20.1,4,19.7,0.400000000000002,0.160000000000002
"79","Jay Cutler",0,17.1,4,18.5,-1.4,1.96
"80","Matthew Stafford",0,26.5,4,17.4,9.1,82.81
"81","Aaron Rodgers",0,28.9,4,17.3,11.6,134.56
"82","Ben Roethlisberger",0,22.4,4,17,5.4,29.16
"83","Tom Brady",0,4.4,4,17,-12.6,158.76
"84","Andrew Luck",0,29.6,4,16.6,13,169
"85","Tony Romo",0,24.5,4,15.5,9,81
"86","Eli Manning",0,32.1,4,14.6,17.5,306.25
"87","Cam Newton",0,12.6,4,14.4,-1.8,3.24
"88","Ryan Tannehill",0,20.6,4,14.3,6.3,39.69
"89","Teddy Bridgewater",0,23.4,4,13.7,9.7,94.09
"90","EJ Manuel",0,13.3,4,12.9,0.4,0.16
"91","Alex Smith",0,22.7,4,12.1,10.6,112.36
"92","Charlie Whitehurst",0,13.1,4,11.7,1.4,1.96
"93","Blake Bortles",0,12.6,4,11.5,1.1,1.21
"94","Derek Carr",0,8.7,4,11.4,-2.7,7.29000000000001
"95","Mike Glennon",0,18.1,4,11.1,7,49
"96","Joe Flacco",0,25.4,4,10.6,14.8,219.04
"97","Ryan Fitzpatrick",0,12.1,4,10.3,1.8,3.24
"98","Philip Rivers",0,21.8,5,22.6,-0.800000000000001,0.640000000000001
"99","Peyton Manning",0,31,5,21.2,9.8,96.04
"100","Ben Roethlisberger",0,12.7,5,21,-8.3,68.89
"101","Drew Brees",0,18.7,5,20.8,-2.1,4.41000000000001
"102","Andrew Luck",0,20.7,5,19.9,0.800000000000001,0.640000000000001
"103","Aaron Rodgers",0,18.2,5,18.7,-0.5,0.25
"104","Russell Wilson",0,34.2,5,18.6,15.6,243.36
"105","Matthew Stafford",0,12,5,17.9,-5.9,34.81
"106","Austin Davis",0,26,5,17.6,8.4,70.56
"107","Matt Ryan",0,14.6,5,17.6,-3,9.00000000000001
"108","Joe Flacco",0,7.4,5,17.4,-10,100
"109","Colin Kaepernick",0,13.8,5,17.3,-3.5,12.25
"110","Jay Cutler",0,21.8,5,16,5.8,33.64
"111","Eli Manning",0,15.7,5,16,-0.300000000000001,0.0900000000000004
"112","Ryan Fitzpatrick",0,4.5,5,15.3,-10.8,116.64
"113","Alex Smith",0,8.9,5,15,-6.1,37.21
"114","Drew Stanton",0,4.7,5,13.7,-9,81
"115","Jake Locker",0,16.6,5,13.6,3,9.00000000000001
"116","Cam Newton",0,15.1,5,13.4,1.7,2.89
"117","Kirk Cousins",0,19.7,5,13.3,6.4,40.96
"118","Mike Glennon",0,16,5,12.8,3.2,10.24
"119","Tony Romo",0,19,5,11.9,7.1,50.41
"120","Geno Smith",0,-0.6,5,11.6,-12.2,148.84
"121","Blake Bortles",0,5,5,11.1,-6.1,37.21
"122","Peyton Manning",0,21.5,6,28.5,-7,49
"123","Eli Manning",0,6.3,6,21.6,-15.3,234.09
"124","Andrew Luck",0,24.6,6,19.7,4.9,24.01
"125","Ben Roethlisberger",0,11.8,6,19.6,-7.8,60.84
"126","Philip Rivers",0,25.8,6,19.1,6.7,44.89
"127","Jay Cutler",0,21.6,6,18.9,2.7,7.29000000000002
"128","Russell Wilson",0,10.2,6,18.3,-8.1,65.61
"129","Charlie Whitehurst",0,9.4,6,17.8,-8.4,70.56
"130","Joe Flacco",0,32.2,6,17.7,14.5,210.25
"131","Kirk Cousins",0,16.2,6,17.7,-1.5,2.25
"132","Matt Ryan",0,12.7,6,17.5,-4.8,23.04
"133","Carson Palmer",0,17.7,6,17.2,0.5,0.25
"134","Aaron Rodgers",0,26,6,16.9,9.1,82.81
"135","Matthew Stafford",0,11.5,6,16.9,-5.4,29.16
"136","Andy Dalton",0,19.4,6,16.6,2.8,7.83999999999998
"137","Tony Romo",0,15.9,6,16.5,-0.6,0.36
"138","Austin Davis",0,11.3,6,16,-4.7,22.09
"139","Tom Brady",0,30.7,6,15.3,15.4,237.16
"140","Cam Newton",0,34.1,6,14.5,19.6,384.16
"141","Colin Kaepernick",0,29.4,6,13.5,15.9,252.81
"142","Brian Hoyer",0,12.7,6,13.4,-0.700000000000001,0.490000000000001
"143","Mike Glennon",0,18.6,6,11.3,7.3,53.29
"144","Ryan Tannehill",0,18.7,6,11,7.7,59.29
"145","Derek Carr",0,25.5,6,10.1,15.4,237.16
"146","Philip Rivers",0,14.2,7,23.9,-9.7,94.09
"147","Cam Newton",0,14.3,7,22.3,-8,64
"148","Tom Brady",0,22.4,7,21.6,0.799999999999997,0.639999999999995
"149","Aaron Rodgers",0,24.3,7,20.9,3.4,11.56
"150","Peyton Manning",0,28.6,7,20.5,8.1,65.61
"151","Russell Wilson",0,39.1,7,19.9,19.2,368.64
"152","Joe Flacco",0,14.7,7,19.8,-5.1,26.01
"153","Brian Hoyer",0,4.5,7,19.5,-15,225
"154","Andrew Luck",0,20.3,7,18.7,1.6,2.56
"155","Austin Davis",0,14,7,17.6,-3.6,12.96
"156","Jay Cutler",0,7.9,7,17.4,-9.5,90.25
"157","Carson Palmer",0,16.1,7,17.3,-1.2,1.44
"158","Kirk Cousins",0,1.6,7,16.6,-15,225
"159","Ryan Tannehill",0,23.9,7,16.2,7.7,59.29
"160","Matt Ryan",0,11.8,7,15.6,-3.8,14.44
"161","Charlie Whitehurst",0,13.4,7,15.5,-2.1,4.41
"162","Derek Carr",0,7.1,7,15.5,-8.4,70.56
"163","Matthew Stafford",0,16.1,7,15.2,0.900000000000002,0.810000000000004
"164","Eli Manning",0,23,7,14.9,8.1,65.61
"165","Tony Romo",0,21.7,7,14.7,7,49
"166","Alex Smith",0,15.7,7,13.8,1.9,3.60999999999999
"167","Ben Roethlisberger",0,16.9,7,13.4,3.5,12.25
"168","Colin Kaepernick",0,14.3,7,13.4,0.9,0.810000000000001
"169","Blake Bortles",0,8.1,7,13.4,-5.3,28.09
"170","Russell Wilson",0,13.5,8,28.2,-14.7,216.09
"171","Aaron Rodgers",0,24.8,8,23.3,1.5,2.25
"172","Peyton Manning",0,23.4,8,22.6,0.799999999999997,0.639999999999995
"173","Cam Newton",0,5.2,8,21.2,-16,256
"174","Ryan Tannehill",0,14.6,8,21.1,-6.5,42.25
"175","Tom Brady",0,34.2,8,20.1,14.1,198.81
"176","Matthew Stafford",0,21.9,8,20.1,1.8,3.23999999999999
"177","Andrew Luck",0,26.6,8,19.8,6.8,46.24
"178","Philip Rivers",0,19.8,8,19.6,0.199999999999999,0.0399999999999997
"179","Alex Smith",0,11.3,8,18.5,-7.2,51.84
"180","Carson Palmer",0,21.2,8,18.1,3.1,9.60999999999999
"181","Joe Flacco",0,5,8,17.8,-12.8,163.84
"182","Kyle Orton",0,26.1,8,17.5,8.6,73.96
"183","Tony Romo",0,12.5,8,17.3,-4.8,23.04
"184","Teddy Bridgewater",0,13.9,8,16.6,-2.7,7.29000000000001
"185","Jay Cutler",0,21.7,8,16.4,5.3,28.09
"186","Austin Davis",0,8.5,8,15.4,-6.9,47.61
"187","Andy Dalton",0,20,8,15.2,4.8,23.04
"188","Colt McCoy",0,17.6,8,15.2,2.4,5.76000000000001
"189","Mike Glennon",0,10.1,8,14.1,-4,16
"190","Zach Mettenberger",0,15.9,8,13.1,2.8,7.84
"191","Matt Ryan",0,15.7,8,12.9,2.8,7.83999999999999
"192","Brian Hoyer",0,15.1,8,12.9,2.2,4.84
"193","Drew Brees",0,25,8,12.3,12.7,161.29
"194","Tom Brady",0,29.7,9,22.4,7.3,53.29
"195","Russell Wilson",0,10.3,9,22,-11.7,136.89
"196","Andrew Luck",0,30.7,9,21.7,9,81
"197","Colin Kaepernick",0,10.9,9,20.6,-9.7,94.09
"198","Philip Rivers",0,-2.2,9,20.6,-22.8,519.84
"199","Peyton Manning",0,21.8,9,20.5,1.3,1.69
"200","Ben Roethlisberger",0,35.7,9,20.3,15.4,237.16
"201","Andy Dalton",0,14.4,9,19.8,-5.4,29.16
"202","Cam Newton",0,12.3,9,19.3,-7,49
"203","Brian Hoyer",0,17.9,9,19.2,-1.3,1.69
"204","Drew Brees",0,18.1,9,18.9,-0.799999999999997,0.639999999999995
"205","Ryan Fitzpatrick",0,19,9,18.7,0.300000000000001,0.0900000000000004
"206","Alex Smith",0,16,9,18,-2,4
"207","Robert Griffin",0,16.4,9,17.9,-1.5,2.25
"208","Ryan Tannehill",0,28.2,9,16.8,11.4,129.96
"209","Joe Flacco",0,18.3,9,16.5,1.8,3.24
"210","Eli Manning",0,22.2,9,15.9,6.3,39.69
"211","Brandon Weeden",0,7.5,9,15.4,-7.9,62.41
"212","Austin Davis",0,5.1,9,14.7,-9.6,92.16
"213","Carson Palmer",0,19.8,9,13.6,6.2,38.44
"214","Mike Glennon",0,16.1,9,12.2,3.9,15.21
"215","Blake Bortles",0,18.9,9,11.7,7.2,51.84
"216","Michael Vick",0,13.6,9,11,2.6,6.76
"217","Derek Carr",0,12.7,9,11,1.7,2.89
"218","LeSean McCoy",2,11.5,1,26.6,-15.1,228.01
"219","Jamaal Charles",2,3.4,1,25.1,-21.7,470.89
"220","Adrian Peterson",2,9.3,1,22.6,-13.3,176.89
"221","Marshawn Lynch",2,24.4,1,18.3,6.1,37.21
"222","Matt Forte",2,16.9,1,17,-0.100000000000001,0.0100000000000003
"223","Giovani Bernard",2,11,1,17,-6,36
"224","Arian Foster",2,10,1,15.4,-5.4,29.16
"225","Eddie Lacy",2,4.5,1,15.1,-10.6,112.36
"226","Fred Jackson",2,7.4,1,15,-7.6,57.76
"227","DeMarco Murray",2,18.3,1,14.7,3.6,12.96
"228","Ben Tate",2,4.1,1,14.6,-10.5,110.25
"229","Alfred Morris",2,9.1,1,14.5,-5.4,29.16
"230","Zac Stacy",2,5.1,1,14.3,-9.2,84.64
"231","Le'Veon Bell",2,25.7,1,14.2,11.5,132.25
"232","Frank Gore",2,6.6,1,14.2,-7.6,57.76
"233","Reggie Bush",2,6.4,1,13.9,-7.5,56.25
"234","Bishop Sankey",2,2.5,1,13.4,-10.9,118.81
"235","Trent Richardson",2,5.1,1,13.2,-8.1,65.61
"236","Rashad Jennings",2,15.6,1,12.2,3.4,11.56
"237","Mark Ingram",2,18.1,1,11.6,6.5,42.25
"238","Maurice Jones-Drew",2,2.3,1,11.1,-8.8,77.44
"239","Steven Jackson",2,5.2,1,11,-5.8,33.64
"240","Chris Ivory",2,16.2,1,9.8,6.4,40.96
"241","Darren Sproles",2,14.5,1,8.3,6.2,38.44
"242","LeSean McCoy",2,16.2,2,19.1,-2.9,8.41000000000001
"243","Giovani Bernard",2,22.9,2,17.9,5,25
"244","Matt Forte",2,3.6,2,17.6,-14,196
"245","Jamaal Charles",2,1.2,2,16.9,-15.7,246.49
"246","Frank Gore",2,13.5,2,16.2,-2.7,7.29
"247","Alfred Morris",2,20.5,2,16,4.5,20.25
"248","Shane Vereen",2,4,2,15.8,-11.8,139.24
"249","Darren Sproles",2,23.8,2,15.4,8.4,70.56
"250","Marshawn Lynch",2,12.3,2,15.3,-3,9
"251","Arian Foster",2,21,2,15.2,5.8,33.64
"252","DeMarco Murray",2,21.3,2,14.8,6.5,42.25
"253","Le'Veon Bell",2,10.7,2,14.2,-3.5,12.25
"254","Jonathan Stewart",2,11.9,2,13.8,-1.9,3.61
"255","Eddie Lacy",2,6.1,2,13.3,-7.2,51.84
"256","Matt Asiata",2,14.4,2,13.1,1.3,1.69
"257","Darren McFadden",2,12.8,2,12.9,-0.0999999999999996,0.00999999999999993
"258","Reggie Bush",2,3.2,2,12.7,-9.5,90.25
"259","Toby Gerhart",2,1.7,2,12.4,-10.7,114.49
"260","Fred Jackson",2,5.1,2,12.2,-7.1,50.41
"261","Carlos Hyde",2,0.5,2,11.4,-10.9,118.81
"262","Bobby Rainey",2,17.4,2,11.3,6.1,37.21
"263","Shonn Greene",2,4,2,11.1,-7.1,50.41
"264","Jeremy Hill",2,15.6,2,11,4.6,21.16
"265","Justin Forsett",2,7.2,2,10.7,-3.5,12.25
"266","LeSean McCoy",2,2.2,3,19.4,-17.2,295.84
"267","Giovani Bernard",2,17.4,3,18.2,-0.800000000000001,0.640000000000001
"268","DeMarco Murray",2,17.1,3,18,-0.899999999999999,0.809999999999997
"269","Bobby Rainey",2,6.5,3,17.2,-10.7,114.49
"270","Rashad Jennings",2,23.6,3,16,7.6,57.76
"271","Joique Bell",2,3.3,3,15.7,-12.4,153.76
"272","Matt Asiata",2,7.1,3,15.6,-8.5,72.25
"273","Lamar Miller",2,13.2,3,15.5,-2.3,5.29
"274","Darren McFadden",2,6.5,3,15.2,-8.7,75.69
"275","Andre Ellington",2,7.5,3,14.6,-7.1,50.41
"276","Marshawn Lynch",2,24.8,3,14.5,10.3,106.09
"277","Knile Davis",2,17.2,3,14.5,2.7,7.29
"278","Justin Forsett",2,6.5,3,14.3,-7.8,60.84
"279","Eddie Lacy",2,2.5,3,14.1,-11.6,134.56
"280","Chris Johnson",2,3.4,3,13.6,-10.2,104.04
"281","Chris Ivory",2,9.6,3,13.5,-3.9,15.21
"282","Zac Stacy",2,12.1,3,13.4,-1.3,1.69
"283","Alfred Blue",2,8.8,3,13.2,-4.4,19.36
"284","Khiry Robinson",2,6.9,3,13.2,-6.3,39.69
"285","Alfred Morris",2,7.7,3,12.8,-5.1,26.01
"286","Trent Richardson",2,8,3,12.6,-4.6,21.16
"287","Frank Gore",2,1,3,12.2,-11.2,125.44
"288","Jeremy Hill",2,9.9,3,11.9,-2,4
"289","Ahmad Bradshaw",2,14.3,3,9.8,4.5,20.25
"290","Le'Veon Bell",2,10.9,4,19.3,-8.4,70.56
"291","Matt Forte",2,17.1,4,18.4,-1.3,1.68999999999999
"292","DeMarco Murray",2,27.5,4,17.9,9.6,92.16
"293","Lamar Miller",2,16.7,4,17.1,-0.400000000000002,0.160000000000002
"294","Fred Jackson",2,8.5,4,15.3,-6.8,46.24
"295","Matt Asiata",2,28,4,15.2,12.8,163.84
"296","LeSean McCoy",2,1.7,4,15.1,-13.4,179.56
"297","Alfred Morris",2,15,4,15,0,0
"298","Donald Brown",2,5.4,4,15,-9.6,92.16
"299","Jamaal Charles",2,28.8,4,14.9,13.9,193.21
"300","Rashad Jennings",2,5.2,4,14.8,-9.6,92.16
"301","Doug Martin",2,11.6,4,14.7,-3.1,9.61
"302","Ahmad Bradshaw",2,11.2,4,14.7,-3.5,12.25
"303","Eddie Lacy",2,11.9,4,14.5,-2.6,6.76
"304","Khiry Robinson",2,10.5,4,13.4,-2.9,8.41
"305","Trent Richardson",2,15.9,4,13.1,2.8,7.84
"306","Shonn Greene",2,1,4,12.7,-11.7,136.89
"307","Chris Ivory",2,10,4,11.4,-1.4,1.96
"308","Darren McFadden",2,7.2,4,11.4,-4.2,17.64
"309","Reggie Bush",2,6.5,4,11.1,-4.6,21.16
"310","Steven Jackson",2,6.2,4,11,-4.8,23.04
"311","LeGarrette Blount",2,2.5,4,9.8,-7.3,53.29
"312","Carlos Hyde",2,2.6,4,9.5,-6.9,47.61
"313","Darren Sproles",2,0.6,4,9.1,-8.5,72.25
"314","Le'Veon Bell",2,11.8,5,21.3,-9.5,90.25
"315","DeMarco Murray",2,17.2,5,19,-1.8,3.24
"316","Rashad Jennings",2,7.2,5,17.4,-10.2,104.04
"317","LeSean McCoy",2,6.6,5,16.8,-10.2,104.04
"318","Giovani Bernard",2,7.2,5,16.4,-9.2,84.64
"319","Marshawn Lynch",2,17.7,5,16.3,1.4,1.96
"320","Andre Ellington",2,26.4,5,15.6,10.8,116.64
"321","Chris Ivory",2,4.4,5,15,-10.6,112.36
"322","Khiry Robinson",2,15.7,5,14.7,1,1
"323","Matt Asiata",2,5.2,5,14.5,-9.3,86.49
"324","Alfred Morris",2,2.7,5,14.4,-11.7,136.89
"325","Doug Martin",2,7.4,5,13.4,-6,36
"326","Jamaal Charles",2,8.4,5,13,-4.6,21.16
"327","Eddie Lacy",2,25.2,5,12.7,12.5,156.25
"328","Ahmad Bradshaw",2,6.5,5,12.3,-5.8,33.64
"329","Steven Jackson",2,13.4,5,12,1.4,1.96
"330","Ben Tate",2,12.2,5,11.9,0.299999999999999,0.0899999999999994
"331","Lorenzo Taliaferro",2,1.8,5,11.2,-9.4,88.36
"332","Matt Forte",2,20.6,5,10.9,9.7,94.09
"333","Darrin Reaves",2,5.1,5,10.9,-5.8,33.64
"334","Shonn Greene",2,3.6,5,10.7,-7.1,50.41
"335","Isaiah Crowell",2,1.9,5,10.4,-8.5,72.25
"336","Andre Williams",2,14.3,5,10.3,4,16
"337","Toby Gerhart",2,2.9,5,10.1,-7.2,51.84
"338","Le'Veon Bell",2,10.5,6,20.7,-10.2,104.04
"339","Matt Forte",2,27.7,6,19.3,8.4,70.56
"340","Giovani Bernard",2,21.7,6,18.6,3.1,9.60999999999999
"341","DeMarco Murray",2,20.6,6,17.7,2.9,8.41000000000001
"342","Arian Foster",2,26.1,6,17.6,8.5,72.25
"343","Marshawn Lynch",2,6.2,6,16.9,-10.7,114.49
"344","Branden Oliver",2,18.4,6,16.7,1.7,2.89
"345","Bishop Sankey",2,6.8,6,16.4,-9.6,92.16
"346","Andre Williams",2,5.9,6,16,-10.1,102.01
"347","Frank Gore",2,3.8,6,15.6,-11.8,139.24
"348","Justin Forsett",2,11.1,6,14.9,-3.8,14.44
"349","Andre Ellington",2,9.3,6,14.9,-5.6,31.36
"350","Lamar Miller",2,13.3,6,14.7,-1.4,1.96
"351","Fred Jackson",2,10.3,6,14.5,-4.2,17.64
"352","Joique Bell",2,15.7,6,14.2,1.5,2.25
"353","Chris Ivory",2,2.1,6,13.6,-11.5,132.25
"354","Darren Sproles",2,9.9,6,13.1,-3.2,10.24
"355","Alfred Morris",2,5.5,6,13.1,-7.6,57.76
"356","LeSean McCoy",2,15.4,6,12.8,2.6,6.76
"357","Steven Jackson",2,2.5,6,12.7,-10.2,104.04
"358","Eddie Lacy",2,4,6,12.4,-8.4,70.56
"359","Matt Asiata",2,1.3,6,12.4,-11.1,123.21
"360","Doug Martin",2,4.8,6,12.3,-7.5,56.25
"361","Jeremy Hill",2,9.5,6,11.2,-1.7,2.89
"362","Le'Veon Bell",2,20.5,7,20.1,0.399999999999999,0.159999999999999
"363","DeMarco Murray",2,19.2,7,19.4,-0.199999999999999,0.0399999999999997
"364","Marshawn Lynch",2,7.1,7,18.7,-11.6,134.56
"365","Arian Foster",2,15.5,7,17.3,-1.8,3.24
"366","Giovani Bernard",2,1.6,7,17.3,-15.7,246.49
"367","Andre Ellington",2,16,7,17.2,-1.2,1.44
"368","Lamar Miller",2,14.3,7,16.8,-2.5,6.25
"369","Justin Forsett",2,9.5,7,16.7,-7.2,51.84
"370","Matt Forte",2,22.9,7,16.6,6.3,39.69
"371","Jamaal Charles",2,16.7,7,15.8,0.899999999999999,0.809999999999997
"372","Andre Williams",2,5.1,7,14.9,-9.8,96.04
"373","Alfred Morris",2,5.4,7,14.8,-9.4,88.36
"374","Ben Tate",2,3.4,7,14.5,-11.1,123.21
"375","Trent Richardson",2,11.8,7,14.4,-2.6,6.76
"376","Fred Jackson",2,2.8,7,14.3,-11.5,132.25
"377","Eddie Lacy",2,13.3,7,14.2,-0.899999999999999,0.809999999999997
"378","Bishop Sankey",2,5.6,7,13.8,-8.2,67.24
"379","Joique Bell",2,12.7,7,13.7,-1,1
"380","Storm Johnson",2,7.6,7,13.7,-6.1,37.21
"381","Shane Vereen",2,23.4,7,12.7,10.7,114.49
"382","Frank Gore",2,2,7,12,-10,100
"383","Isaiah Crowell",2,2.3,7,11.2,-8.9,79.21
"384","Jeremy Hill",2,1.5,7,10.9,-9.4,88.36
"385","Steven Jackson",2,2.5,7,10.7,-8.2,67.24
"386","Arian Foster",2,35.3,8,19.6,15.7,246.49
"387","DeMarco Murray",2,20.1,8,17.6,2.5,6.25
"388","Mark Ingram",2,23.5,8,17.5,6,36
"389","Joique Bell",2,6.1,8,17.4,-11.3,127.69
"390","Le'Veon Bell",2,14.8,8,17.3,-2.5,6.25
"391","Matt Forte",2,24.8,8,16.9,7.9,62.41
"392","Jamaal Charles",2,21.1,8,16.6,4.5,20.25
"393","Lamar Miller",2,9.9,8,16.6,-6.7,44.89
"394","Giovani Bernard",2,10.7,8,16.4,-5.7,32.49
"395","Marshawn Lynch",2,6.4,8,16.2,-9.8,96.04
"396","Jerick McKinnon",2,8.2,8,16,-7.8,60.84
"397","Shane Vereen",2,4.5,8,15.4,-10.9,118.81
"398","Ben Tate",2,9.4,8,15.1,-5.7,32.49
"399","Darren McFadden",2,6.5,8,14.2,-7.7,59.29
"400","Justin Forsett",2,10.5,8,13.8,-3.3,10.89
"401","LeSean McCoy",2,9.7,8,13.7,-4,16
"402","Branden Oliver",2,6.3,8,13.3,-7,49
"403","Ahmad Bradshaw",2,14.7,8,13.2,1.5,2.25
"404","Chris Ivory",2,16.3,8,12.9,3.4,11.56
"405","Bishop Sankey",2,6,8,12.5,-6.5,42.25
"406","Eddie Lacy",2,18.2,8,12.2,6,36
"407","Doug Martin",2,2.6,8,12.1,-9.5,90.25
"408","Isaiah Crowell",2,0.9,8,11.5,-10.6,112.36
"409","Alfred Morris",2,14.5,8,11.2,3.3,10.89
"410","Mark Ingram",2,23,9,23.6,-0.600000000000001,0.360000000000002
"411","Le'Veon Bell",2,11.8,9,18.4,-6.6,43.56
"412","DeMarco Murray",2,9,9,18.3,-9.3,86.49
"413","Arian Foster",2,17.9,9,18.2,-0.300000000000001,0.0900000000000004
"414","Andre Ellington",2,19.4,9,17.8,1.6,2.55999999999999
"415","Bobby Rainey",2,12.1,9,17.5,-5.4,29.16
"416","Jeremy Hill",2,28.3,9,17.3,11,121
"417","Marshawn Lynch",2,26.3,9,16.6,9.7,94.09
"418","Jamaal Charles",2,14.8,9,15.3,-0.5,0.25
"419","Denard Robinson",2,16.4,9,15.1,1.3,1.69
"420","Lamar Miller",2,11.7,9,15,-3.3,10.89
"421","Ahmad Bradshaw",2,7.9,9,14.3,-6.4,40.96
"422","Jerick McKinnon",2,6.8,9,14.3,-7.5,56.25
"423","Frank Gore",2,5.8,9,14.2,-8.4,70.56
"424","Ben Tate",2,3.2,9,13.9,-10.7,114.49
"425","Andre Williams",2,10.6,9,13.7,-3.1,9.61
"426","Alfred Morris",2,22.9,9,12.6,10.3,106.09
"427","Shane Vereen",2,12.7,9,10.5,2.2,4.84
"428","Tre Mason",2,5.7,9,10.3,-4.6,21.16
"429","Terrance West",2,11,9,10.1,0.9,0.810000000000001
"430","Justin Forsett",2,10.5,9,10.1,0.4,0.16
"431","Ronnie Hillman",2,18.3,9,9.9,8.4,70.56
"432","DeAngelo Williams",2,5,9,9.9,-4.9,24.01
"433","Lorenzo Taliaferro",2,5.5,9,9.5,-4,16
"434","Calvin Johnson",4,28.4,1,16.7,11.7,136.89
"435","Demaryius Thomas",4,4.8,1,15.7,-10.9,118.81
"436","A.J. Green",4,19.6,1,15.2,4.4,19.36
"437","Julio Jones",4,9.6,1,15,-5.4,29.16
"438","Antonio Brown",4,17.6,1,14.8,2.8,7.84
"439","Emmanuel Sanders",4,8.8,1,14.5,-5.7,32.49
"440","Andre Johnson",4,9.3,1,14.2,-4.9,24.01
"441","Percy Harvin",4,10,1,14.1,-4.1,16.81
"442","Larry Fitzgerald",4,4.2,1,14.1,-9.9,98.01
"443","Cordarrelle Patterson",4,18.8,1,13.9,4.9,24.01
"444","Alshon Jeffery",4,7.1,1,13.8,-6.7,44.89
"445","Marques Colston",4,9,1,13.7,-4.7,22.09
"446","Dez Bryant",4,5.5,1,13.6,-8.1,65.61
"447","Eric Decker",4,7.4,1,13.2,-5.8,33.64
"448","Marqise Lee",4,6.2,1,13.2,-7,49
"449","Reggie Wayne",4,9.8,1,13.1,-3.3,10.89
"450","Brandon Marshall",4,11.1,1,13,-1.9,3.61
"451","T.Y. Hilton",4,4.1,1,12.8,-8.7,75.69
"452","Michael Crabtree",4,2.5,1,12.8,-10.3,106.09
"453","Mike Wallace",4,12.1,1,12.5,-0.4,0.16
"454","Jordy Nelson",4,8.3,1,12.3,-4,16
"455","Pierre Garcon",4,7.7,1,12.1,-4.4,19.36
"456","Keenan Allen",4,3.7,1,12.1,-8.4,70.56
"457","Torrey Smith",4,5,1,12,-7,49
"458","Tavon Austin",4,3.9,1,11.8,-7.9,62.41
"459","Jeremy Maclin",4,15.7,1,11.5,4.2,17.64
"460","Mike Williams",4,3.6,1,11.5,-7.9,62.41
"461","Vincent Jackson",4,3.6,1,11.3,-7.7,59.29
"462","Donnie Avery",4,8.4,1,11.1,-2.7,7.29
"463","James Jones",4,9.4,1,10.1,-0.699999999999999,0.489999999999999
"464","Michael Floyd",4,12.1,1,8.7,3.4,11.56
"465","Rueben Randle",4,0.1,1,8,-7.9,62.41
"466","Brandin Cooks",4,15.5,1,7.4,8.1,65.61
"467","DeAndre Hopkins",4,14.9,1,6.8,8.1,65.61
"468","Kendall Wright",4,10.6,1,6.8,3.8,14.44
"469","Roddy White",4,13.2,1,6.5,6.7,44.89
"470","Demaryius Thomas",4,12.2,2,18,-5.8,33.64
"471","Jordy Nelson",4,26.9,2,16.3,10.6,112.36
"472","Calvin Johnson",4,8.3,2,16.1,-7.8,60.84
"473","Antonio Brown",4,10,2,15.7,-5.7,32.49
"474","Andre Johnson",4,7.4,2,15.5,-8.1,65.61
"475","Percy Harvin",4,9,2,14.9,-5.9,34.81
"476","Emmanuel Sanders",4,10.6,2,14.8,-4.2,17.64
"477","Randall Cobb",4,18.5,2,14.5,4,16
"478","Donnie Avery",4,1.4,2,14.3,-12.9,166.41
"479","Cordarrelle Patterson",4,5.6,2,14.2,-8.6,73.96
"480","Allen Hurns",4,1.3,2,13.9,-12.6,158.76
"481","Reggie Wayne",4,2.8,2,13.8,-11,121
"482","Larry Fitzgerald",4,5.1,2,13.7,-8.6,73.96
"483","Kendall Wright",4,3.1,2,13.7,-10.6,112.36
"484","Dez Bryant",4,16.3,2,13.2,3.1,9.61000000000001
"485","Julio Jones",4,14.8,2,13.2,1.6,2.56
"486","Mike Wallace",4,11.6,2,13.2,-1.6,2.56
"487","Jeremy Maclin",4,10.5,2,13.1,-2.6,6.76
"488","Vincent Jackson",4,5.1,2,13.1,-8,64
"489","Pierre Garcon",4,1.2,2,13,-11.8,139.24
"490","Julian Edelman",4,15,2,12.9,2.1,4.41
"491","DeAndre Hopkins",4,8.2,2,12.6,-4.4,19.36
"492","Eric Decker",4,12.3,2,12.1,0.200000000000001,0.0400000000000004
"493","Roddy White",4,4.2,2,12,-7.8,60.84
"494","Andrew Hawkins",4,7,2,11.4,-4.4,19.36
"495","Keenan Allen",4,5.5,2,11.3,-5.8,33.64
"496","Brandin Cooks",4,4.8,2,11.2,-6.4,40.96
"497","Michael Crabtree",4,14.2,2,11.1,3.1,9.61
"498","Brandon Marshall",4,22.8,2,10.6,12.2,148.84
"499","Dwayne Bowe",4,4,2,10.3,-6.3,39.69
"500","DeSean Jackson",4,1.9,2,8.8,-6.9,47.61
"501","T.Y. Hilton",4,6.5,2,8.1,-1.6,2.56
"502","Greg Jennings",4,0.4,2,7.8,-7.4,54.76
"503","Michael Floyd",4,1.9,2,6.8,-4.9,24.01
"504","Golden Tate",4,5.7,2,6.7,-1,1
"505","Jordy Nelson",4,5.9,3,17.6,-11.7,136.89
"506","Calvin Johnson",4,8.2,3,16.7,-8.5,72.25
"507","Julian Edelman",4,8.9,3,16.5,-7.6,57.76
"508","Julio Jones",4,28.1,3,15.9,12.2,148.84
"509","Antonio Brown",4,21,3,14.8,6.2,38.44
"510","Brandon Marshall",4,0.6,3,14.6,-14,196
"511","Sammy Watkins",4,1.9,3,14.1,-12.2,148.84
"512","Mike Wallace",4,8.6,3,13.8,-5.2,27.04
"513","James Jones",4,4.3,3,13.8,-9.5,90.25
"514","Andre Johnson",4,2.4,3,13.8,-11.4,129.96
"515","Reggie Wayne",4,6.2,3,13.7,-7.5,56.25
"516","Percy Harvin",4,4.2,3,13.7,-9.5,90.25
"517","Randall Cobb",4,2.9,3,13.7,-10.8,116.64
"518","Dez Bryant",4,14.9,3,13.5,1.4,1.96
"519","Jeremy Maclin",4,21.4,3,13.4,8,64
"520","Golden Tate",4,5.1,3,13.3,-8.2,67.24
"521","Demaryius Thomas",4,5.1,3,13.1,-8,64
"522","Vincent Jackson",4,7.5,3,13,-5.5,30.25
"523","Michael Floyd",4,11.4,3,12.8,-1.4,1.96
"524","Marques Colston",4,8.5,3,12.6,-4.1,16.81
"525","Harry Douglas",4,7.4,3,12.6,-5.2,27.04
"526","Michael Crabtree",4,14.4,3,12.5,1.9,3.61
"527","Pierre Garcon",4,19.8,3,12.2,7.6,57.76
"528","Eric Decker",4,1.9,3,12.1,-10.2,104.04
"529","Brandin Cooks",4,7.4,3,11.7,-4.3,18.49
"530","Alshon Jeffery",4,11.8,3,11.6,0.200000000000001,0.0400000000000004
"531","Keenan Allen",4,1.7,3,11.5,-9.8,96.04
"532","Emmanuel Sanders",4,14.9,3,11.2,3.7,13.69
"533","Allen Hurns",4,12.3,3,10.9,1.4,1.96
"534","Kendall Wright",4,4.4,3,10.7,-6.3,39.69
"535","A.J. Green",4,10.2,3,8.3,1.9,3.60999999999999
"536","Steve Smith",4,10.1,3,7.3,2.8,7.84
"537","Cordarrelle Patterson",4,5.4,3,7.1,-1.7,2.89
"538","Andrew Hawkins",4,8.7,3,6.8,1.9,3.61
"539","Andre Roberts",4,3.8,3,6.8,-3,9
"540","DeAndre Hopkins",4,11.6,3,6.5,5.1,26.01
"541","Julio Jones",4,8.2,4,18.2,-10,100
"542","Calvin Johnson",4,1.2,4,18.2,-17,289
"543","Jordy Nelson",4,22.8,4,16.6,6.2,38.44
"544","Julian Edelman",4,2.3,4,16.2,-13.9,193.21
"545","Antonio Brown",4,25.8,4,15.7,10.1,102.01
"546","Dez Bryant",4,10.4,4,15.3,-4.9,24.01
"547","Pierre Garcon",4,2.8,4,14.3,-11.5,132.25
"548","Mike Wallace",4,9.5,4,14.1,-4.6,21.16
"549","Jeremy Maclin",4,5.7,4,14.1,-8.4,70.56
"550","Steve Smith",4,25.9,4,14,11.9,141.61
"551","Andre Johnson",4,5.1,4,14,-8.9,79.21
"552","Kelvin Benjamin",4,13.6,4,13.9,-0.300000000000001,0.0900000000000004
"553","Marques Colston",4,5,4,13.7,-8.7,75.69
"554","Michael Crabtree",4,4.3,4,13.5,-9.2,84.64
"555","Brandin Cooks",4,3.1,4,13.5,-10.4,108.16
"556","Keenan Allen",4,13.5,4,12.9,0.6,0.36
"557","Roddy White",4,13.3,4,12.9,0.4,0.16
"558","James Jones",4,8.3,4,12.8,-4.5,20.25
"559","Brandon Marshall",4,7.9,4,12.6,-4.7,22.09
"560","Greg Jennings",4,7.2,4,12.5,-5.3,28.09
"561","Alshon Jeffery",4,11.1,4,12.3,-1.2,1.44
"562","Randall Cobb",4,23.3,4,12.1,11.2,125.44
"563","Eddie Royal",4,22.5,4,11.7,10.8,116.64
"564","Reggie Wayne",4,17.9,4,11.1,6.8,46.24
"565","Terrance Williams",4,19.7,4,10.4,9.3,86.49
"566","Vincent Jackson",4,9.2,4,10.1,-0.9,0.810000000000001
"567","Cordarrelle Patterson",4,3.8,4,9.7,-5.9,34.81
"568","Jordan Matthews",4,2.8,4,9.5,-6.7,44.89
"569","Golden Tate",4,11.6,4,7.5,4.1,16.81
"570","DeAndre Hopkins",4,12.4,4,7.4,5,25
"571","DeSean Jackson",4,0.9,4,7.1,-6.2,38.44
"572","Allen Robinson",4,3.8,4,6.4,-2.6,6.76
"573","Devin Hester",4,13,4,5.7,7.3,53.29
"574","Markus Wheaton",4,5,4,5.7,-0.7,0.49
"575","Sammy Watkins",4,9,4,5.3,3.7,13.69
"576","Anquan Boldin",4,6.2,4,5.3,0.9,0.810000000000001
"577","Antonio Brown",4,8.4,5,17.2,-8.8,77.44
"578","Julio Jones",4,10.5,5,17.1,-6.6,43.56
"579","Jordy Nelson",4,12.6,5,16.1,-3.5,12.25
"580","Steve Smith",4,1.4,5,15.5,-14.1,198.81
"581","A.J. Green",4,12.1,5,14.9,-2.8,7.84
"582","Calvin Johnson",4,0.7,5,14.6,-13.9,193.21
"583","Emmanuel Sanders",4,10.9,5,14.2,-3.3,10.89
"584","DeAndre Hopkins",4,6.3,5,14.2,-7.9,62.41
"585","Michael Floyd",4,0.7,5,14.1,-13.4,179.56
"586","Keenan Allen",4,2.5,5,13.8,-11.3,127.69
"587","Jeremy Maclin",4,13.6,5,13.7,-0.0999999999999996,0.00999999999999993
"588","Demaryius Thomas",4,34.6,5,13.5,21.1,445.21
"589","Andre Johnson",4,5.8,5,13.4,-7.6,57.76
"590","Marques Colston",4,6.3,5,13.2,-6.9,47.61
"591","Dez Bryant",4,14.5,5,13.1,1.4,1.96
"592","Pierre Garcon",4,2.3,5,13.1,-10.8,116.64
"593","Kelvin Benjamin",4,1.8,5,13,-11.2,125.44
"594","Percy Harvin",4,3.4,5,12.8,-9.4,88.36
"595","Vincent Jackson",4,14.4,5,12.7,1.7,2.89
"596","Reggie Wayne",4,7.7,5,12.7,-5,25
"597","Randall Cobb",4,9.4,5,12.5,-3.1,9.61
"598","Roddy White",4,2.6,5,12.5,-9.9,98.01
"599","Eddie Royal",4,4,5,12.4,-8.4,70.56
"600","Allen Hurns",4,2.6,5,12.1,-9.5,90.25
"601","Michael Crabtree",4,1.6,5,11.8,-10.2,104.04
"602","Jeremy Kerley",4,2.4,5,11.7,-9.3,86.49
"603","Anquan Boldin",4,7.2,5,11.3,-4.1,16.81
"604","Torrey Smith",4,3.8,5,11,-7.2,51.84
"605","Sammy Watkins",4,8.7,5,10.7,-2,4
"606","Dwayne Bowe",4,4.2,5,10.5,-6.3,39.69
"607","Brandon Marshall",4,4.4,5,10,-5.6,31.36
"608","Doug Baldwin",4,5,5,9.4,-4.4,19.36
"609","Greg Jennings",4,3.1,5,9.3,-6.2,38.44
"610","Julian Edelman",4,3.5,5,8.3,-4.8,23.04
"611","Golden Tate",4,19.4,5,8.1,11.3,127.69
"612","T.Y. Hilton",4,9,5,6.6,2.4,5.76
"613","Antonio Brown",4,11.6,6,16.5,-4.9,24.01
"614","Julio Jones",4,6.9,6,16.5,-9.6,92.16
"615","Demaryius Thomas",4,18.4,6,16.1,2.3,5.28999999999999
"616","Jordy Nelson",4,16.7,6,15.5,1.2,1.44
"617","Golden Tate",4,4.4,6,15.3,-10.9,118.81
"618","Mohamed Sanu",4,18,6,15.2,2.8,7.84
"619","Emmanuel Sanders",4,3.8,6,15.1,-11.3,127.69
"620","Alshon Jeffery",4,13.6,6,14.9,-1.3,1.69
"621","Jeremy Maclin",4,1.6,6,14.8,-13.2,174.24
"622","Pierre Garcon",4,9.1,6,13.9,-4.8,23.04
"623","Roddy White",4,4,6,13.9,-9.9,98.01
"624","Mike Wallace",4,12.7,6,13.5,-0.800000000000001,0.640000000000001
"625","Andre Johnson",4,13.9,6,13.4,0.5,0.25
"626","Julian Edelman",4,10.1,6,13.2,-3.1,9.61
"627","Vincent Jackson",4,6.6,6,13.1,-6.5,42.25
"628","Dez Bryant",4,6.3,6,13.1,-6.8,46.24
"629","Reggie Wayne",4,3.5,6,13.1,-9.6,92.16
"630","T.Y. Hilton",4,30.3,6,12.8,17.5,306.25
"631","James Jones",4,11.6,6,12.8,-1.2,1.44
"632","DeSean Jackson",4,18,6,12.5,5.5,30.25
"633","Torrey Smith",4,17.1,6,12.4,4.7,22.09
"634","Brandon Marshall",4,11.3,6,12.4,-1.1,1.21
"635","Kendall Wright",4,0.6,6,12.3,-11.7,136.89
"636","Keenan Allen",4,2.7,6,12,-9.3,86.49
"637","Anquan Boldin",4,15.4,6,11.4,4,16
"638","Randall Cobb",4,11.9,6,11.2,0.700000000000001,0.490000000000001
"639","Larry Fitzgerald",4,15.8,6,10.7,5.1,26.01
"640","Wes Welker",4,0.8,6,10.3,-9.5,90.25
"641","Rueben Randle",4,5.8,6,10.1,-4.3,18.49
"642","Doug Baldwin",4,3.2,6,10,-6.8,46.24
"643","Steve Smith",4,17,6,8,9,81
"644","Kelvin Benjamin",4,10.9,6,7.5,3.4,11.56
"645","Justin Hunter",4,7.7,6,7,0.7,0.49
"646","DeAndre Hopkins",4,1.2,6,6.9,-5.7,32.49
"647","Devin Hester",4,2.3,6,5.7,-3.4,11.56
"648","Julio Jones",4,5.6,7,17.2,-11.6,134.56
"649","Demaryius Thomas",4,29.1,7,16.2,12.9,166.41
"650","Golden Tate",4,21.4,7,15.8,5.6,31.36
"651","Antonio Brown",4,13.1,7,15.8,-2.7,7.29000000000001
"652","Steve Smith",4,6.7,7,15.4,-8.7,75.69
"653","James Jones",4,3.5,7,15.4,-11.9,141.61
"654","Jordy Nelson",4,14,7,15.3,-1.3,1.69
"655","T.Y. Hilton",4,10.7,7,15,-4.3,18.49
"656","Mohamed Sanu",4,5.4,7,14.9,-9.5,90.25
"657","Andre Holmes",4,3.4,7,13.9,-10.5,110.25
"658","Dez Bryant",4,15.1,7,13.6,1.5,2.25
"659","Torrey Smith",4,14.1,7,13.5,0.6,0.36
"660","Andre Johnson",4,7.7,7,13.4,-5.7,32.49
"661","Julian Edelman",4,5.2,7,13.2,-8,64
"662","Mike Wallace",4,11,7,13.1,-2.1,4.41
"663","Emmanuel Sanders",4,10.1,7,13.1,-3,9
"664","Michael Floyd",4,10.7,7,12.4,-1.7,2.89
"665","Odell Beckham Jr.",4,16.7,7,12.3,4.4,19.36
"666","Randall Cobb",4,18.3,7,12.1,6.2,38.44
"667","Marques Colston",4,11.1,7,12.1,-1,1
"668","Brandon Marshall",4,4.8,7,12,-7.2,51.84
"669","Larry Fitzgerald",4,2.1,7,12,-9.9,98.01
"670","Kelvin Benjamin",4,12.1,7,11.8,0.299999999999999,0.0899999999999994
"671","Terrance Williams",4,7.8,7,11.5,-3.7,13.69
"672","Pierre Garcon",4,14.7,7,11.4,3.3,10.89
"673","Rueben Randle",4,7.4,7,11.3,-3.9,15.21
"674","Greg Jennings",4,7.7,7,11.1,-3.4,11.56
"675","Malcom Floyd",4,5,7,11.1,-6.1,37.21
"676","Jermaine Kearse",4,7,7,10.9,-3.9,15.21
"677","Keenan Allen",4,5.8,7,10.5,-4.7,22.09
"678","Sammy Watkins",4,24.2,7,10.4,13.8,190.44
"679","Kendall Wright",4,12.8,7,10.3,2.5,6.25
"680","Doug Baldwin",4,18.3,7,9.8,8.5,72.25
"681","Miles Austin",4,5.3,7,9.8,-4.5,20.25
"682","DeSean Jackson",4,4.9,7,7.8,-2.9,8.41
"683","Alshon Jeffery",4,0.9,7,7.6,-6.7,44.89
"684","Golden Tate",4,23.1,8,16.7,6.4,40.96
"685","Jordy Nelson",4,2.5,8,16.4,-13.9,193.21
"686","Jeremy Maclin",4,30.7,8,16.3,14.4,207.36
"687","Demaryius Thomas",4,10.5,8,15.4,-4.9,24.01
"688","Antonio Brown",4,25.8,8,15.2,10.6,112.36
"689","Julio Jones",4,5.8,8,15.1,-9.3,86.49
"690","Steve Smith",4,3.5,8,15.1,-11.6,134.56
"691","Mohamed Sanu",4,15.2,8,14.9,0.299999999999999,0.0899999999999994
"692","Mike Wallace",4,5.9,8,13.8,-7.9,62.41
"693","Emmanuel Sanders",4,30.6,8,13.5,17.1,292.41
"694","Sammy Watkins",4,21.7,8,13.5,8.2,67.24
"695","Doug Baldwin",4,6.1,8,13.5,-7.4,54.76
"696","Randall Cobb",4,18.6,8,13.4,5.2,27.04
"697","James Jones",4,6.2,8,13.4,-7.2,51.84
"698","Julian Edelman",4,1.4,8,13.4,-12,144
"699","Dez Bryant",4,9,8,13.3,-4.3,18.49
"700","Andre Johnson",4,5.5,8,13.2,-7.7,59.29
"701","Kelvin Benjamin",4,9.4,8,12.8,-3.4,11.56
"702","Dwayne Bowe",4,6.4,8,12.6,-6.2,38.44
"703","Cordarrelle Patterson",4,9.6,8,12.4,-2.8,7.84
"704","Eric Decker",4,4,8,12.3,-8.3,68.89
"705","Brandon Marshall",4,3.5,8,12.3,-8.8,77.44
"706","Allen Robinson",4,14.2,8,11.6,2.6,6.76
"707","Keenan Allen",4,13.3,8,11.5,1.8,3.24
"708","Pierre Garcon",4,4.7,8,11.5,-6.8,46.24
"709","Larry Fitzgerald",4,22,8,11.4,10.6,112.36
"710","Greg Jennings",4,9.8,8,11.3,-1.5,2.25
"711","Vincent Jackson",4,1.3,8,11.3,-10,100
"712","Jermaine Kearse",4,1.5,8,10.7,-9.2,84.64
"713","T.Y. Hilton",4,21.5,8,10.6,10.9,118.81
"714","Kendall Wright",4,5.3,8,10.6,-5.3,28.09
"715","Mike Evans",4,7.8,8,10.2,-2.4,5.76
"716","Terrance Williams",4,6.9,8,10.2,-3.3,10.89
"717","Davante Adams",4,7.5,8,9.7,-2.2,4.84
"718","Brandin Cooks",4,21.8,8,7.7,14.1,198.81
"719","DeSean Jackson",4,13.6,8,7.4,6.2,38.44
"720","T.Y. Hilton",4,13.1,9,16.7,-3.6,12.96
"721","Antonio Brown",4,20.4,9,16.2,4.2,17.64
"722","Demaryius Thomas",4,12.7,9,16,-3.3,10.89
"723","A.J. Green",4,10.1,9,15.8,-5.7,32.49
"724","Jeremy Maclin",4,27.8,9,15.4,12.4,153.76
"725","Kelvin Benjamin",4,1.8,9,15.4,-13.6,184.96
"726","Dez Bryant",4,7.5,9,15.2,-7.7,59.29
"727","DeAndre Hopkins",4,17.5,9,14.5,3,9
"728","Emmanuel Sanders",4,15.1,9,14.5,0.6,0.36
"729","Mohamed Sanu",4,16.4,9,14.3,2.1,4.40999999999999
"730","Steve Smith",4,3.6,9,14.2,-10.6,112.36
"731","Andrew Hawkins",4,3.4,9,13.8,-10.4,108.16
"732","Andre Johnson",4,1.2,9,13.5,-12.3,151.29
"733","Allen Robinson",4,3.5,9,13.1,-9.6,92.16
"734","Doug Baldwin",4,3.8,9,13,-9.2,84.64
"735","Torrey Smith",4,12.3,9,12.8,-0.5,0.25
"736","Brandin Cooks",4,3.8,9,12.8,-9,81
"737","DeSean Jackson",4,18,9,12.7,5.3,28.09
"738","Brandon LaFell",4,11.3,9,12.3,-1,1
"739","Larry Fitzgerald",4,7,9,12.1,-5.1,26.01
"740","Mike Wallace",4,5,9,12,-7,49
"741","Anquan Boldin",4,15.3,9,11.5,3.8,14.44
"742","Terrance Williams",4,1.9,9,11.4,-9.5,90.25
"743","James Jones",4,1.8,9,11.4,-9.6,92.16
"744","Kenny Britt",4,9.2,9,11.3,-2.1,4.41000000000001
"745","Cordarrelle Patterson",4,0.9,9,11.3,-10.4,108.16
"746","Malcom Floyd",4,6,9,11.2,-5.2,27.04
"747","Miles Austin",4,5.4,9,11.2,-5.8,33.64
"748","Keenan Allen",4,4.7,9,11.2,-6.5,42.25
"749","Vincent Jackson",4,8.6,9,11.1,-2.5,6.25
"750","Michael Crabtree",4,4,9,11,-7,49
"751","Odell Beckham Jr.",4,15.6,9,10.9,4.7,22.09
"752","Pierre Garcon",4,1.5,9,10.8,-9.3,86.49
"753","Dwayne Bowe",4,5.5,9,10.5,-5,25
"754","Eric Decker",4,12.3,9,10.1,2.2,4.84
"755","Jarvis Landry",4,10.6,9,9.6,1,1
"756","Jimmy Graham",6,8.2,1,22.4,-14.2,201.64
"757","Julius Thomas",6,28.4,1,12.8,15.6,243.36
"758","Jordan Cameron",6,4.7,1,12.2,-7.5,56.25
"759","Rob Gronkowski",6,10,1,11.9,-1.9,3.61
"760","Vernon Davis",6,16.4,1,11.5,4.9,24.01
"761","Jared Cook",6,5.6,1,11.4,-5.8,33.64
"762","Jason Witten",6,1.4,1,10.6,-9.2,84.64
"763","Greg Olsen",6,14.3,1,10,4.3,18.49
"764","Zach Ertz",6,13.7,1,10,3.7,13.69
"765","Jermaine Gresham",6,1.6,1,9.3,-7.7,59.29
"766","Charles Clay",6,2.7,1,4.8,-2.1,4.41
"767","Ladarius Green",6,2.4,1,4.8,-2.4,5.76
"768","Julius Thomas",6,9.9,2,19.7,-9.8,96.04
"769","Jimmy Graham",6,23.8,2,15.2,8.6,73.96
"770","Greg Olsen",6,7.2,2,13.2,-6,36
"771","Rob Gronkowski",6,3.2,2,13,-9.8,96.04
"772","Martellus Bennett",6,9.7,2,10.7,-1,1
"773","Jermaine Gresham",6,2.5,2,10.6,-8.1,65.61
"774","Jason Witten",6,3.2,2,10.1,-6.9,47.61
"775","Delanie Walker",6,20.2,2,10,10.2,104.04
"776","Charles Clay",6,3.1,2,9.7,-6.6,43.56
"777","Jared Cook",6,4.6,2,9,-4.4,19.36
"778","Vernon Davis",6,3.9,2,5.7,-1.8,3.24
"779","Larry Donnell",6,8.1,2,4.7,3.4,11.56
"780","Jimmy Graham",6,5.4,3,16.6,-11.2,125.44
"781","Antonio Gates",6,0.8,3,14.2,-13.4,179.56
"782","Jordan Cameron",6,2.3,3,13.8,-11.5,132.25
"783","Greg Olsen",6,12.9,3,12.4,0.5,0.25
"784","Julius Thomas",6,7.7,3,12.4,-4.7,22.09
"785","Martellus Bennett",6,17.4,3,12.2,5.2,27.04
"786","Travis Kelce",6,9.6,3,11.9,-2.3,5.29
"787","Rob Gronkowski",6,10.4,3,11.5,-1.1,1.21
"788","Jason Witten",6,4.9,3,11.2,-6.3,39.69
"789","Zach Ertz",6,1.4,3,9.4,-8,64
"790","Coby Fleener",6,10.9,3,9,1.9,3.61
"791","Larry Donnell",6,2.5,3,6.5,-4,16
"792","Jimmy Graham",6,12.6,4,15.2,-2.6,6.76
"793","Delanie Walker",6,14.4,4,13.8,0.6,0.36
"794","Antonio Gates",6,3,4,13,-10,100
"795","Larry Donnell",6,23.4,4,11.1,12.3,151.29
"796","Travis Kelce",6,15.3,4,10.8,4.5,20.25
"797","Rob Gronkowski",6,9.1,4,10.8,-1.7,2.89
"798","Vernon Davis",6,0.8,4,10.1,-9.3,86.49
"799","Greg Olsen",6,3,4,6.8,-3.8,14.44
"800","Niles Paul",6,6,4,5.6,0.4,0.16
"801","Martellus Bennett",6,13.4,4,4.6,8.8,77.44
"802","Zach Ertz",6,2.3,4,4.6,-2.3,5.29
"803","Heath Miller",6,14.5,4,3.8,10.7,114.49
"804","Jimmy Graham",6,3.6,5,14.5,-10.9,118.81
"805","Delanie Walker",6,4.7,5,13.6,-8.9,79.21
"806","Martellus Bennett",6,1.7,5,12,-10.3,106.09
"807","Travis Kelce",6,7.5,5,11.9,-4.4,19.36
"808","Heath Miller",6,4.6,5,11.9,-7.3,53.29
"809","Jared Cook",6,4.4,5,11.9,-7.5,56.25
"810","Rob Gronkowski",6,16,5,11.8,4.2,17.64
"811","Julius Thomas",6,18.6,5,11.4,7.2,51.84
"812","Jordan Cameron",6,3.3,5,10.5,-7.2,51.84
"813","Antonio Gates",6,18,5,10.2,7.8,60.84
"814","Zach Ertz",6,3.9,5,10,-6.1,37.21
"815","Eric Ebron",6,0.8,5,9.8,-9,81
"816","Delanie Walker",6,5.7,6,14.8,-9.1,82.81
"817","Rob Gronkowski",6,9.4,6,12.8,-3.4,11.56
"818","Antonio Gates",6,8.7,6,12.6,-3.9,15.21
"819","Greg Olsen",6,12.2,6,12.1,0.0999999999999996,0.00999999999999993
"820","Owen Daniels",6,3.4,6,11.8,-8.4,70.56
"821","Larry Donnell",6,0.6,6,11.7,-11.1,123.21
"822","Jason Witten",6,8.4,6,11.5,-3.1,9.61
"823","Julius Thomas",6,17.1,6,11.3,5.8,33.64
"824","Jared Cook",6,7.4,6,10.7,-3.3,10.89
"825","Heath Miller",6,1.9,6,10.1,-8.2,67.24
"826","Eric Ebron",6,2.3,6,10,-7.7,59.29
"827","Jordan Cameron",6,16.2,6,8.7,7.5,56.25
"828","Jordan Cameron",6,0.5,7,15.4,-14.9,222.01
"829","Jordan Reed",6,5.4,7,12.7,-7.3,53.29
"830","Delanie Walker",6,1.7,7,12.5,-10.8,116.64
"831","Martellus Bennett",6,5.8,7,12.2,-6.4,40.96
"832","Travis Kelce",6,3.3,7,11.8,-8.5,72.25
"833","Antonio Gates",6,12.1,7,11.7,0.4,0.16
"834","Rob Gronkowski",6,6.8,7,11.5,-4.7,22.09
"835","Julius Thomas",6,2.7,7,11.2,-8.5,72.25
"836","Jared Cook",6,2.5,7,10.7,-8.2,67.24
"837","Dwayne Allen",6,11.2,7,10.6,0.6,0.36
"838","Jace Amaro",6,4.2,7,10.5,-6.3,39.69
"839","Vernon Davis",6,2.1,7,9,-6.9,47.61
"840","Greg Olsen",6,1.6,8,12.5,-10.9,118.81
"841","Rob Gronkowski",6,32.9,8,12.3,20.6,424.36
"842","Zach Ertz",6,4.8,8,11.6,-6.8,46.24
"843","Jimmy Graham",6,11.9,8,11.5,0.4,0.16
"844","Scott Chandler",6,7.2,8,11.2,-4,16
"845","Antonio Gates",6,17.4,8,10.7,6.7,44.89
"846","Charles Clay",6,0.1,8,10.6,-10.5,110.25
"847","Travis Kelce",6,4.5,8,10.5,-6,36
"848","Dwayne Allen",6,8.1,8,10.4,-2.3,5.29
"849","Julius Thomas",6,2.3,8,10.3,-8,64
"850","Jared Cook",6,1.1,8,10.2,-9.1,82.81
"851","Jordan Cameron",6,4,8,9.2,-5.2,27.04
"852","Rob Gronkowski",6,16.5,9,13.5,3,9
"853","Greg Olsen",6,3,9,13.3,-10.3,106.09
"854","Jimmy Graham",6,14.3,9,13.1,1.2,1.44
"855","Larry Donnell",6,8.5,9,11.3,-2.8,7.84
"856","Zach Ertz",6,0.4,9,11.3,-10.9,118.81
"857","Antonio Gates",6,2.8,9,11.1,-8.3,68.89
"858","Travis Kelce",6,12.7,9,10.9,1.8,3.24
"859","Jared Cook",6,1.2,9,10.4,-9.2,84.64
"860","Dwayne Allen",6,10.8,9,10,0.800000000000001,0.640000000000001
"861","Julius Thomas",6,9.3,9,10,-0.699999999999999,0.489999999999999
"862","Luke Willson",6,1.6,9,7.8,-6.2,38.44
"863","Jordan Reed",6,1.7,9,5.3,-3.6,12.96
