"X","year","name","pos","team","overall","pick"
1,2010,"Chris Johnson","RB","NYJ",1.4,1
2,2010,"Adrian Peterson","RB","MIN",2.1,2
3,2010,"Ray Rice","RB","BAL",3,3
4,2010,"Maurice Jones-Drew","RB","OAK",4.4,4
5,2010,"Andre Johnson","WR","HOU",5.6,1
6,2010,"Frank Gore","RB","SF",6,5
7,2010,"Aaron Rodgers","QB","GB",6.8,1
8,2010,"Michael Turner","RB","FA",8.1,6
9,2010,"Randy Moss","WR","SF",8.8,2
10,2010,"Steven Jackson","RB","ATL",11.8,7
11,2010,"Reggie Wayne","WR","IND",11.9,3
12,2010,"Drew Brees","QB","NO",12.1,2
13,2010,"Calvin Johnson","WR","DET",12.6,4
14,2010,"Ryan Mathews","RB","SD",14.8,8
15,2010,"Miles Austin","WR","CLE",15.1,5
16,2010,"Roddy White","WR","ATL",16.6,6
17,2010,"Peyton Manning","QB","DEN",17.7,3
18,2010,"Rashard Mendenhall","RB","ARI",18.2,9
19,2010,"Brandon Marshall","WR","CHI",18.9,7
20,2010,"Larry Fitzgerald","WR","ARI",19.2,8
21,2010,"DeAngelo Williams","RB","CAR",20.4,10
22,2010,"Greg Jennings","WR","MIN",21.5,9
23,2010,"DeSean Jackson","WR","WAS",24.2,10
24,2010,"Shonn Greene","RB","TEN",25,11
25,2010,"Tom Brady","QB","NE",25.2,4
26,2010,"Marques Colston","WR","NO",25.7,11
27,2010,"Jamaal Charles","RB","KC",27.3,12
28,2010,"Wes Welker","WR","DEN",28.2,12
29,2010,"Ryan Grant","RB","FA",28.5,13
30,2010,"Anquan Boldin","WR","SF",31.1,13
31,2010,"Cedric Benson","RB","GB",31.7,14
32,2010,"Matt Schaub","QB","OAK",31.9,5
33,2010,"Pierre Thomas","RB","NO",32.4,15
34,2010,"Steve Smith","WR","TB",34.2,14
35,2010,"Tony Romo","QB","DAL",35,6
36,2010,"Arian Foster","RB","HOU",36.3,16
37,2010,"Steve Smith","WR","BAL",36.6,15
38,2010,"LeSean McCoy","RB","PHI",37.5,17
39,2010,"Jahvid Best","RB","DET",38.5,18
40,2010,"Dallas Clark","TE","TB",40,1
41,2010,"Antonio Gates","TE","SD",42,2
42,2010,"Philip Rivers","QB","SD",42,7
43,2010,"Michael Crabtree","WR","SF",42.7,16
44,2010,"Jermichael Finley","TE","GB",42.8,3
45,2010,"Matt Forte","RB","CHI",44.3,19
46,2010,"Chad Johnson","WR","FA",45.2,17
47,2010,"Dwayne Bowe","WR","KC",47.4,18
48,2010,"Joseph Addai","RB","FA",47.6,20
49,2010,"Beanie Wells","RB","FA",48.2,21
50,2010,"Jonathan Stewart","RB","CAR",50.7,22
51,2010,"Vernon Davis","TE","SF",52,4
52,2010,"Knowshon Moreno","RB","MIA",52.4,23
53,2010,"Hakeem Nicks","WR","IND",53.1,19
54,2010,"Ronnie Brown","RB","SD",53.9,24
55,2010,"Jason Witten","TE","DAL",55.8,5
56,2010,"Mike Sims-Walker","WR","FA",56.3,20.5
57,2010,"Pierre Garcon","WR","WAS",56.3,20.5
58,2010,"C.J. Spiller","RB","BUF",57.7,25
59,2010,"Percy Harvin","WR","SEA",58,22
60,2010,"Hines Ward","WR","PIT",58.1,23
61,2010,"Malcom Floyd","WR","SD",59.8,24
62,2010,"Joe Flacco","QB","BAL",60.8,8
63,2010,"Brent Celek","TE","PHI",61.7,6
64,2010,"Kevin Kolb","QB","FA",64.8,9
65,2010,"Tony Gonzalez","TE","ATL",64.9,7
66,2010,"Felix Jones","RB","FA",65.2,26
67,2010,"Ahmad Bradshaw","RB","IND",65.4,27
68,2010,"Donald Driver","WR","GB",67.3,25
69,2010,"Reggie Bush","RB","DET",67.4,28
70,2010,"Terrell Owens","WR","FA",67.6,26
71,2010,"Justin Forsett","RB","BAL",67.9,29
72,2010,"Santana Moss","WR","WAS",72.2,27
73,2010,"Mike Wallace","WR","MIA",72.3,28
74,2010,"Jeremy Maclin","WR","PHI",73.7,29
75,2010,"Marion Barber","RB","CHI",75.1,30
76,2010,"Johnny Knox","WR","CHI",75.1,30
77,2010,"Jerome Harrison","RB","PHI",75.9,31
78,2010,"Owen Daniels","TE","BAL",77.3,8
79,2010,"Jay Cutler","QB","CHI",78.4,10
80,2010,"Ricky Williams","RB","BAL",78.5,32
81,2010,"Dez Bryant","WR","DAL",80.1,31
82,2010,"T.J. Houshmandzadeh","WR","FA",81.1,32
83,2010,"Brett Favre","QB","MIN",82.6,11
84,2010,"Brandon Jacobs","RB","SF",84.2,33
85,2010,"Michael Bush","RB","FA",84.5,34
86,2010,"Carnell Williams","RB","FA",86.2,35
87,2010,"NY Jets Defense","DEF","NYJ",86.5,1
88,2010,"Clinton Portis","RB","WAS",87.2,36
89,2010,"Vincent Jackson","WR","TB",87.2,33
90,2010,"Matt Ryan","QB","ATL",89.4,12
91,2010,"Santonio Holmes","WR","FA",89.6,34
92,2010,"Robert Meachem","WR","NO",89.9,35
93,2010,"Jabar Gaffney","WR","MIA",93.2,36
94,2010,"LaDainian Tomlinson","RB","NYJ",93.3,37
95,2010,"Eli Manning","QB","NYG",93.8,13
96,2010,"Thomas Jones","RB","KC",94,38
97,2010,"Chris Cooley","TE","WAS",95.9,9
98,2010,"Tim Hightower","RB","WAS",96.6,39
99,2010,"Visanthe Shiancoe","TE","FA",96.7,10
100,2010,"Devin Aromashodu","WR","MIN",96.9,37
101,2010,"Carson Palmer","QB","ARI",98.2,14
102,2010,"Minnesota Defense","DEF","MIN",98.3,2
103,2010,"Steve Breaston","WR","KC",99.2,38
104,2010,"Derrick Mason","WR","NYJ",100.2,39
105,2010,"Donald Brown","RB","SD",100.2,40
106,2010,"Braylon Edwards","WR","SF",102.3,40
107,2010,"Eddie Royal","WR","SD",102.8,41
108,2010,"Zach Miller","TE","CHI",105.4,11
109,2010,"Green Bay Defense","DEF","GB",105.7,3
110,2010,"Fred Jackson","RB","BUF",107,41
111,2010,"Darren McFadden","RB","OAK",108.9,42
112,2010,"Darren Sproles","RB","PHI",110.1,43
113,2010,"Donovan McNabb","QB","MIN",110.1,15
114,2010,"San Francisco Defense","DEF","SF",110.8,4
115,2010,"Lee Evans","WR","JAC",110.8,42
116,2010,"Ben Roethlisberger","QB","PIT",111.5,16
117,2010,"Julian Edelman","WR","NE",113,43
118,2010,"Bernard Berrian","WR","MIN",113.4,44
119,2010,"Anthony Gonzalez","WR","FA",113.8,45
120,2010,"Steve Slaton","RB","HOU",114.2,44
121,2010,"Kellen Winslow","TE","FA",115.3,12
122,2010,"Devin Hester","WR","ATL",116.1,46
123,2010,"Mike Williams","WR","BUF",118.3,47
124,2010,"Laurence Maroney","RB","DEN",122,45
125,2010,"Leon Washington","RB","TEN",122.3,46
126,2010,"Kenny Britt","WR","STL",122.7,48
127,2010,"Pittsburgh Defense","DEF","PIT",122.8,5
128,2010,"Mohamed Massaquoi","WR","CLE",123.4,49
129,2010,"Jacoby Jones","WR","BAL",124.7,50
130,2010,"Joshua Cribbs","WR","FA",124.9,51
131,2010,"Austin Collie","WR","IND",125.3,52
132,2010,"Matthew Stafford","QB","DET",125.6,17
133,2010,"Baltimore Defense","DEF","BAL",126.4,6
134,2010,"Sidney Rice","WR","SEA",128,53
135,2010,"Chester Taylor","RB","ARI",128.4,47
136,2010,"Chad Henne","QB","JAC",128.5,18
137,2010,"Nate Kaeding","PK","SD",130.5,1
138,2010,"Alex Smith","QB","KC",130.5,19
139,2010,"Philadelphia Defense","DEF","PHI",133.9,7
140,2010,"Willis McGahee","RB","FA",136.6,48
141,2010,"Golden Tate","WR","DET",136.8,54
142,2010,"New Orleans Defense","DEF","NO",137,8
143,2010,"Jerricho Cotchery","WR","CAR",137.3,55
144,2010,"Mason Crosby","PK","GB",138.5,2
145,2010,"John Carlson","TE","ARI",138.5,13
146,2010,"Vince Young","QB","FA",138.7,20
147,2010,"Dexter McCluster","RB","TEN",139.8,49
148,2010,"Demaryius Thomas","WR","DEN",142.4,56
149,2010,"Garrett Hartley","PK","NO",143,3
150,2010,"Mark Sanchez","QB","PHI",144.1,21
151,2010,"Roy Williams","WR","CHI",144.5,57
152,2010,"Dustin Keller","TE","MIA",144.8,14
153,2010,"Jeremy Shockey","TE","CAR",144.9,15
154,2010,"Nate Burleson","WR","CLE",145.7,58
155,2010,"Legedu Naanee","WR","MIA",145.9,59
156,2010,"Louis Murphy","WR","TB",146.3,60
157,2010,"Kevin Smith","RB","DET",146.9,50
158,2010,"Larry Johnson","RB","MIA",147,51
159,2010,"Kareem Huggins","RB","TB",147.6,52
160,2010,"Matt Cassel","QB","MIN",147.6,22
161,2010,"Dallas Defense","DEF","DAL",147.9,9
162,2010,"Mike Williams","WR","FA",148,61
163,2010,"Rob Gronkowski","TE","NE",149.6,16
164,2010,"Greg Olsen","TE","CAR",149.8,17
165,2010,"Bernard Scott","RB","CIN",150.2,53
166,2010,"Stephen Gostkowski","PK","NE",150.8,4
167,2010,"Fred Taylor","RB","NE",151.2,54
168,2010,"Jermaine Gresham","TE","CIN",153.1,18
169,2010,"Toby Gerhart","RB","JAC",153.4,55
170,2010,"Derek Anderson","QB","CAR",154.1,23
171,2010,"Heath Miller","TE","PIT",154.3,19
172,2010,"Mike Bell","RB","CLE",154.4,56
173,2010,"Devin Thomas","WR","NYG",154.7,62
174,2010,"Devery Henderson","WR","FA",154.8,63
175,2010,"Anthony Dixon","RB","BUF",155,57
176,2010,"Laurent Robinson","WR","FA",155.2,64
177,2010,"Chris Chambers","WR","KC",155.4,65
178,2010,"Sam Bradford","QB","STL",156.4,24
179,2010,"Marshawn Lynch","RB","SEA",156.4,58
180,2010,"Greg Camarillo","WR","MIN",156.5,66
181,2010,"Jason Campbell","QB","CIN",157,25
182,2010,"Chicago Defense","DEF","CHI",157.3,10.5
183,2010,"Tashard Choice","RB","FA",157.3,59
184,2010,"NY Giants Defense","DEF","NYG",157.3,10.5
185,2010,"Mike Thomas","WR","JAC",157.9,67
186,2010,"Davone Bess","WR","FA",158,68
187,2010,"Matt Moore","QB","MIA",158.5,26
188,2010,"Correll Buckhalter","RB","DEN",158.7,60
189,2010,"Early Doucet","WR","ARI",159,69
190,2010,"David Garrard","QB","NYJ",159.1,27
191,2010,"Kevin Walter","WR","FA",159.5,70
192,2010,"James Jones","WR","OAK",160.5,71.5
193,2010,"Mario Manningham","WR","NYG",160.5,71.5
194,2010,"Peyton Hillis","RB","NYG",160.9,61
195,2010,"Kyle Orton","QB","DAL",160.9,28
196,2010,"Tennessee Defense","DEF","TEN",161,12
197,2010,"Patrick Crayton","WR","SD",161.1,73
198,2010,"Brian Westbrook","RB","FA",161.2,62
199,2010,"Ryan Longwell","PK","FA",162.7,5
200,2010,"Matt Hasselbeck","QB","IND",163.3,29
201,2010,"San Diego Defense","DEF","SD",163.4,13
202,2010,"Lance Moore","WR","PIT",163.5,74
203,2010,"Cincinnati Defense","DEF","CIN",163.6,14
204,2010,"Rob Bironas","PK","TEN",164.9,6
205,2010,"Miami Defense","DEF","MIA",165,15
206,2010,"David Akers","PK","FA",166.8,7
207,2010,"Adam Vinatieri","PK","IND",168,8
208,2010,"Sebastian Janikowski","PK","OAK",169.7,9
209,2010,"Robbie Gould","PK","CHI",170.6,10
210,2010,"Neil Rackers","PK","FA",170.9,11
211,2011,"Adrian Peterson","RB","MIN",1.5,1
212,2011,"Ray Rice","RB","BAL",2.3,2
213,2011,"Arian Foster","RB","HOU",2.9,3
214,2011,"Chris Johnson","RB","NYJ",3.9,4
215,2011,"Jamaal Charles","RB","KC",5.1,5
216,2011,"Michael Vick","QB","NYJ",5.5,1
217,2011,"Andre Johnson","WR","HOU",7.1,1
218,2011,"LeSean McCoy","RB","PHI",7.9,6
219,2011,"Rashard Mendenhall","RB","ARI",8.9,7
220,2011,"Aaron Rodgers","QB","GB",9.3,2
221,2011,"Calvin Johnson","WR","DET",10.8,2
222,2011,"Roddy White","WR","ATL",12.9,3
223,2011,"Maurice Jones-Drew","RB","OAK",13.4,8
224,2011,"Darren McFadden","RB","OAK",13.8,9
225,2011,"Larry Fitzgerald","WR","ARI",15.6,4
226,2011,"Michael Turner","RB","FA",15.7,10
227,2011,"Vincent Jackson","WR","TB",18,5
228,2011,"Frank Gore","RB","SF",18.8,11
229,2011,"Tom Brady","QB","NE",18.8,3
230,2011,"Hakeem Nicks","WR","IND",20.1,6
231,2011,"Steven Jackson","RB","ATL",21.9,12
232,2011,"Greg Jennings","WR","MIN",22.1,7
233,2011,"Matt Forte","RB","CHI",23.5,13
234,2011,"Mike Wallace","WR","MIA",23.9,8
235,2011,"Philip Rivers","QB","SD",25.1,4
236,2011,"Peyton Hillis","RB","NYG",25.6,14
237,2011,"Drew Brees","QB","NO",27,5
238,2011,"DeSean Jackson","WR","WAS",27.5,9
239,2011,"LeGarrette Blount","RB","PIT",28.7,15
240,2011,"Felix Jones","RB","FA",30,16
241,2011,"Miles Austin","WR","CLE",30.5,10
242,2011,"Reggie Wayne","WR","IND",33.8,11
243,2011,"Shonn Greene","RB","TEN",33.8,17
244,2011,"Dwayne Bowe","WR","KC",34.3,12
245,2011,"Ahmad Bradshaw","RB","IND",35.6,18
246,2011,"Mike Williams","WR","BUF",37.7,13
247,2011,"Antonio Gates","TE","SD",37.8,1
248,2011,"Dez Bryant","WR","DAL",39.5,14
249,2011,"Jahvid Best","RB","DET",40.3,19
250,2011,"Brandon Marshall","WR","CHI",40.7,15
251,2011,"Tony Romo","QB","DAL",41.4,6
252,2011,"Jermichael Finley","TE","GB",41.7,2
253,2011,"Wes Welker","WR","DEN",43.2,16
254,2011,"Ryan Mathews","RB","SD",44.4,20
255,2011,"Knowshon Moreno","RB","MIA",45.8,21
256,2011,"Santonio Holmes","WR","FA",45.9,17
257,2011,"Mark Ingram","RB","NO",46.8,22
258,2011,"Brandon Lloyd","WR","SF",47.2,18
259,2011,"Jason Witten","TE","DAL",48.1,3
260,2011,"Chad Johnson","WR","FA",49.6,19
261,2011,"DeAngelo Williams","RB","CAR",49.7,23
262,2011,"Marques Colston","WR","NO",52.3,20.5
263,2011,"Steve Johnson","WR","SF",52.3,20.5
264,2011,"Tim Hightower","RB","WAS",55,24
265,2011,"Matt Schaub","QB","OAK",55.7,7
266,2011,"Beanie Wells","RB","FA",55.9,25
267,2011,"Anquan Boldin","WR","SF",56,22
268,2011,"Dallas Clark","TE","TB",56.2,4
269,2011,"Mario Manningham","WR","NYG",58.7,23
270,2011,"Vernon Davis","TE","SF",59,5
271,2011,"Percy Harvin","WR","SEA",60,24
272,2011,"Peyton Manning","QB","DEN",60.7,8
273,2011,"Ryan Grant","RB","FA",61.3,26
274,2011,"Matt Ryan","QB","ATL",61.3,9
275,2011,"Jeremy Maclin","WR","PHI",62.4,25
276,2011,"Jimmy Graham","TE","NO",65,6
277,2011,"Cedric Benson","RB","GB",65.9,27
278,2011,"Ben Roethlisberger","QB","PIT",67.1,10
279,2011,"BenJarvus Green-Ellis","RB","CIN",68.6,28
280,2011,"Julio Jones","WR","ATL",68.9,26
281,2011,"Owen Daniels","TE","BAL",69.5,7
282,2011,"Kenny Britt","WR","STL",69.8,27
283,2011,"Plaxico Burress","WR","PIT",73.2,28
284,2011,"Fred Jackson","RB","BUF",73.2,29
285,2011,"Marshawn Lynch","RB","SEA",74.6,30
286,2011,"Reggie Bush","RB","DET",74.7,31
287,2011,"Tony Gonzalez","TE","ATL",76.4,8
288,2011,"Matthew Stafford","QB","DET",78.1,11
289,2011,"Mike Tolbert","RB","CAR",78.3,32
290,2011,"Austin Collie","WR","IND",78.3,29
291,2011,"Joseph Addai","RB","FA",80.6,33
292,2011,"Malcom Floyd","WR","SD",81.8,30
293,2011,"Sidney Rice","WR","SEA",82.7,31
294,2011,"Daniel Thomas","RB","MIA",84.5,34
295,2011,"Mike Sims-Walker","WR","FA",85.3,32
296,2011,"Pittsburgh Defense","DEF","PIT",85.5,1
297,2011,"Santana Moss","WR","WAS",85.6,33
298,2011,"Marcedes Lewis","TE","JAC",87,9
299,2011,"Brandon Jacobs","RB","SF",88.2,35
300,2011,"James Starks","RB","GB",90.4,36
301,2011,"Green Bay Defense","DEF","GB",91,2
302,2011,"Josh Freeman","QB","NYG",91.7,12
303,2011,"Pierre Garcon","WR","WAS",92.9,34
304,2011,"Jonathan Stewart","RB","CAR",93.5,37
305,2011,"Philadelphia Defense","DEF","PHI",94.2,3
306,2011,"Steve Smith","WR","BAL",94.6,35
307,2011,"NY Jets Defense","DEF","NYJ",95.7,4
308,2011,"Eli Manning","QB","NYG",97.9,13
309,2011,"Rob Gronkowski","TE","NE",98.1,10
310,2011,"A.J. Green","WR","CIN",98.1,36
311,2011,"Sam Bradford","QB","STL",98.8,14
312,2011,"LaDainian Tomlinson","RB","NYJ",99.2,38
313,2011,"Hines Ward","WR","PIT",100,37
314,2011,"Danny Amendola","WR","NE",100.9,38
315,2011,"Pierre Thomas","RB","NO",102.1,39
316,2011,"Baltimore Defense","DEF","BAL",102.2,5
317,2011,"Johnny Knox","WR","CHI",104.9,39.5
318,2011,"Mike Thomas","WR","JAC",104.9,39.5
319,2011,"Michael Bush","RB","FA",105.1,40
320,2011,"Ben Tate","RB","CLE",106.6,41
321,2011,"Michael Crabtree","WR","SF",108.6,41
322,2011,"New England Defense","DEF","NE",108.9,6
323,2011,"Lee Evans","WR","JAC",109.2,42
324,2011,"Braylon Edwards","WR","SF",109.3,43
325,2011,"Willis McGahee","RB","FA",109.3,42
326,2011,"Kevin Kolb","QB","FA",110.9,15
327,2011,"Joe Flacco","QB","BAL",112.1,16
328,2011,"Nate Burleson","WR","CLE",112.4,44
329,2011,"Kellen Winslow","TE","FA",113,11
330,2011,"Lance Moore","WR","PIT",114.3,45
331,2011,"Chicago Defense","DEF","CHI",114.8,7
332,2011,"Jacoby Ford","WR","NYJ",115.9,46
333,2011,"C.J. Spiller","RB","BUF",118.3,43
334,2011,"Detroit Defense","DEF","DET",118.5,8
335,2011,"Zach Miller","TE","CHI",121.4,12
336,2011,"Jordy Nelson","WR","GB",121.9,47
337,2011,"Roy Williams","WR","CHI",122.3,48
338,2011,"Darren Sproles","RB","PHI",123.2,44
339,2011,"Donald Driver","WR","GB",123.4,49
340,2011,"Jay Cutler","QB","CHI",126,17
341,2011,"Aaron Hernandez","TE","FA",126.2,13
342,2011,"Antonio Brown","WR","PIT",126.3,50
343,2011,"Matt Cassel","QB","MIN",128,18
344,2011,"Brandon Pettigrew","TE","DET",128.1,14
345,2011,"Kyle Orton","QB","DAL",129.9,19
346,2011,"NY Giants Defense","DEF","NYG",131.2,9
347,2011,"Roy Helu","RB","WAS",132.9,45.5
348,2011,"Danny Woodhead","RB","SD",132.9,45.5
349,2011,"New Orleans Defense","DEF","NO",135.3,10
350,2011,"Robert Meachem","WR","NO",135.6,51
351,2011,"Greg Little","WR","OAK",136.3,52
352,2011,"Thomas Jones","RB","KC",136.4,47
353,2011,"Ryan Torain","RB","NYG",137.2,48
354,2011,"Donovan McNabb","QB","MIN",137.4,20
355,2011,"Visanthe Shiancoe","TE","FA",137.9,15
356,2011,"Marion Barber","RB","CHI",138.2,49
357,2011,"Brent Celek","TE","PHI",139,16
358,2011,"Colt McCoy","QB","WAS",139.3,21
359,2011,"Ronnie Brown","RB","SD",139.4,50
360,2011,"Montario Hardesty","RB","CLE",139.6,51
361,2011,"Steve Smith","WR","TB",139.6,53
362,2011,"Bernard Berrian","WR","MIN",140.8,54
363,2011,"Deion Branch","WR","NE",144,55
364,2011,"Greg Olsen","TE","CAR",144.6,17
365,2011,"Mark Sanchez","QB","PHI",144.7,22
366,2011,"Steve Breaston","WR","KC",144.9,56
367,2011,"Emmanuel Sanders","WR","DEN",146.6,57
368,2011,"Nate Kaeding","PK","SD",149.1,1
369,2011,"DeMarco Murray","RB","DAL",149.3,52
370,2011,"San Diego Defense","DEF","SD",149.6,11
371,2011,"Javon Ringer","RB","TEN",150.4,53
372,2011,"James Jones","WR","OAK",150.5,58
373,2011,"Jared Cook","TE","STL",150.8,18
374,2011,"Stevan Ridley","RB","NE",151,54
375,2011,"Ryan Fitzpatrick","QB","HOU",152.7,23
376,2011,"Dustin Keller","TE","MIA",152.7,19
377,2011,"Cam Newton","QB","CAR",153.6,24
378,2011,"Chris Cooley","TE","WAS",153.6,20
379,2011,"Lance Kendricks","TE","STL",154.1,21
380,2011,"Sebastian Janikowski","PK","OAK",154.3,2
381,2011,"Delone Carter","RB","IND",154.8,55
382,2011,"Devin Hester","WR","ATL",155.1,59
383,2011,"Jerome Harrison","RB","PHI",159.2,56
384,2011,"Mason Crosby","PK","GB",160,3
385,2011,"Dexter McCluster","RB","TEN",160.7,57
386,2011,"Dallas Defense","DEF","DAL",161.1,12
387,2011,"Ricky Williams","RB","BAL",161.4,58
388,2011,"Stephen Gostkowski","PK","NE",163.4,4
389,2011,"Alex Henery","PK","PHI",164.3,5
390,2011,"Neil Rackers","PK","FA",166.2,6
391,2011,"San Francisco Defense","DEF","SF",166.8,13
392,2011,"Minnesota Defense","DEF","MIN",169.3,14
393,2011,"Matt Bryant","PK","ATL",170.2,7
394,2012,"Arian Foster","RB","HOU",2,1
395,2012,"Aaron Rodgers","QB","GB",2.1,1
396,2012,"Ray Rice","RB","BAL",2.3,2
397,2012,"Tom Brady","QB","NE",4.6,2
398,2012,"LeSean McCoy","RB","PHI",5.3,3
399,2012,"Calvin Johnson","WR","DET",5.9,1
400,2012,"Darren McFadden","RB","OAK",6.4,4
401,2012,"Drew Brees","QB","NO",7.3,3
402,2012,"Chris Johnson","RB","NYJ",8.9,5
403,2012,"Matt Forte","RB","CHI",10.3,6
404,2012,"DeMarco Murray","RB","DAL",11.7,7
405,2012,"Matthew Stafford","QB","DET",12,4
406,2012,"Jimmy Graham","TE","NO",13.3,1
407,2012,"Julio Jones","WR","ATL",14.9,2
408,2012,"Maurice Jones-Drew","RB","OAK",14.9,8
409,2012,"Marshawn Lynch","RB","SEA",15.6,9
410,2012,"Cam Newton","QB","CAR",16.5,5
411,2012,"Jamaal Charles","RB","KC",17.7,10
412,2012,"Adrian Peterson","RB","MIN",18.4,11
413,2012,"Rob Gronkowski","TE","NE",19.7,2
414,2012,"Fred Jackson","RB","BUF",20.1,12
415,2012,"Ryan Mathews","RB","SD",20.4,13
416,2012,"Steven Jackson","RB","ATL",21.5,14
417,2012,"Larry Fitzgerald","WR","ARI",22.5,3
418,2012,"Brandon Marshall","WR","CHI",24.4,4
419,2012,"Doug Martin","RB","TB",25.4,15
420,2012,"A.J. Green","WR","CIN",26.3,5
421,2012,"Andre Johnson","WR","HOU",27.2,6
422,2012,"Greg Jennings","WR","MIN",28.2,7
423,2012,"Trent Richardson","RB","IND",28.5,16
424,2012,"Roddy White","WR","ATL",30.3,8
425,2012,"Darren Sproles","RB","PHI",30.3,17
426,2012,"Wes Welker","WR","DEN",31.1,9
427,2012,"Victor Cruz","WR","NYG",32.5,10
428,2012,"Michael Turner","RB","FA",33,18
429,2012,"Matt Ryan","QB","ATL",34.2,6
430,2012,"Jordy Nelson","WR","GB",34.7,11
431,2012,"Ahmad Bradshaw","RB","IND",37.7,19
432,2012,"Hakeem Nicks","WR","IND",37.9,12
433,2012,"Dez Bryant","WR","DAL",39.5,13
434,2012,"Percy Harvin","WR","SEA",40.4,14
435,2012,"Frank Gore","RB","SF",41.3,20
436,2012,"Aaron Hernandez","TE","FA",41.9,3
437,2012,"Willis McGahee","RB","FA",42.5,21
438,2012,"Antonio Brown","WR","PIT",43.3,15
439,2012,"Michael Vick","QB","NYJ",44.5,7
440,2012,"Marques Colston","WR","NO",45.5,16
441,2012,"Antonio Gates","TE","SD",45.6,4
442,2012,"Steve Smith","WR","BAL",47.1,17
443,2012,"Eric Decker","WR","NYJ",48,18
444,2012,"BenJarvus Green-Ellis","RB","CIN",49.7,22
445,2012,"Eli Manning","QB","NYG",49.9,8
446,2012,"Brandon Lloyd","WR","SF",50,19
447,2012,"Reggie Bush","RB","DET",50.3,23
448,2012,"Mike Wallace","WR","MIA",51.2,20
449,2012,"Peyton Manning","QB","DEN",52.8,9
450,2012,"DeSean Jackson","WR","WAS",55.2,21
451,2012,"Stevan Ridley","RB","NE",56,24
452,2012,"Vernon Davis","TE","SF",56.4,5
453,2012,"Cedric Benson","RB","GB",57.2,25
454,2012,"Demaryius Thomas","WR","DEN",58,22
455,2012,"Torrey Smith","WR","BAL",61.8,23
456,2012,"Peyton Hillis","RB","NYG",62.4,26
457,2012,"Tony Romo","QB","DAL",62.6,10
458,2012,"Jeremy Maclin","WR","PHI",62.7,24
459,2012,"Jermichael Finley","TE","GB",63.1,6
460,2012,"Dwayne Bowe","WR","KC",63.7,25
461,2012,"Steve Johnson","WR","SF",66.3,26
462,2012,"Vincent Jackson","WR","TB",67.8,27
463,2012,"Donald Brown","RB","SD",67.9,27
464,2012,"Shonn Greene","RB","TEN",69.7,28
465,2012,"Miles Austin","WR","CLE",71.1,28
466,2012,"Reggie Wayne","WR","IND",72.9,29
467,2012,"Philip Rivers","QB","SD",73.1,11
468,2012,"Brandon Pettigrew","TE","DET",73.2,7
469,2012,"David Wilson","RB","NYG",73.9,29
470,2012,"Kevin Smith","RB","DET",75,30
471,2012,"Pierre Garcon","WR","WAS",75.6,30
472,2012,"DeAngelo Williams","RB","CAR",76.2,31
473,2012,"Kenny Britt","WR","STL",76.8,31
474,2012,"Jason Witten","TE","DAL",79,8
475,2012,"Justin Blackmon","WR","JAC",80.5,32
476,2012,"Ben Tate","RB","CLE",80.5,32
477,2012,"Jay Cutler","QB","CHI",80.8,12
478,2012,"Titus Young","WR","FA",82,33
479,2012,"Ryan Williams","RB","DAL",83.2,33
480,2012,"Isaac Redman","RB","PIT",85.6,34
481,2012,"Beanie Wells","RB","FA",87.2,35
482,2012,"Fred Davis","TE","FA",87.9,9
483,2012,"Mark Ingram","RB","NO",88,36
484,2012,"San Francisco Defense","DEF","SF",88.8,1
485,2012,"Anquan Boldin","WR","SF",89.8,34
486,2012,"Tony Gonzalez","TE","ATL",90.4,10
487,2012,"Malcom Floyd","WR","SD",92.1,35
488,2012,"Ben Roethlisberger","QB","PIT",92.6,13
489,2012,"Michael Bush","RB","FA",94,37
490,2012,"Robert Griffin III","QB","WAS",94.9,14
491,2012,"Jonathan Stewart","RB","CAR",95.1,38
492,2012,"Darrius Heyward-Bey","WR","PIT",95.4,36
493,2012,"Lance Moore","WR","PIT",95.5,37
494,2012,"Roy Helu","RB","WAS",97.3,39
495,2012,"C.J. Spiller","RB","BUF",98.6,40
496,2012,"Matt Schaub","QB","OAK",100.9,15
497,2012,"Jacquizz Rodgers","RB","ATL",101.6,41
498,2012,"Nate Washington","WR","TEN",102.3,38
499,2012,"Toby Gerhart","RB","JAC",103.3,42
500,2012,"Mikel Leshoure","RB","DET",103.5,43
501,2012,"Danny Amendola","WR","NE",105.1,39
502,2012,"Sidney Rice","WR","SEA",105.8,40
503,2012,"Jacob Tamme","TE","DEN",107,11
504,2012,"Greg Olsen","TE","CAR",107.7,12
505,2012,"Andrew Luck","QB","IND",108,16
506,2012,"Kendall Wright","WR","TEN",111,41
507,2012,"Denarius Moore","WR","OAK",111.2,42
508,2012,"Robert Meachem","WR","NO",113.2,43
509,2012,"Michael Crabtree","WR","SF",114.8,44
510,2012,"Joe Flacco","QB","BAL",115.1,17
511,2012,"Baltimore Defense","DEF","BAL",117.7,2
512,2012,"Rashard Mendenhall","RB","ARI",118.2,44
513,2012,"Santonio Holmes","WR","FA",118.3,45
514,2012,"Russell Wilson","QB","SEA",119.5,18
515,2012,"Greg Little","WR","OAK",121,46
516,2012,"Philadelphia Defense","DEF","PHI",121.8,3
517,2012,"LeGarrette Blount","RB","PIT",122,45
518,2012,"Jermaine Gresham","TE","CIN",123.6,13
519,2012,"Randy Moss","WR","SF",126.6,47
520,2012,"David Akers","PK","FA",129.1,1
521,2012,"Jared Cook","TE","STL",134,14
522,2012,"Sebastian Janikowski","PK","OAK",135,2
523,2012,"Daniel Thomas","RB","MIA",137.5,46
524,2012,"Austin Collie","WR","IND",137.7,48
525,2012,"Kyle Rudolph","TE","MIN",140.3,15
526,2012,"Robert Turbin","RB","SEA",140.3,47
527,2012,"Santana Moss","WR","WAS",141.4,49
528,2012,"Stephen Gostkowski","PK","NE",142.6,3
529,2012,"Alfred Morris","RB","WAS",144.8,48
530,2012,"NY Giants Defense","DEF","NYG",145.8,4
531,2012,"Jonathan Dwyer","RB","ARI",146.9,49
532,2012,"Evan Royster","RB","WAS",147.3,50
533,2012,"Jerome Simpson","WR","MIN",147.4,50
534,2012,"Coby Fleener","TE","IND",148.9,16
535,2012,"NY Jets Defense","DEF","NYJ",152.8,5
536,2012,"Brent Celek","TE","PHI",154.7,17
537,2012,"Laurent Robinson","WR","FA",156.1,51
538,2012,"Buffalo Defense","DEF","BUF",156.8,6
539,2013,"Adrian Peterson","RB","MIN",1.3,1
540,2013,"Doug Martin","RB","TB",2.9,2
541,2013,"Jamaal Charles","RB","KC",4.7,3
542,2013,"Arian Foster","RB","HOU",5.1,4
543,2013,"C.J. Spiller","RB","BUF",5.3,5
544,2013,"Marshawn Lynch","RB","SEA",5.6,6
545,2013,"LeSean McCoy","RB","PHI",5.9,7
546,2013,"Trent Richardson","RB","IND",7.7,8
547,2013,"Ray Rice","RB","BAL",8.2,9
548,2013,"Calvin Johnson","WR","DET",9.1,1
549,2013,"Alfred Morris","RB","WAS",11.1,10
550,2013,"Matt Forte","RB","CHI",12.1,11
551,2013,"Dez Bryant","WR","DAL",14.4,2
552,2013,"Steven Jackson","RB","ATL",14.8,12
553,2013,"Chris Johnson","RB","NYJ",15.5,13
554,2013,"David Wilson","RB","NYG",16.4,14
555,2013,"Stevan Ridley","RB","NE",17.5,15
556,2013,"A.J. Green","WR","CIN",17.8,3
557,2013,"Maurice Jones-Drew","RB","OAK",18.7,16
558,2013,"Drew Brees","QB","NO",19.1,1
559,2013,"Reggie Bush","RB","DET",19.9,17
560,2013,"Julio Jones","WR","ATL",21.8,4
561,2013,"Jimmy Graham","TE","NO",22.6,1
562,2013,"Brandon Marshall","WR","CHI",23.7,5
563,2013,"Frank Gore","RB","SF",24.4,18
564,2013,"Aaron Rodgers","QB","GB",24.7,2
565,2013,"Demaryius Thomas","WR","DEN",26.1,6
566,2013,"DeMarco Murray","RB","DAL",27.4,19
567,2013,"Larry Fitzgerald","WR","ARI",28.9,7
568,2013,"Eddie Lacy","RB","GB",29.4,20
569,2013,"Andre Johnson","WR","HOU",31.3,8
570,2013,"Randall Cobb","WR","GB",32,9
571,2013,"Peyton Manning","QB","DEN",32.4,3
572,2013,"Lamar Miller","RB","MIA",32.7,21
573,2013,"Darren Sproles","RB","PHI",33.5,22
574,2013,"Roddy White","WR","ATL",35,10
575,2013,"Victor Cruz","WR","NYG",36.5,11
576,2013,"Vincent Jackson","WR","TB",38.4,12
577,2013,"Darren McFadden","RB","OAK",39.8,23
578,2013,"Danny Amendola","WR","NE",40.6,13
579,2013,"Giovani Bernard","RB","CIN",41.8,24
580,2013,"Dwayne Bowe","WR","KC",42.1,14
581,2013,"Tom Brady","QB","NE",42.5,4
582,2013,"Marques Colston","WR","NO",43.8,15
583,2013,"Rob Gronkowski","TE","NE",44.4,2
584,2013,"Daryl Richardson","RB","NYJ",45.2,25
585,2013,"Reggie Wayne","WR","IND",46.1,16
586,2013,"Wes Welker","WR","DEN",46.6,17
587,2013,"Ryan Mathews","RB","SD",48.7,26
588,2013,"Pierre Garcon","WR","WAS",48.8,18
589,2013,"Cam Newton","QB","CAR",50,5
590,2013,"Jordy Nelson","WR","GB",51,19
591,2013,"Montee Ball","RB","DEN",53.1,27
592,2013,"Torrey Smith","WR","BAL",53.8,20
593,2013,"Matt Ryan","QB","ATL",54.5,6
594,2013,"Ahmad Bradshaw","RB","IND",55.2,28
595,2013,"Hakeem Nicks","WR","IND",55.6,21
596,2013,"Vernon Davis","TE","SF",56.2,3
597,2013,"Antonio Brown","WR","PIT",56.8,22
598,2013,"DeSean Jackson","WR","WAS",58.5,23
599,2013,"Jason Witten","TE","DAL",58.6,4
600,2013,"DeAngelo Williams","RB","CAR",60.2,29
601,2013,"Colin Kaepernick","QB","SF",60.9,7
602,2013,"Eric Decker","WR","NYJ",62.9,24
603,2013,"T.Y. Hilton","WR","IND",63.3,25
604,2013,"Shane Vereen","RB","NE",65.8,30
605,2013,"Tony Gonzalez","TE","ATL",66.2,5
606,2013,"Matthew Stafford","QB","DET",66.7,8
607,2013,"Mike Wallace","WR","MIA",67.6,26
608,2013,"Chris Ivory","RB","NYJ",68.4,31
609,2013,"Steve Smith","WR","BAL",68.8,27
610,2013,"Andrew Luck","QB","IND",71.4,9
611,2013,"James Jones","WR","OAK",71.5,28
612,2013,"Rashard Mendenhall","RB","ARI",72.2,32
613,2013,"Robert Griffin III","QB","WAS",74.8,10
614,2013,"Kenbrell Thompkins","WR","NE",75,29
615,2013,"Jermichael Finley","TE","GB",75.7,6
616,2013,"Ben Tate","RB","CLE",77.1,33
617,2013,"Cecil Shorts","WR","JAC",77.5,30
618,2013,"Miles Austin","WR","CLE",78.7,31
619,2013,"LeVeon Bell","RB","PIT",78.8,34
620,2013,"Tony Romo","QB","DAL",79.7,11
621,2013,"Tavon Austin","WR","STL",82.8,32
622,2013,"Mark Ingram","RB","NO",82.8,35
623,2013,"Anquan Boldin","WR","SF",83.4,33
624,2013,"Russell Wilson","QB","SEA",85.5,12
625,2013,"Jordan Cameron","TE","CLE",85.6,7
626,2013,"BenJarvus Green-Ellis","RB","CIN",85.7,36
627,2013,"Josh Gordon","WR","CLE",86.1,34
628,2013,"Antonio Gates","TE","SD",88.9,8
629,2013,"Greg Jennings","WR","MIN",89.5,35
630,2013,"Seattle Defense","DEF","SEA",89.9,1
631,2013,"Golden Tate","WR","DET",91.6,36
632,2013,"Chris Givens","WR","STL",92.5,37
633,2013,"Jared Cook","TE","STL",95.5,9
634,2013,"Steve Johnson","WR","SF",95.6,38
635,2013,"Fred Jackson","RB","BUF",95.7,37
636,2013,"San Francisco Defense","DEF","SF",95.9,2
637,2013,"Mike Williams","WR","BUF",98.2,39
638,2013,"Bryce Brown","RB","BUF",98.6,38
639,2013,"Michael Vick","QB","NYJ",99,13
640,2013,"Knowshon Moreno","RB","MIA",99.8,39
641,2013,"Greg Olsen","TE","CAR",100.9,10
642,2013,"Kenny Britt","WR","STL",101.9,40
643,2013,"Bernard Pierce","RB","BAL",102.8,40
644,2013,"Ronnie Hillman","RB","DEN",102.9,41
645,2013,"Lance Moore","WR","PIT",103.4,41
646,2013,"Chicago Defense","DEF","CHI",105.4,3
647,2013,"DeAndre Hopkins","WR","HOU",105.9,42
648,2013,"Houston Defense","DEF","HOU",106.4,4
649,2013,"Eli Manning","QB","NYG",108.5,14
650,2013,"Kyle Rudolph","TE","MIN",109.2,11
651,2013,"Danny Woodhead","RB","SD",111.7,42
652,2013,"Michael Floyd","WR","ARI",112.3,43
653,2013,"Justin Blackmon","WR","JAC",112.4,44
654,2013,"Jonathan Dwyer","RB","ARI",112.6,43
655,2013,"Pierre Thomas","RB","NO",114.8,44
656,2013,"Cincinnati Defense","DEF","CIN",115.2,5
657,2013,"Vincent Brown","WR","SD",115.8,45
658,2013,"Emmanuel Sanders","WR","DEN",116.3,46
659,2013,"Zach Sudfeld","TE","NE",117,12
660,2013,"Alshon Jeffery","WR","CHI",118.1,47
661,2013,"Andy Dalton","QB","CIN",119.6,15
662,2013,"Vick Ballard","RB","IND",120.4,45
663,2013,"Denver Defense","DEF","DEN",120.6,6
664,2013,"Sidney Rice","WR","SEA",120.8,48
665,2013,"Isaac Redman","RB","PIT",121.3,46
666,2013,"New England Defense","DEF","NE",122.6,7
667,2013,"Owen Daniels","TE","BAL",124.7,13
668,2013,"Michael Bush","RB","FA",124.8,47
669,2013,"Jay Cutler","QB","CHI",125.8,16
670,2013,"Carson Palmer","QB","ARI",126.5,17
671,2013,"Cordarrelle Patterson","WR","MIN",126.7,49
672,2013,"Christine Michael","RB","SEA",128.4,48
673,2013,"Rueben Randle","WR","NYG",129.1,50
674,2013,"Jacquizz Rodgers","RB","ATL",129.6,49
675,2013,"Ben Roethlisberger","QB","PIT",132,18
676,2013,"Darrius Heyward-Bey","WR","PIT",133.2,51
677,2013,"Percy Harvin","WR","SEA",133.5,52
678,2013,"Ryan Broyles","WR","DET",134.2,53
679,2013,"Andre Brown","RB","HOU",134.3,50
680,2013,"Baltimore Defense","DEF","BAL",134.7,8
681,2013,"Joique Bell","RB","DET",135.7,51
682,2013,"Stephen Gostkowski","PK","NE",137.8,1
683,2013,"Matt Schaub","QB","OAK",138.6,19
684,2013,"Bilal Powell","RB","NYJ",138.6,52
685,2013,"Joe Flacco","QB","BAL",139.2,20
686,2013,"Brandon Myers","TE","TB",139.4,14
687,2013,"Brian Hartline","WR","MIA",142.1,54
688,2013,"Roy Helu","RB","WAS",142.4,53
689,2013,"Fred Davis","TE","FA",144.2,15
690,2013,"Denarius Moore","WR","OAK",144.5,55
691,2013,"St. Louis Defense","DEF","STL",144.8,9
692,2013,"Sam Bradford","QB","STL",145.4,21
693,2013,"Blair Walsh","PK","MIN",145.6,2
694,2013,"Sebastian Janikowski","PK","OAK",146,3
695,2013,"Matt Bryant","PK","ATL",148.6,4
696,2013,"Brandon Pettigrew","TE","DET",148.6,16
697,2013,"Aaron Dobson","WR","NE",148.8,56
698,2013,"Pittsburgh Defense","DEF","PIT",149.6,10
699,2013,"Matt Prater","PK","DEN",149.9,5
700,2013,"Mohamed Sanu","WR","CIN",150.7,57
701,2013,"Felix Jones","RB","FA",151,54
702,2013,"Tyler Eifert","TE","CIN",152.1,17
703,2013,"Martellus Bennett","TE","CHI",152.8,18
704,2013,"Kendall Hunter","RB","SF",153.7,55
705,2013,"Phil Dawson","PK","SF",153.8,6
706,2013,"Shonn Greene","RB","TEN",153.8,56
707,2013,"Jacoby Jones","WR","BAL",154.6,58
708,2013,"Isaiah Pead","RB","STL",155.7,57
709,2013,"Alex Smith","QB","KC",156.3,22
710,2013,"LaMichael James","RB","SF",156.7,58
711,2013,"Arizona Defense","DEF","ARI",157,11
712,2013,"Green Bay Defense","DEF","GB",157.5,12
713,2013,"EJ Manuel","QB","BUF",157.6,23
714,2013,"Malcom Floyd","WR","SD",158.3,59
715,2013,"Markus Wheaton","WR","PIT",158.5,60
716,2013,"Kendall Wright","WR","TEN",159.1,61
717,2013,"Daniel Thomas","RB","MIA",159.5,59
718,2013,"Michael Crabtree","WR","SF",159.6,62
719,2013,"Philip Rivers","QB","SD",159.7,24
720,2013,"Josh Freeman","QB","NYG",160,25
721,2013,"Julian Edelman","WR","NE",161.5,63
722,2013,"Andre Roberts","WR","WAS",163.5,64
723,2013,"Cleveland Defense","DEF","CLE",164.5,13.5
724,2013,"Tampa Bay Defense","DEF","TB",164.5,13.5
725,2013,"Greg Zuerlein","PK","STL",164.6,7
726,2013,"Garrett Hartley","PK","NO",166.8,8
727,2013,"David Akers","PK","FA",167.5,9
728,2013,"Randy Bullock","PK","HOU",167.7,10.5
729,2013,"Mason Crosby","PK","GB",167.7,10.5
730,2013,"Justin Tucker","PK","BAL",168.6,12
731,2013,"Dan Bailey","PK","DAL",170.7,13
732,2013,"Robbie Gould","PK","CHI",171.1,14
733,2014,"LeSean McCoy","RB","PHI",1.6,1
734,2014,"Adrian Peterson","RB","MIN",3.1,2
735,2014,"Jamaal Charles","RB","KC",3.5,3
736,2014,"Matt Forte","RB","CHI",4.2,4
737,2014,"Calvin Johnson","WR","DET",5.5,1
738,2014,"Peyton Manning","QB","DEN",6.3,1
739,2014,"Demaryius Thomas","WR","DEN",8.2,2
740,2014,"Jimmy Graham","TE","NO",8.2,1
741,2014,"Eddie Lacy","RB","GB",9.4,5
742,2014,"Montee Ball","RB","DEN",9.7,6
743,2014,"Marshawn Lynch","RB","SEA",9.8,7
744,2014,"Dez Bryant","WR","DAL",11.7,3
745,2014,"DeMarco Murray","RB","DAL",13.2,8
746,2014,"A.J. Green","WR","CIN",13.7,4
747,2014,"Drew Brees","QB","NO",13.9,2
748,2014,"Julio Jones","WR","ATL",15.1,5
749,2014,"Brandon Marshall","WR","CHI",17.1,6
750,2014,"Giovani Bernard","RB","CIN",17.6,9
751,2014,"Aaron Rodgers","QB","GB",18.5,3
752,2014,"Doug Martin","RB","TB",18.9,10
753,2014,"Jordy Nelson","WR","GB",20.3,7
754,2014,"Arian Foster","RB","HOU",22.1,11
755,2014,"Antonio Brown","WR","PIT",22.3,8
756,2014,"Alfred Morris","RB","WAS",24.2,12
757,2014,"Andre Ellington","RB","ARI",24.9,13
758,2014,"Alshon Jeffery","WR","CHI",25.3,9
759,2014,"Julius Thomas","TE","DEN",26.6,2
760,2014,"Randall Cobb","WR","GB",28.1,10
761,2014,"LeVeon Bell","RB","PIT",28.7,14
762,2014,"Zac Stacy","RB","STL",29.8,15
763,2014,"Rob Gronkowski","TE","NE",30,3
764,2014,"Keenan Allen","WR","SD",31.3,11
765,2014,"Reggie Bush","RB","DET",32.7,16
766,2014,"Cordarrelle Patterson","WR","MIN",34.5,12
767,2014,"Shane Vereen","RB","NE",34.5,17
768,2014,"Vincent Jackson","WR","TB",35.5,13
769,2014,"Rashad Jennings","RB","NYG",36.4,18
770,2014,"Roddy White","WR","ATL",38.4,14
771,2014,"Toby Gerhart","RB","JAC",39.1,19
772,2014,"Matthew Stafford","QB","DET",39.2,4
773,2014,"C.J. Spiller","RB","BUF",39.7,20
774,2014,"Larry Fitzgerald","WR","ARI",40.3,15
775,2014,"Ryan Mathews","RB","SD",42.7,21
776,2014,"Emmanuel Sanders","WR","DEN",43,16
777,2014,"Victor Cruz","WR","NYG",43.3,17
778,2014,"Percy Harvin","WR","SEA",44,18
779,2014,"Andre Johnson","WR","HOU",44.6,19
780,2014,"Frank Gore","RB","SF",45.6,22
781,2014,"Andrew Luck","QB","IND",47,5
782,2014,"Pierre Garcon","WR","WAS",48.2,20
783,2014,"Michael Floyd","WR","ARI",49.5,21
784,2014,"Ray Rice","RB","BAL",50.3,23
785,2014,"Joique Bell","RB","DET",51.4,24
786,2014,"Michael Crabtree","WR","SF",52.4,22
787,2014,"Tom Brady","QB","NE",52.4,6
788,2014,"Ben Tate","RB","CLE",53.7,25
789,2014,"Vernon Davis","TE","SF",55.6,4
790,2014,"Chris Johnson","RB","NYJ",56.7,26
791,2014,"DeSean Jackson","WR","WAS",57,23
792,2014,"Jordan Cameron","TE","CLE",57.6,5
793,2014,"T.Y. Hilton","WR","IND",58.7,24
794,2014,"Torrey Smith","WR","BAL",59.6,25
795,2014,"Bishop Sankey","RB","TEN",60.7,27
796,2014,"Julian Edelman","WR","NE",62.4,26
797,2014,"Matt Ryan","QB","ATL",62.6,7
798,2014,"Maurice Jones-Drew","RB","OAK",64.7,28
799,2014,"Jeremy Maclin","WR","PHI",65.3,27
800,2014,"Nick Foles","QB","PHI",65.6,8
801,2014,"Trent Richardson","RB","IND",67.2,29
802,2014,"Marques Colston","WR","NO",67.5,28
803,2014,"Pierre Thomas","RB","NO",68.4,30
804,2014,"Jason Witten","TE","DAL",68.6,6
805,2014,"Wes Welker","WR","DEN",70.3,29
806,2014,"Kyle Rudolph","TE","MIN",72.6,7
807,2014,"Brandin Cooks","WR","NO",72.6,30
808,2014,"Jay Cutler","QB","CHI",73.3,9
809,2014,"Golden Tate","WR","DET",75.4,31
810,2014,"Mike Wallace","WR","MIA",76.1,32
811,2014,"Steven Jackson","RB","ATL",77,31
812,2014,"Lamar Miller","RB","MIA",78.2,32
813,2014,"Darren Sproles","RB","PHI",80.7,33
814,2014,"Terrance Williams","WR","DAL",80.9,33
815,2014,"Reggie Wayne","WR","IND",82.5,34
816,2014,"Tony Romo","QB","DAL",83,10
817,2014,"Jordan Reed","TE","WAS",83.2,8
818,2014,"Fred Jackson","RB","BUF",84.2,34
819,2014,"Knowshon Moreno","RB","MIA",85.1,35
820,2014,"Seattle Defense","DEF","SEA",85.2,1
821,2014,"Kelvin Benjamin","WR","CAR",85.5,35
822,2014,"Kendall Wright","WR","TEN",87.3,36
823,2014,"Cam Newton","QB","CAR",87.5,11
824,2014,"Dennis Pitta","TE","BAL",87.9,9
825,2014,"Stevan Ridley","RB","NE",88.2,36
826,2014,"Eric Decker","WR","NYJ",89.7,37
827,2014,"Carlos Hyde","RB","SF",90.2,37
828,2014,"Greg Olsen","TE","CAR",90.6,10
829,2014,"Bernard Pierce","RB","BAL",92.1,38
830,2014,"Danny Woodhead","RB","SD",94.2,39
831,2014,"Mark Ingram","RB","NO",94.7,40
832,2014,"Zach Ertz","TE","PHI",96.3,11
833,2014,"Colin Kaepernick","QB","SF",96.5,12
834,2014,"Riley Cooper","WR","PHI",97.5,38
835,2014,"Jeremy Hill","RB","CIN",97.7,41
836,2014,"Sammy Watkins","WR","BUF",99.9,39
837,2014,"Robert Griffin III","QB","WAS",100.2,13
838,2014,"Justin Hunter","WR","TEN",100.3,40
839,2014,"Philip Rivers","QB","SD",103.1,14
840,2014,"Devonta Freeman","RB","ATL",103.2,42
841,2014,"Mike Evans","WR","TB",105.5,41
842,2014,"Russell Wilson","QB","SEA",105.9,15
843,2014,"Rueben Randle","WR","NYG",106.4,42
844,2014,"Carolina Defense","DEF","CAR",108.1,2
845,2014,"Andre Williams","RB","NYG",108.2,43
846,2014,"Dwayne Bowe","WR","KC",109.4,43
847,2014,"Hakeem Nicks","WR","IND",111.7,44
848,2014,"Anquan Boldin","WR","SF",112.7,45
849,2014,"Terrance West","RB","CLE",112.8,44
850,2014,"Steve Smith","WR","BAL",113.2,46
851,2014,"DeAngelo Williams","RB","CAR",113.7,45
852,2014,"Denver Defense","DEF","DEN",114.4,3
853,2014,"DeAndre Hopkins","WR","HOU",117.6,47
854,2014,"Martellus Bennett","TE","CHI",117.8,12
855,2014,"Darren McFadden","RB","OAK",118.2,46
856,2014,"New England Defense","DEF","NE",120.9,4
857,2014,"Andy Dalton","QB","CIN",121.3,16
858,2014,"Markus Wheaton","WR","PIT",122.9,48
859,2014,"Danny Amendola","WR","NE",123.7,49
860,2014,"Jordan Matthews","WR","PHI",124.7,50
861,2014,"Ben Roethlisberger","QB","PIT",125,17
862,2014,"Ahmad Bradshaw","RB","IND",125.8,47
863,2014,"Jarrett Boykin","WR","GB",126.1,51
864,2014,"Khiry Robinson","RB","NO",126.4,48
865,2014,"St. Louis Defense","DEF","STL",126.6,5
866,2014,"LeGarrette Blount","RB","PIT",129.8,49
867,2014,"Carson Palmer","QB","ARI",129.8,18
868,2014,"Cincinnati Defense","DEF","CIN",130.5,6
869,2014,"Cecil Shorts","WR","JAC",131.2,52
870,2014,"Shonn Greene","RB","TEN",132.4,50
871,2014,"Ladarius Green","TE","SD",134.2,13
872,2014,"Arizona Defense","DEF","ARI",138.6,7
873,2014,"Antonio Gates","TE","SD",138.9,14
874,2014,"Stephen Gostkowski","PK","NE",139.2,1
875,2014,"Chris Ivory","RB","NYJ",139.2,51
876,2014,"Jonathan Stewart","RB","CAR",142.2,52
877,2014,"Heath Miller","TE","PIT",142.5,15
878,2014,"Kansas City Defense","DEF","KC",142.9,8
879,2014,"Aaron Dobson","WR","NE",143.9,53
880,2014,"Christine Michael","RB","SEA",143.9,53
881,2014,"Houston Defense","DEF","HOU",146.6,9
882,2014,"Steven Hauschka","PK","SEA",149.3,2
883,2014,"Knile Davis","RB","KC",149.8,54
884,2014,"Charles Clay","TE","MIA",149.9,16
885,2014,"Eric Ebron","TE","DET",150.4,17
886,2014,"Kenny Britt","WR","STL",150.5,54
887,2014,"Justin Tucker","PK","BAL",150.6,3
888,2014,"Miles Austin","WR","CLE",153.3,55
889,2014,"Lance Dunbar","RB","DAL",153.9,55
890,2014,"Travis Kelce","TE","KC",154.2,18
891,2014,"Tavon Austin","WR","STL",154.3,56
892,2014,"Ronnie Hillman","RB","DEN",155.3,56
893,2014,"Doug Baldwin","WR","SEA",157.9,57
894,2014,"Tampa Bay Defense","DEF","TB",159.7,10
895,2014,"New Orleans Defense","DEF","NO",160.5,11
NA,2015,"Adrian Peterson","RB","MIN",1.9,1
NA,2015,"Eddie Lacy","RB","GB",2.9,2
NA,2015,"LeVeon Bell","RB","PIT",3.8,3
NA,2015,"Jamaal Charles","RB","KC",4.1,4
NA,2015,"Marshawn Lynch","RB","SEA",5.6,5
NA,2015,"Dez Bryant","WR","DAL",8.4,1
NA,2015,"Antonio Brown","WR","PIT",8.5,2
NA,2015,"CJ Anderson","RB","DEN",8.5,6
NA,2015,"Julio Jones","WR","ATL",9,3
NA,2015,"Jeremy Hill","RB","CIN",9.5,7
NA,2015,"Demaryius Thomas","WR","DEN",11.4,4
NA,2015,"Andrew Luck","QB","IND",11.5,1
NA,2015,"Rob Gronkowski","TE","NE",12.2,1
NA,2015,"DeMarco Murray","RB","PHI",13,8
NA,2015,"Odell Beckham Jr","WR","NYG",14.3,5
NA,2015,"Matt Forte","RB","CHI",14.6,9
NA,2015,"Calvin Johnson","WR","DET",15.8,6
NA,2015,"A.J. Green","WR","CIN",18.5,7
NA,2015,"Randall Cobb","WR","GB",19,8
NA,2015,"LeSean McCoy","RB","BUF",19.4,10
NA,2015,"Justin Forsett","RB","BAL",20.5,11
NA,2015,"Lamar Miller","RB","MIA",21.2,12
NA,2015,"Aaron Rodgers","QB","GB",21.2,2
NA,2015,"T.Y. Hilton","WR","IND",23.8,9
NA,2015,"Brandin Cooks","WR","NO",24.9,10
NA,2015,"Frank Gore","RB","IND",26.6,13
NA,2015,"Jordan Matthews","WR","PHI",27.8,11.5
NA,2015,"Alshon Jeffery","WR","CHI",27.8,11.5
NA,2015,"Mark Ingram","RB","NO",28.4,14
NA,2015,"Mike Evans","WR","TB",30.3,13
NA,2015,"DeAndre Hopkins","WR","HOU",31.6,14
NA,2015,"Latavius Murray","RB","OAK",31.9,15
NA,2015,"Jimmy Graham","TE","SEA",32,2
NA,2015,"Alfred Morris","RB","WAS",34.6,16
NA,2015,"Davante Adams","WR","GB",34.8,15
NA,2015,"Emmanuel Sanders","WR","DEN",35.9,16
NA,2015,"Carlos Hyde","RB","SF",36.4,17
NA,2015,"Doug Martin","RB","TB",37,18
NA,2015,"Andre Johnson","WR","IND",38.8,17
NA,2015,"Arian Foster","RB","HOU",39,19
NA,2015,"Melvin Gordon","RB","SD",39.8,20
NA,2015,"Jeremy Maclin","WR","KC",41.3,18
NA,2015,"Chris Ivory","RB","NYJ",42,21
NA,2015,"Amari Cooper","WR","OAK",42.5,19
NA,2015,"Ameer Abdullah","RB","DET",43.5,22
NA,2015,"Peyton Manning","QB","DEN",44.1,3
NA,2015,"Golden Tate","WR","DET",45.2,20
NA,2015,"Joseph Randle","RB","DAL",45.8,23
NA,2015,"Jonathan Stewart","RB","CAR",48,24
NA,2015,"Jarvis Landry","WR","MIA",48.3,21
NA,2015,"Drew Brees","QB","NO",50.4,4
NA,2015,"Brandon Marshall","WR","NYJ",50.6,22
NA,2015,"Greg Olsen","TE","CAR",50.9,3
NA,2015,"Andre Ellington","RB","ARI",51.1,25
NA,2015,"Todd Gurley","RB","STL",54,26
NA,2015,"Keenan Allen","WR","SD",54.2,23
NA,2015,"Julian Edelman","WR","NE",55.1,24
NA,2015,"Travis Kelce","TE","KC",55.7,4
NA,2015,"Nelson Agholor","WR","PHI",58.1,25
NA,2015,"TJ Yeldon","RB","JAC",58.9,27
NA,2015,"Ben Roethlisberger","QB","PIT",59.3,5
NA,2015,"Sammy Watkins","WR","BUF",61.1,26
NA,2015,"Allen Robinson","WR","JAC",61.6,27
NA,2015,"LeGarrette Blount","RB","NE",61.7,28
NA,2015,"Russell Wilson","QB","SEA",61.7,6
NA,2015,"C.J. Spiller","RB","NO",64.1,29
NA,2015,"Tom Brady","QB","NE",64.4,7
NA,2015,"Martellus Bennett","TE","CHI",64.8,5
NA,2015,"Martavis Bryant","WR","PIT",65.9,28
NA,2015,"Charles Johnson","WR","MIN",67.3,29
NA,2015,"Rashad Jennings","RB","NYG",67.8,30
NA,2015,"Ryan Mathews","RB","PHI",70.5,31
NA,2015,"DeSean Jackson","WR","WAS",71.2,30
NA,2015,"Joique Bell","RB","DET",73.3,32
NA,2015,"Vincent Jackson","WR","TB",73.9,31
NA,2015,"John Brown","WR","ARI",74,32
NA,2015,"Matt Ryan","QB","ATL",74.6,8
NA,2015,"Tony Romo","QB","DAL",77.4,9
NA,2015,"Jordan Cameron","TE","MIA",77.5,6
NA,2015,"Steve Smith","WR","BAL",78.5,33
NA,2015,"Alfred Blue","RB","HOU",79.1,33
NA,2015,"Darren McFadden","RB","DAL",80.3,34
NA,2015,"Sam Bradford","QB","PHI",80.9,10
NA,2015,"Giovani Bernard","RB","CIN",82.4,35
NA,2015,"Victor Cruz","WR","NYG",83.2,34
NA,2015,"Tevin Coleman","RB","ATL",84.5,36
NA,2015,"Owen Daniels","TE","DEN",85.4,7
NA,2015,"Isaiah Crowell","RB","CLE",85.6,37
NA,2015,"Mike Wallace","WR","MIN",86.8,35
NA,2015,"Matthew Stafford","QB","DET",87.9,11
NA,2015,"Larry Fitzgerald","WR","ARI",89.5,36
NA,2015,"Jason Witten","TE","DAL",89.7,8
NA,2015,"Markus Wheaton","WR","PIT",90,37
NA,2015,"Tre Mason","RB","STL",90.2,38
NA,2015,"Ryan Tannehill","QB","MIA",91.6,12
NA,2015,"Danny Woodhead","RB","SD",92.8,39
NA,2015,"Devin Funchess","WR","CAR",93.7,38
NA,2015,"Shane Vereen","RB","NYG",94.8,40
NA,2015,"Eddie Royal","WR","CHI",96.2,39
NA,2015,"Seattle Defense","DEF","SEA",97,1
NA,2015,"Tyler Eifert","TE","CIN",98.2,9
NA,2015,"Bishop Sankey","RB","TEN",98.6,41
NA,2015,"Terrance Williams","WR","DAL",98.7,40
NA,2015,"Devonta Freeman","RB","ATL",99.7,42
NA,2015,"Eli Manning","QB","NYG",103.4,13
NA,2015,"Eric Decker","WR","NYJ",103.5,41
NA,2015,"Roddy White","WR","ATL",104.7,42
NA,2015,"Houston Defense","DEF","HOU",105.8,2
NA,2015,"Delanie Walker","TE","TEN",106,10
NA,2015,"Steve Johnson","WR","SD",106.5,43
NA,2015,"Brian Quick","WR","STL",106.6,44
NA,2015,"Ronnie Hillman","RB","DEN",108.6,43
NA,2015,"Duke Johnson","RB","CLE",109.4,44
NA,2015,"Philip Rivers","QB","SD",110.1,14
NA,2015,"Anquan Boldin","WR","SF",110.4,45
NA,2015,"Buffalo Defense","DEF","BUF",111.3,3
NA,2015,"Kendall Wright","WR","TEN",111.5,46
NA,2015,"David Cobb","RB","TEN",112.4,45
NA,2015,"Knile Davis","RB","KC",115.2,46
NA,2015,"Cam Newton","QB","CAR",115.8,15
NA,2015,"DeVante Parker","WR","MIA",116.2,47
NA,2015,"Miami Defense","DEF","MIA",116.2,4
NA,2015,"Kyle Rudolph","TE","MIN",118.2,11
NA,2015,"David Johnson","RB","ARI",119.8,47
NA,2015,"Darren Sproles","RB","PHI",120.5,48
NA,2015,"Marques Colston","WR","NO",121.3,48
NA,2015,"Teddy Bridgewater","QB","MIN",121.7,16
NA,2015,"Pierre Garcon","WR","WAS",123.7,49
NA,2015,"St. Louis Defense","DEF","STL",124,5
NA,2015,"Torrey Smith","WR","SF",124.4,50
NA,2015,"Julius Thomas","TE","JAC",125,12
NA,2015,"DeAngelo Williams","RB","PIT",125,49
NA,2015,"Michael Floyd","WR","ARI",127.2,51
NA,2015,"Jonas Gray","RB","NE",127.8,50
NA,2015,"Brandon LaFell","WR","NE",128.5,52
NA,2015,"Carson Palmer","QB","ARI",128.8,17
NA,2015,"Zach Ertz","TE","PHI",132.2,13
NA,2015,"Brandon Coleman","WR","NO",132.7,53
NA,2015,"Matt Jones","RB","WAS",132.7,51
NA,2015,"Philadelphia Defense","DEF","PHI",133.5,6
NA,2015,"Reggie Wayne","WR","NE",134.7,54
NA,2015,"Dwayne Allen","TE","IND",136.9,14
NA,2015,"Breshad Perriman","WR","BAL",137.8,55
NA,2015,"Reggie Bush","RB","SF",139.4,52
NA,2015,"Marvin Jones","WR","CIN",140.4,56
NA,2015,"Cameron Artis-Payne","RB","CAR",141.4,53
NA,2015,"Ty Montgomery","WR","GB",142.5,57
NA,2015,"Joe Flacco","QB","BAL",142.7,18
NA,2015,"Michael Crabtree","WR","OAK",143.2,58
NA,2015,"Arizona Defense","DEF","ARI",143.8,7
NA,2015,"Stephen Gostkowski","PK","NE",144.2,1
NA,2015,"Antonio Gates","TE","SD",145.1,15
NA,2015,"Colin Kaepernick","QB","SF",146.1,19
NA,2015,"Tyrod Taylor","QB","BAL",147.3,20
NA,2015,"NY Jets Defense","DEF","NYJ",147.5,8
NA,2015,"Andre Williams","RB","NYG",147.7,54
NA,2015,"Adam Vinatieri","PK","IND",148.2,2
NA,2015,"Jay Cutler","QB","CHI",149.4,21
NA,2015,"Fred Jackson","RB","BUF",150.1,55
NA,2015,"Dorial Green-Beckham","WR","TEN",150.1,59
NA,2015,"Vernon Davis","TE","SF",150.1,16
NA,2015,"Charles Sims","RB","TB",150.8,56
NA,2015,"Josh Hill","TE","NO",150.9,17
NA,2015,"Kansas City Defense","DEF","KC",151.3,9
NA,2015,"Jerick McKinnon","RB","MIN",152.6,57
NA,2015,"Cody Latimer","WR","DEN",153.1,60
NA,2015,"Denver Defense","DEF","DEN",153.2,10
NA,2015,"Denard Robinson","RB","JAC",153.3,58
NA,2015,"Tyler Lockett","WR","SEA",153.5,61
NA,2015,"Percy Harvin","WR","BUF",154.4,62
NA,2015,"Khiry Robinson","RB","NO",154.5,59
NA,2015,"Richard Rodgers","TE","GB",155.1,18
NA,2015,"Roy Helu","RB","OAK",155.4,60
NA,2015,"Marcus Mariota","QB","TEN",155.5,22
NA,2015,"Austin Seferian-Jenkins","TE","TB",155.7,19
NA,2015,"Cody Parkey","PK","PHI",157.5,3
NA,2015,"Steven Hauschka","PK","SEA",157.6,4
NA,2015,"Carolina Defense","DEF","CAR",157.6,11
NA,2015,"Jameis Winston","QB","TB",157.7,23
NA,2015,"Phillip Dorsett","WR","IND",158.2,63
NA,2015,"James Starks","RB","GB",158.2,61
NA,2015,"Allen Hurns","WR","JAC",158.4,64
NA,2015,"Rueben Randle","WR","NYG",159.1,65
NA,2015,"Jeff Janis","WR","GB",159.7,66
NA,2015,"Branden Oliver","RB","SD",159.8,62
NA,2015,"Dan Bailey","PK","DAL",160.4,5
NA,2015,"Andy Dalton","QB","CIN",160.7,24
NA,2015,"Derek Carr","QB","OAK",161.9,25
NA,2015,"Mason Crosby","PK","GB",161.9,6
NA,2015,"Justin Tucker","PK","BAL",162.3,7
NA,2015,"New England Defense","DEF","NE",163,12
NA,2015,"Green Bay Defense","DEF","GB",164.8,13
NA,2015,"Baltimore Defense","DEF","BAL",165.3,14
NA,2015,"Matt Prater","PK","DET",165.8,8
NA,2015,"Indianapolis Defense","DEF","IND",166.6,15
NA,2015,"Minnesota Defense","DEF","MIN",166.7,16
NA,2015,"Cincinnati Defense","DEF","CIN",167.3,17
NA,2015,"Matt Bryant","PK","ATL",167.3,9
NA,2015,"Sebastian Janikowski","PK","OAK",167.8,10
NA,2015,"Brandon McManus","PK","DEN",171,11
NA,2015,"Josh Scobee","PK","JAC",172.5,12
NA,2015,"Blair Walsh","PK","MIN",173,13
NA,2015,"Greg Zuerlein","PK","STL",175,14
