"X","year","owner","player","team","pos","value","keeper","player_obs","adj_value"
416,2012,"Kane","49ers Coach","SF"," HC",1,0,1,1
592,2013,"Hartman","49ers Coach HC","49ers ","HC",1,0,1,1
864,2014,"Shokunbi","49ers Coach HC","49ers ","HC",1,0,2,1
102,2010,"McShane","49ers D/ST","SF"," D/",3,0,1,3
501,2012,"Thieneman","49ers D/ST","SF"," D/",14,0,2,14
696,2013,"Thieneman","49ers D/ST D/ST","49ers ","D/ST",10,0,1,10
875,2014,"McShane","49ers D/ST D/ST","49ers ","D/ST",7,0,2,7
502,2012,"Thieneman","Aaron Hernandez","NE"," TE",18,0,1,18
66,2010,"Regan","Aaron Rodgers","GB"," QB",86,0,1,86
257,2011,"Regan","Aaron Rodgers","GB"," QB",93,1,2,93
449,2012,"Regan","Aaron Rodgers","GB"," QB",100,1,3,100
708,2013,"Matovina","Aaron Rodgers","GB"," QB",106,0,4,106
915,2014,"Ready","Aaron Rodgers","GB"," QB",109,0,5,109
980,2015,"Kane","Aaron Rodgers","GB"," QB",104,0,6,104
240,2011,"Harrington","Adam Vinatieri","Ind"," K",1,0,1,1
799,2014,"Kane","Adam Vinatieri","Ind"," K",1,0,2,1
1135,2015,"Skrzyskewski","Adam Vinatieri","Ind"," K",1,0,3,1
177,2010,"Olson","Adrian Peterson","Min"," RB",107,0,1,107
339,2011,"Ready","Adrian Peterson","Min"," RB",102,0,2,102
564,2012,"Olson","Adrian Peterson","Min"," RB",66,0,3,66
753,2013,"Olson","Adrian Peterson","Min"," RB",73,1,4,73
884,2014,"Thieneman","Adrian Peterson","Min"," RB",97,0,5,97
1074,2015,"Thieneman","Adrian Peterson","Min"," RB",104,1,6,104
141,2010,"Matovina","Ahmad Bradshaw","NYG"," RB",1,0,1,1
369,2011,"Olson","Ahmad Bradshaw","NYG"," RB",1,1,2,8
471,2012,"Shokunbi","Ahmad Bradshaw","NYG"," RB",55,0,3,55
600,2013,"Kane","Ahmad Bradshaw","Ind"," RB",20,0,4,20
955,2014,"Olson","Ahmad Bradshaw","Ind"," RB",1,0,5,1
203,2011,"Hartman","A.J. Green","Cin"," WR",11,0,1,11
386,2012,"Hartman","A.J. Green","Cin"," WR",18,1,2,18
737,2013,"Skrzyskewski","A.J. Green","Cin"," WR",25,1,3,25
804,2014,"Harrington","A.J. Green","Cin"," WR",81,0,4,81
1107,2015,"Ready","A.J. Green","Cin"," WR",80,0,5,80
223,2011,"Kane","Alex Henery","Phi"," K",1,0,1,1
557,2012,"Skrzyskewski","Alex Henery","Phi"," K",1,0,2,1
79,2010,"Regan","Alex Smith","SF"," QB",2,0,1,2
485,2012,"McShane","Alex Smith","SF"," QB",12,0,2,12
727,2013,"Ready","Alex Smith","KC"," QB",10,0,3,10
806,2014,"Harrington","Alex Smith","KC"," QB",13,0,4,13
1033,2015,"Regan","Alex Smith","KC"," QB",14,0,5,14
968,2015,"Hartman","Alfred Blue","Hou"," RB",10,0,1,10
658,2013,"Shokunbi","Alfred Morris","Wsh"," RB",10,1,1,10
818,2014,"Higdon","Alfred Morris","Wsh"," RB",17,1,2,17
1042,2015,"Shokunbi","Alfred Morris","Wsh"," RB",21,1,3,24
1146,2015,"Olson","Allen Robinson","Jac"," WR",29,0,1,29
478,2012,"Shokunbi","Alshon Jeffery","Chi"," WR",1,0,1,1
618,2013,"Harrington","Alshon Jeffery","Chi"," WR",4,0,2,4
930,2014,"Skrzyskewski","Alshon Jeffery","Chi"," WR",11,1,3,11
1139,2015,"Olson","Alshon Jeffery","Chi"," WR",44,0,4,44
1015,2015,"Higdon","Amari Cooper","Oak"," WR",20,0,1,20
1130,2015,"Skrzyskewski","Ameer Abdullah","Det"," RB",11,0,1,11
716,2013,"Matovina","Andre Brown","Hou"," RB",1,0,1,1
935,2014,"Skrzyskewski","Andre Ellington","Ari"," RB",37,0,1,37
1126,2015,"Skrzyskewski","Andre Ellington","Ari"," RB",15,0,2,15
2,2010,"Hartman","Andre Johnson","Hou"," WR",209,0,1,209
212,2011,"Kane","Andre Johnson","Hou"," WR",71,0,2,71
517,2012,"Matovina","Andre Johnson","Hou"," WR",47,0,3,47
706,2013,"Matovina","Andre Johnson","Hou"," WR",54,1,4,54
870,2014,"McShane","Andre Johnson","Hou"," WR",46,0,5,46
1096,2015,"Matovina","Andre Johnson","Ind"," WR",20,0,6,20
384,2011,"Olson","Andre Roberts","Ari"," WR",1,0,1,1
654,2013,"Regan","Andre Roberts","Wsh"," WR",1,0,2,1
940,2014,"Skrzyskewski","Andre Williams","NYG"," RB",2,0,1,2
1117,2015,"Ready","Andre Williams","NYG"," RB",1,0,2,1
499,2012,"Thieneman","Andrew Luck","Ind"," QB",31,0,1,31
689,2013,"Thieneman","Andrew Luck","Ind"," QB",38,1,2,38
881,2014,"Thieneman","Andrew Luck","Ind"," QB",45,1,3,45
1073,2015,"Thieneman","Andrew Luck","Ind"," QB",52,1,4,52
567,2012,"Olson","Andy Dalton","Cin"," QB",11,0,1,11
585,2013,"Hartman","Andy Dalton","Cin"," QB",20,0,2,20
869,2014,"McShane","Andy Dalton","Cin"," QB",28,0,3,28
967,2015,"Hartman","Andy Dalton","Cin"," QB",8,0,4,8
133,2010,"Matovina","Anquan Boldin","Bal"," WR",28,0,1,28
263,2011,"Regan","Anquan Boldin","Bal"," WR",28,0,2,28
425,2012,"Harrington","Anquan Boldin","Bal"," WR",18,0,3,18
666,2013,"Shokunbi","Anquan Boldin","SF"," WR",18,0,4,18
889,2014,"Thieneman","Anquan Boldin","SF"," WR",4,0,5,4
986,2015,"Kane","Anquan Boldin","SF"," WR",6,0,6,6
400,2012,"Hartman","Anthony Allen","Bal"," RB",1,0,1,1
30,2010,"Kane","Anthony Gonzalez","Ind"," WR",1,0,1,1
383,2011,"Olson","Antonio Brown","Pit"," WR",3,0,1,3
562,2012,"Olson","Antonio Brown","Pit"," WR",10,1,2,10
602,2013,"Kane","Antonio Brown","Pit"," WR",30,0,3,30
932,2014,"Skrzyskewski","Antonio Brown","Pit"," WR",57,0,4,57
1123,2015,"Skrzyskewski","Antonio Brown","Pit"," WR",77,0,5,77
187,2010,"Olson","Antonio Bryant","FA"," WR",1,0,1,1
122,2010,"Thieneman","Antonio Gates","SD"," TE",24,0,1,24
326,2011,"Matovina","Antonio Gates","SD"," TE",41,0,2,41
390,2012,"Hartman","Antonio Gates","SD"," TE",21,0,3,21
709,2013,"Matovina","Antonio Gates","SD"," TE",9,0,4,9
94,2010,"Shokunbi","Arian Foster","Hou"," RB",2,0,1,2
273,2011,"Shokunbi","Arian Foster","Hou"," RB",9,1,2,9
465,2012,"Shokunbi","Arian Foster","Hou"," RB",16,1,3,16
657,2013,"Shokunbi","Arian Foster","Hou"," RB",23,1,4,23
770,2014,"Hartman","Arian Foster","Hou"," RB",10,1,5,30
1145,2015,"Olson","Arian Foster*","Hou"," RB",23,0,1,23
216,2011,"Kane","Austin Collie","Ind"," WR",17,0,1,17
179,2010,"Olson","Beanie Wells","Ari"," RB",40,0,1,40
358,2011,"Skrzyskewski","Beanie Wells","Ari"," RB",25,0,2,25
438,2012,"Higdon","Beanie Wells","Ari"," RB",18,0,3,18
211,2011,"Kane","Bears Coach","Chi"," HC",1,0,1,1
960,2014,"Olson","Bears Coach HC","Bears ","HC",1,0,1,1
992,2015,"Kane","Bears Coach HC","Bears ","HC",1,0,2,1
368,2011,"Skrzyskewski","Bears D/ST","Chi"," D/",16,0,1,16
521,2012,"Matovina","Bears D/ST","Chi"," D/",2,0,2,2
670,2013,"Shokunbi","Bears D/ST D/ST","Bears ","D/ST",6,0,1,6
3,2010,"Hartman","Bengals Coach","Cin"," HC",1,0,1,1
195,2011,"Hartman","Bengals Coach","Cin"," HC",1,0,2,1
399,2012,"Hartman","Bengals Coach","Cin"," HC",1,0,3,1
720,2013,"Matovina","Bengals Coach HC","Bengals ","HC",1,0,1,1
816,2014,"Harrington","Bengals Coach HC","Bengals ","HC",3,0,2,3
31,2010,"Kane","Bengals D/ST","Cin"," D/",1,0,1,1
575,2012,"Olson","Bengals D/ST","Cin"," D/",1,0,2,1
646,2013,"Regan","Bengals D/ST D/ST","Bengals ","D/ST",4,0,1,4
861,2014,"Shokunbi","Bengals D/ST D/ST","Bengals ","D/ST",3,0,2,3
202,2011,"Hartman","BenJarvus Green-Ellis","NE"," RB",23,0,1,23
392,2012,"Hartman","BenJarvus Green-Ellis","Cin"," RB",22,0,2,22
631,2013,"Higdon","BenJarvus Green-Ellis","Cin"," RB",6,0,3,6
810,2014,"Harrington","Benny Cunningham","StL"," RB",1,0,1,1
132,2010,"Matovina","Ben Roethlisberger","Pit"," QB",7,0,1,7
321,2011,"Matovina","Ben Roethlisberger","Pit"," QB",7,1,2,14
513,2012,"Matovina","Ben Roethlisberger","Pit"," QB",14,1,3,21
705,2013,"Matovina","Ben Roethlisberger","Pit"," QB",21,1,4,28
788,2014,"Kane","Ben Roethlisberger","Pit"," QB",36,0,5,36
1011,2015,"Higdon","Ben Roethlisberger","Pit"," QB",70,0,6,70
488,2012,"McShane","Ben Tate","Hou"," RB",10,0,1,10
683,2013,"McShane","Ben Tate","Cle"," RB",4,0,2,4
933,2014,"Skrzyskewski","Ben Tate","Cle"," RB",43,0,3,43
9,2010,"Hartman","Bernard Berrian","Min"," WR",1,0,1,1
590,2013,"Hartman","Bernard Pierce","Bal"," RB",4,0,1,4
908,2014,"Matovina","Bernard Pierce","Bal"," RB",1,0,2,1
184,2010,"Olson","Bernard Scott","Cin"," RB",2,0,1,2
413,2012,"Kane","Bernard Scott","Cin"," RB",1,0,2,1
394,2012,"Hartman","Bills D/ST","Buf"," D/",1,0,1,1
1030,2015,"Regan","Bills D/ST D/ST","Bills ","D/ST",5,0,1,5
351,2011,"Ready","Billy Cundiff","Bal"," K",1,0,1,1
825,2014,"Higdon","Bishop Sankey","Ten"," RB",5,0,1,5
1150,2015,"Olson","Bishop Sankey","Ten"," RB",1,0,2,1
718,2013,"Matovina","Blaine Gabbert","SF"," QB",1,0,1,1
635,2013,"Higdon","Blair Walsh","Min"," K",2,0,1,2
815,2014,"Harrington","Blair Walsh","Min"," K",1,0,2,1
1036,2015,"Regan","Blair Walsh","Min"," K",1,0,3,1
829,2014,"Higdon","Blake Bortles","Jac"," QB",1,0,1,1
1066,2015,"McShane","Blake Bortles","Jac"," QB",8,0,2,8
860,2014,"Shokunbi","Brandin Cooks","NO"," WR",13,0,1,13
1091,2015,"Matovina","Brandin Cooks","NO"," WR",37,0,2,37
70,2010,"Regan","Brandon Jacobs","NYG"," RB",16,0,1,16
248,2011,"Higdon","Brandon Jacobs","NYG"," RB",4,0,2,4
704,2013,"Thieneman","Brandon LaFell","NE"," WR",1,0,1,1
241,2011,"Higdon","Brandon Lloyd","StL"," WR",7,1,1,7
420,2012,"Harrington","Brandon Lloyd","NE"," WR",29,0,2,29
81,2010,"Shokunbi","Brandon Marshall","Mia"," WR",47,0,1,47
312,2011,"Thieneman","Brandon Marshall","Mia"," WR",33,0,2,33
531,2012,"Ready","Brandon Marshall","Chi"," WR",40,0,3,40
724,2013,"Ready","Brandon Marshall","Chi"," WR",45,0,4,45
773,2014,"Hartman","Brandon Marshall","Chi"," WR",74,0,5,74
1127,2015,"Skrzyskewski","Brandon Marshall","NYJ"," WR",20,0,6,20
1151,2015,"Olson","Brandon McManus","Den"," K",1,0,1,1
604,2013,"Kane","Brandon Myers","TB"," TE",8,0,1,8
365,2011,"Skrzyskewski","Brandon Pettigrew","Det"," TE",12,0,1,12
492,2012,"McShane","Brandon Pettigrew","Det"," TE",27,0,2,27
623,2013,"Harrington","Brandon Pettigrew","Det"," TE",1,0,3,1
761,2013,"Olson","Brandon Weeden","Dal"," QB",7,0,1,7
26,2010,"Kane","Braylon Edwards","NYJ"," WR",9,0,1,9
253,2011,"Higdon","Braylon Edwards","SF"," WR",3,0,2,3
169,2010,"Skrzyskewski","Brent Celek","Phi"," TE",18,0,1,18
542,2012,"Ready","Brent Celek","Phi"," TE",1,0,2,1
116,2010,"Thieneman","Brett Favre","Min"," QB",40,0,1,40
126,2010,"Thieneman","Brian Brohm","Buf"," QB",1,0,1,1
808,2014,"Harrington","Brian Hoyer","Cle"," QB",1,0,1,1
1039,2015,"Regan","Brian Hoyer","Hou"," QB",2,0,2,2
1055,2015,"Shokunbi","Brian Quick","StL"," WR",3,0,1,3
323,2011,"Matovina","Broncos Coach","Den"," HC",15,0,1,15
480,2012,"Shokunbi","Broncos Coach","Den"," HC",1,0,2,1
736,2013,"Ready","Broncos Coach HC","Broncos ","HC",1,0,1,1
880,2014,"McShane","Broncos Coach HC","Broncos ","HC",3,0,2,3
1136,2015,"Skrzyskewski","Broncos Coach HC","Broncos ","HC",1,0,3,1
142,2010,"Matovina","Broncos D/ST","Den"," D/",1,0,1,1
765,2013,"Olson","Broncos D/ST D/ST","Broncos ","D/ST",1,0,1,1
893,2014,"Thieneman","Broncos D/ST D/ST","Broncos ","D/ST",1,0,2,1
1134,2015,"Skrzyskewski","Broncos D/ST D/ST","Broncos ","D/ST",1,0,3,1
745,2013,"Skrzyskewski","Bryce Brown","Phi"," RB",8,0,1,8
800,2014,"Kane","Buccaneers Coach HC","Buccaneers ","HC",1,0,1,1
717,2013,"Matovina","Buccaneers D/ST D/ST","Buccaneers ","D/ST",1,0,1,1
798,2014,"Kane","Buccaneers D/ST D/ST","Buccaneers ","D/ST",1,0,2,1
76,2010,"Regan","Cadillac Williams","TB"," RB",1,0,1,1
1099,2015,"Matovina","Caleb Sturgis","FA"," K",1,0,1,1
146,2010,"Ready","Calvin Johnson","Det"," WR",49,0,1,49
341,2011,"Ready","Calvin Johnson","Det"," WR",70,0,2,70
530,2012,"Ready","Calvin Johnson","Det"," WR",77,1,3,77
723,2013,"Ready","Calvin Johnson","Det"," WR",79,0,4,79
883,2014,"Thieneman","Calvin Johnson","Det"," WR",78,0,5,78
964,2015,"Hartman","Calvin Johnson","Det"," WR",76,0,6,76
234,2011,"Harrington","Cam Newton","Car"," QB",1,0,1,1
417,2012,"Harrington","Cam Newton","Car"," QB",8,1,2,8
609,2013,"Harrington","Cam Newton","Car"," QB",15,1,3,15
801,2014,"Harrington","Cam Newton","Car"," QB",22,1,4,22
993,2015,"Harrington","Cam Newton","Car"," QB",29,1,5,29
936,2014,"Skrzyskewski","Cardinals D/ST D/ST","Cardinals ","D/ST",1,0,1,1
973,2015,"Hartman","Cardinals D/ST D/ST","Cardinals ","D/ST",1,0,2,1
862,2014,"Shokunbi","Carlos Hyde","SF"," RB",9,0,1,9
1058,2015,"McShane","Carlos Hyde","SF"," RB",29,1,2,16
25,2010,"Kane","Carson Palmer","Cin"," QB",6,0,1,6
393,2012,"Hartman","Carson Palmer","Oak"," QB",8,0,2,8
665,2013,"Shokunbi","Carson Palmer","Ari"," QB",24,0,3,24
901,2014,"Matovina","Carson Palmer","Ari"," QB",23,0,4,23
1110,2015,"Ready","Carson Palmer","Ari"," QB",10,0,5,10
578,2013,"Hartman","Cecil Shorts","Jac"," WR",7,1,1,7
903,2014,"Matovina","Cecil Shorts","Jac"," WR",14,0,2,14
98,2010,"McShane","Cedric Benson","Cin"," RB",46,0,1,46
377,2011,"Olson","Cedric Benson","Cin"," RB",19,0,2,19
429,2012,"Harrington","Cedric Benson","GB"," RB",7,0,3,7
89,2010,"Shokunbi","Chad Henne","Mia"," QB",8,0,1,8
163,2010,"Skrzyskewski","Chad Ochocinco","Cin"," WR",28,0,1,28
282,2011,"Shokunbi","Chad Ochocinco","NE"," WR",29,0,2,29
160,2010,"Ready","Chargers Coach","SD"," HC",1,0,1,1
242,2011,"Higdon","Chargers Coach","SD"," HC",1,0,2,1
269,2011,"Regan","Chargers D/ST","SD"," D/",1,0,1,1
782,2014,"Hartman","Charles Clay","Mia"," TE",1,0,1,1
1129,2015,"Skrzyskewski","Charles Johnson","Min"," WR",21,0,1,21
990,2015,"Kane","Charles Sims","TB"," RB",1,0,1,1
139,2010,"Matovina","Chaz Schilens","Oak"," WR",1,0,1,1
190,2010,"Olson","Chester Taylor","Chi"," RB",1,0,1,1
431,2012,"Harrington","Chiefs D/ST","KC"," D/",1,0,1,1
911,2014,"Matovina","Chiefs D/ST D/ST","Chiefs ","D/ST",1,0,1,1
92,2010,"Shokunbi","Chris Cooley","Was"," TE",10,0,1,10
224,2011,"Kane","Chris Cooley","Wsh"," TE",1,0,2,1
763,2013,"Olson","Chris Givens","StL"," WR",3,0,1,3
601,2013,"Kane","Chris Ivory","NYJ"," RB",16,0,1,16
842,2014,"Regan","Chris Ivory","NYJ"," RB",1,0,2,1
1017,2015,"Higdon","Chris Ivory","NYJ"," RB",16,0,3,16
33,2010,"Harrington","Chris Johnson","Ten"," RB",114,0,1,114
227,2011,"Harrington","Chris Johnson","Ten"," RB",95,0,2,95
515,2012,"Matovina","Chris Johnson","Ten"," RB",74,0,3,74
643,2013,"Regan","Chris Johnson","NYJ"," RB",60,0,4,60
807,2014,"Harrington","Chris Johnson","NYJ"," RB",7,0,5,7
448,2012,"Higdon","Christian Ponder","Min"," QB",1,0,1,1
639,2013,"Higdon","Christian Ponder","Min"," QB",7,0,2,7
714,2013,"Matovina","Christine Michael","Sea"," RB",1,0,1,1
797,2014,"Kane","C.J. Anderson","Den"," RB",1,0,1,1
1138,2015,"Olson","C.J. Anderson","Den"," RB",17,1,2,8
171,2010,"Skrzyskewski","C.J. Spiller","Buf"," RB",17,0,1,17
316,2011,"Thieneman","C.J. Spiller","Buf"," RB",1,0,2,1
426,2012,"Harrington","C.J. Spiller","Buf"," RB",10,0,3,10
707,2013,"Matovina","C.J. Spiller","Buf"," RB",96,0,4,96
790,2014,"Kane","C.J. Spiller","Buf"," RB",35,0,5,35
1002,2015,"Harrington","C.J. Spiller","NO"," RB",6,0,6,6
80,2010,"Regan","Clinton Portis","Was"," RB",1,0,1,1
574,2012,"Olson","Coby Fleener","Ind"," TE",1,0,1,1
1023,2015,"Higdon","Coby Fleener","Ind"," TE",1,0,2,1
1084,2015,"Thieneman","Cody Latimer","Den"," WR",1,0,1,1
1021,2015,"Higdon","Cody Parkey","Phi"," K",1,0,1,1
1103,2015,"Matovina","Cole Beasley","Dal"," WR",1,0,1,1
674,2013,"McShane","Colin Kaepernick","SF"," QB",7,1,1,7
866,2014,"McShane","Colin Kaepernick","SF"," QB",14,1,2,14
1093,2015,"Matovina","Colin Kaepernick","SF"," QB",31,0,3,31
278,2011,"Shokunbi","Colt McCoy","Cle"," QB",10,0,1,10
96,2010,"Shokunbi","Colts Coach","Ind"," HC",3,0,1,3
624,2013,"Harrington","Colts Coach HC","Colts ","HC",1,0,1,1
896,2014,"Thieneman","Colts Coach HC","Colts ","HC",1,0,2,1
1038,2015,"Regan","Colts Coach HC","Colts ","HC",1,0,3,1
314,2011,"Thieneman","Colts D/ST","Ind"," D/",3,0,1,3
791,2014,"Kane","Cordarrelle Patterson","Min"," WR",30,0,1,30
1152,2015,"Olson","Cowboys Coach HC","Cowboys ","HC",1,0,1,1
46,2010,"Harrington","Cowboys D/ST","Dal"," D/",2,0,1,2
475,2012,"Shokunbi","Cowboys D/ST","Dal"," D/",1,0,2,1
22,2010,"Kane","Dallas Clark","Ind"," TE",22,0,1,22
264,2011,"Regan","Dallas Clark","Ind"," TE",30,0,2,30
522,2012,"Matovina","Dan Bailey","Dal"," K",2,0,1,2
937,2014,"Skrzyskewski","Dan Bailey","Dal"," K",1,0,2,1
1111,2015,"Ready","Dan Bailey","Dal"," K",1,0,3,1
380,2011,"Olson","Daniel Thomas","Mia"," RB",20,0,1,20
572,2012,"Olson","Daniel Thomas","Mia"," RB",4,0,2,4
219,2011,"Kane","Danny Amendola","StL"," WR",2,0,1,2
695,2013,"Thieneman","Danny Amendola","NE"," WR",18,0,2,18
783,2014,"Hartman","Danny Amendola","NE"," WR",4,0,3,4
344,2011,"Ready","Danny Woodhead","NE"," RB",3,0,1,3
843,2014,"Regan","Danny Woodhead","SD"," RB",2,0,2,2
1083,2015,"Thieneman","Danny Woodhead","SD"," RB",1,0,3,1
185,2010,"Olson","Darren McFadden","Oak"," RB",8,0,1,8
210,2011,"Kane","Darren McFadden","Oak"," RB",15,1,2,15
565,2012,"Olson","Darren McFadden","Oak"," RB",48,0,3,48
694,2013,"Thieneman","Darren McFadden","Oak"," RB",35,0,4,35
892,2014,"Thieneman","Darren McFadden","Oak"," RB",1,0,5,1
969,2015,"Hartman","Darren McFadden","Dal"," RB",5,0,6,5
136,2010,"Matovina","Darren Sproles","SD"," RB",1,0,1,1
483,2012,"McShane","Darren Sproles","NO"," RB",26,0,2,26
678,2013,"McShane","Darren Sproles","Phi"," RB",31,0,3,31
953,2014,"Olson","Darren Sproles","Phi"," RB",1,0,4,1
447,2012,"Higdon","Darrius Heyward-Bey","Oak"," WR",3,0,1,3
712,2013,"Matovina","Darrius Heyward-Bey","Pit"," WR",1,0,2,1
396,2012,"Hartman","Darvin Adams","FA"," WR",1,0,1,1
668,2013,"Shokunbi","Daryl Richardson","StL"," RB",20,0,1,20
1078,2015,"Thieneman","Davante Adams","GB"," WR",42,0,1,42
173,2010,"Skrzyskewski","David Akers","Phi"," K",2,0,1,2
568,2012,"Olson","David Akers","SF"," K",1,0,2,1
699,2013,"Thieneman","David Akers","Det"," K",1,0,3,1
1085,2015,"Thieneman","David Cobb*","Ten"," RB",1,0,1,1
73,2010,"Regan","David Garrard","Jac"," QB",2,0,1,2
342,2011,"Ready","David Garrard","FA"," QB",3,0,2,3
1087,2015,"Thieneman","David Johnson","Ari"," RB",1,0,1,1
445,2012,"Higdon","David Wilson","NYG"," RB",6,0,1,6
594,2013,"Kane","David Wilson","NYG"," RB",13,1,2,13
239,2011,"Harrington","Davone Bess","Mia"," WR",1,0,1,1
619,2013,"Harrington","DeAndre Hopkins","Hou"," WR",2,0,1,2
858,2014,"Shokunbi","DeAndre Hopkins","Hou"," WR",5,0,2,5
1108,2015,"Ready","DeAndre Hopkins","Hou"," WR",42,0,3,42
115,2010,"Thieneman","DeAngelo Williams","Car"," RB",53,0,1,53
214,2011,"Kane","DeAngelo Williams","Car"," RB",40,0,2,40
507,2012,"Thieneman","DeAngelo Williams","Car"," RB",8,0,3,8
616,2013,"Harrington","DeAngelo Williams","Car"," RB",13,0,4,13
814,2014,"Harrington","DeAngelo Williams","Car"," RB",2,0,5,2
999,2015,"Harrington","DeAngelo Williams","Pit"," RB",8,0,6,8
238,2011,"Harrington","Deion Branch","NE"," WR",1,0,1,1
895,2014,"Thieneman","Delanie Walker","Ten"," TE",1,0,1,1
984,2015,"Kane","Delanie Walker","Ten"," TE",3,0,2,3
514,2012,"Matovina","DeMarco Murray","Dal"," RB",69,0,1,69
677,2013,"McShane","DeMarco Murray","Dal"," RB",32,0,2,32
787,2014,"Kane","DeMarco Murray","Dal"," RB",71,0,3,71
995,2015,"Harrington","DeMarco Murray","Phi"," RB",69,0,4,69
450,2012,"Regan","Demaryius Thomas","Den"," WR",7,1,1,7
641,2013,"Regan","Demaryius Thomas","Den"," WR",14,1,2,14
833,2014,"Regan","Demaryius Thomas","Den"," WR",21,1,3,21
1025,2015,"Regan","Demaryius Thomas","Den"," WR",13,1,4,28
487,2012,"McShane","Denarius Moore","Oak"," WR",14,0,1,14
605,2013,"Kane","Denarius Moore","Oak"," WR",4,0,2,4
874,2014,"McShane","Dennis Pitta","Bal"," TE",4,0,1,4
1006,2015,"Harrington","Derek Carr","Oak"," QB",17,0,1,17
603,2013,"Kane","Derek Dimke","NO"," K",1,0,1,1
41,2010,"Harrington","Derrick Mason","Bal"," WR",7,0,1,7
67,2010,"Regan","DeSean Jackson","Phi"," WR",35,0,1,35
198,2011,"Hartman","DeSean Jackson","Phi"," WR",37,0,2,37
423,2012,"Harrington","DeSean Jackson","Phi"," WR",37,0,3,37
587,2013,"Hartman","DeSean Jackson","Wsh"," WR",26,0,4,26
885,2014,"Thieneman","DeSean Jackson","Wsh"," WR",26,0,5,26
1046,2015,"Shokunbi","DeSean Jackson","Wsh"," WR",13,0,6,13
975,2015,"Hartman","DeVante Parker","Mia"," WR",2,0,1,2
15,2010,"Hartman","Devery Henderson","NO"," WR",1,0,1,1
155,2010,"Ready","Devin Aromashodu","Chi"," WR",1,0,1,1
1079,2015,"Thieneman","Devin Funchess","Car"," WR",13,0,1,13
1115,2015,"Ready","Devonta Freeman","Atl"," RB",1,0,1,1
91,2010,"Shokunbi","Dez Bryant","Dal"," WR",13,0,1,13
296,2011,"McShane","Dez Bryant","Dal"," WR",46,0,2,46
451,2012,"Regan","Dez Bryant","Dal"," WR",36,0,3,36
691,2013,"Thieneman","Dez Bryant","Dal"," WR",58,0,4,58
803,2014,"Harrington","Dez Bryant","Dal"," WR",78,0,5,78
1060,2015,"McShane","Dez Bryant","Dal"," WR",84,0,6,84
1069,2015,"McShane","Dolphins D/ST D/ST","Dolphins ","D/ST",2,0,1,2
62,2010,"Higdon","Donald Brown","Ind"," RB",5,0,1,5
571,2012,"Olson","Donald Brown","Ind"," RB",7,0,2,7
795,2014,"Kane","Donald Brown","SD"," RB",1,0,3,1
117,2010,"Thieneman","Donald Driver","GB"," WR",22,0,1,22
235,2011,"Harrington","Donald Driver","GB"," WR",1,0,2,1
39,2010,"Harrington","Donovan McNabb","Was"," QB",7,0,1,7
310,2011,"Thieneman","Donovan McNabb","FA"," QB",13,0,2,13
1101,2015,"Matovina","Doug Baldwin","Sea"," WR",1,0,1,1
552,2012,"Skrzyskewski","Doug Martin","TB"," RB",10,0,1,10
690,2013,"Thieneman","Doug Martin","TB"," RB",17,1,2,17
898,2014,"Matovina","Doug Martin","TB"," RB",73,0,3,73
1019,2015,"Higdon","Doug Martin","TB"," RB",11,0,4,11
17,2010,"Kane","Drew Brees","NO"," QB",78,0,1,78
213,2011,"Kane","Drew Brees","NO"," QB",76,0,2,76
435,2012,"Higdon","Drew Brees","NO"," QB",102,0,3,102
755,2013,"Olson","Drew Brees","NO"," QB",101,0,4,101
948,2014,"Olson","Drew Brees","NO"," QB",106,0,5,106
981,2015,"Kane","Drew Brees","NO"," QB",85,0,6,85
1068,2015,"McShane","Duke Johnson","Cle"," RB",8,0,1,8
287,2011,"Shokunbi","Dustin Keller","NYJ"," TE",1,0,1,1
1149,2015,"Olson","Dwayne Allen","Ind"," TE",1,0,1,1
151,2010,"Ready","Dwayne Bowe","KC"," WR",20,0,1,20
247,2011,"Higdon","Dwayne Bowe","KC"," WR",41,0,2,41
470,2012,"Shokunbi","Dwayne Bowe","KC"," WR",26,0,3,26
756,2013,"Olson","Dwayne Bowe","KC"," WR",27,0,4,27
920,2014,"Ready","Dwayne Bowe","KC"," WR",2,0,5,2
371,2011,"Olson","Eagles Coach","Phi"," HC",15,0,1,15
576,2012,"Olson","Eagles Coach","Phi"," HC",1,0,2,1
912,2014,"Matovina","Eagles Coach HC","Eagles ","HC",1,0,1,1
976,2015,"Hartman","Eagles Coach HC","Eagles ","HC",1,0,2,1
186,2010,"Olson","Eagles D/ST","Phi"," D/",2,0,1,2
295,2011,"McShane","Eagles D/ST","Phi"," D/",3,0,2,3
537,2012,"Ready","Eagles D/ST","Phi"," D/",3,0,3,3
1098,2015,"Matovina","Eagles D/ST D/ST","Eagles ","D/ST",1,0,1,1
140,2010,"Matovina","Early Doucet","Ari"," WR",1,0,1,1
612,2013,"Harrington","Eddie Lacy","GB"," RB",30,0,1,30
849,2014,"Shokunbi","Eddie Lacy","GB"," RB",17,1,2,37
1041,2015,"Shokunbi","Eddie Lacy","GB"," RB",59,1,3,44
109,2010,"McShane","Eddie Royal","Den"," WR",1,0,1,1
232,2011,"Harrington","Eddie Royal","Den"," WR",1,0,2,1
1148,2015,"Olson","Eddie Royal","Chi"," WR",1,0,3,1
702,2013,"Thieneman","EJ Manuel","Buf"," QB",1,0,1,1
854,2014,"Shokunbi","EJ Manuel","Buf"," QB",5,0,2,5
58,2010,"Higdon","Eli Manning","NYG"," QB",17,0,1,17
277,2011,"Shokunbi","Eli Manning","NYG"," QB",42,0,2,42
563,2012,"Olson","Eli Manning","NYG"," QB",49,0,3,49
662,2013,"Shokunbi","Eli Manning","NYG"," QB",56,0,4,56
900,2014,"Matovina","Eli Manning","NYG"," QB",18,0,5,18
997,2015,"Harrington","Eli Manning","NYG"," QB",60,0,6,60
762,2013,"Olson","Emmanuel Sanders","Den"," WR",4,0,1,4
857,2014,"Shokunbi","Emmanuel Sanders","Den"," WR",17,0,2,17
1012,2015,"Higdon","Emmanuel Sanders","Den"," WR",36,0,3,36
391,2012,"Hartman","Eric Decker","Den"," WR",21,0,1,21
661,2013,"Shokunbi","Eric Decker","NYJ"," WR",18,0,2,18
826,2014,"Higdon","Eric Decker","NYJ"," WR",10,0,3,10
1097,2015,"Matovina","Eric Decker","NYJ"," WR",6,0,4,6
352,2011,"Ready","Falcons Coach","Atl"," HC",1,0,1,1
752,2013,"Skrzyskewski","Falcons Coach HC","Falcons ","HC",2,0,1,2
378,2011,"Olson","Falcons D/ST","Atl"," D/",1,0,1,1
412,2012,"Kane","Falcons D/ST","Atl"," D/",2,0,2,2
148,2010,"Ready","Felix Jones","Dal"," RB",20,0,1,20
328,2011,"Matovina","Felix Jones","Dal"," RB",24,0,2,24
524,2012,"Matovina","Felix Jones","Dal"," RB",2,0,3,2
131,2010,"Matovina","Frank Gore","SF"," RB",81,0,1,81
293,2011,"McShane","Frank Gore","SF"," RB",62,0,2,62
421,2012,"Harrington","Frank Gore","SF"," RB",29,0,3,29
644,2013,"Regan","Frank Gore","SF"," RB",61,0,4,61
805,2014,"Harrington","Frank Gore","SF"," RB",44,0,5,44
1029,2015,"Regan","Frank Gore","Ind"," RB",41,0,6,41
472,2012,"Shokunbi","Fred Davis","Wsh"," TE",22,0,1,22
166,2010,"Skrzyskewski","Fred Jackson","Buf"," RB",10,0,1,10
254,2011,"Higdon","Fred Jackson","Buf"," RB",20,0,2,20
549,2012,"Skrzyskewski","Fred Jackson","Buf"," RB",45,0,3,45
748,2013,"Skrzyskewski","Fred Jackson","Buf"," RB",2,0,4,2
780,2014,"Hartman","Fred Jackson","Buf"," RB",3,0,5,3
127,2010,"Thieneman","Garrett Hartley","NO"," K",2,0,1,2
367,2011,"Skrzyskewski","Garrett Hartley","NO"," K",1,0,2,1
430,2012,"Harrington","Garrett Hartley","NO"," K",1,0,3,1
656,2013,"Regan","Garrett Hartley","FA"," K",1,0,4,1
824,2014,"Higdon","Geno Smith","NYJ"," QB",15,0,1,15
989,2015,"Kane","Geno Smith*","NYJ"," QB",1,0,1,1
528,2012,"Matovina","Giants Coach","NYG"," HC",1,0,1,1
1024,2015,"Higdon","Giants Coach HC","Giants ","HC",9,0,1,9
559,2012,"Skrzyskewski","Giants D/ST","NYG"," D/",1,0,1,1
758,2013,"Olson","Giovani Bernard","Cin"," RB",17,0,1,17
836,2014,"Regan","Giovani Bernard","Cin"," RB",66,0,2,66
1128,2015,"Skrzyskewski","Giovani Bernard","Cin"," RB",13,0,3,13
154,2010,"Ready","Golden Tate","Sea"," WR",2,0,1,2
620,2013,"Harrington","Golden Tate","Det"," WR",1,0,2,1
951,2014,"Olson","Golden Tate","Det"," WR",11,0,3,11
1109,2015,"Ready","Golden Tate","Det"," WR",29,0,4,29
147,2010,"Ready","Greg Jennings","GB"," WR",28,0,1,28
337,2011,"Ready","Greg Jennings","GB"," WR",35,1,2,35
468,2012,"Shokunbi","Greg Jennings","GB"," WR",56,0,3,56
682,2013,"McShane","Greg Jennings","Min"," WR",11,0,4,11
919,2014,"Ready","Greg Jennings","Min"," WR",1,0,5,1
360,2011,"Skrzyskewski","Greg Little","Cle"," WR",5,0,1,5
463,2012,"Regan","Greg Little","Cle"," WR",3,0,2,3
48,2010,"Harrington","Greg Olsen","Chi"," TE",2,0,1,2
381,2011,"Olson","Greg Olsen","Car"," TE",5,0,2,5
743,2013,"Skrzyskewski","Greg Olsen","Car"," TE",5,0,3,5
812,2014,"Harrington","Greg Olsen","Car"," TE",4,0,4,4
1063,2015,"McShane","Greg Olsen","Car"," TE",18,0,5,18
103,2010,"McShane","Hakeem Nicks","NYG"," WR",22,0,1,22
370,2011,"Olson","Hakeem Nicks","NYG"," WR",22,1,2,29
561,2012,"Olson","Hakeem Nicks","NYG"," WR",26,1,3,36
599,2013,"Kane","Hakeem Nicks","Ind"," WR",32,0,4,32
844,2014,"Regan","Hakeem Nicks","Ind"," WR",1,0,5,1
137,2010,"Matovina","Heath Miller","Pit"," TE",1,0,1,1
923,2014,"Ready","Heath Miller","Pit"," TE",1,0,2,1
162,2010,"Skrzyskewski","Hines Ward","Pit"," WR",20,0,1,20
348,2011,"Ready","Hines Ward","Pit"," WR",4,0,2,4
427,2012,"Harrington","Isaac Redman","Pit"," RB",9,0,1,9
638,2013,"Higdon","Isaac Redman","Pit"," RB",3,0,2,3
1016,2015,"Higdon","Isaiah Crowell","Cle"," RB",5,0,1,5
684,2013,"McShane","Isaiah Pead","StL"," RB",6,0,1,6
408,2012,"Kane","Jacob Tamme","Den"," TE",7,0,1,7
335,2011,"Matovina","Jacoby Ford","Oak"," WR",6,0,1,6
733,2013,"Ready","Jacoby Jones","Bal"," WR",2,0,1,2
710,2013,"Matovina","Jacquizz Rodgers","Atl"," RB",1,0,1,1
143,2010,"Matovina","Jaguars Coach","Jac"," HC",1,0,1,1
106,2010,"McShane","Jahvid Best","Det"," RB",6,0,1,6
289,2011,"McShane","Jahvid Best","Det"," RB",6,1,2,13
558,2012,"Skrzyskewski","Jake Locker","Ten"," QB",1,0,1,1
655,2013,"Regan","Jake Locker","Ten"," QB",2,0,2,2
839,2014,"Regan","Jake Locker","Ten"," QB",17,0,3,17
19,2010,"Kane","Jamaal Charles","KC"," RB",28,0,1,28
353,2011,"Skrzyskewski","Jamaal Charles","KC"," RB",35,1,2,35
532,2012,"Ready","Jamaal Charles","KC"," RB",44,0,3,44
722,2013,"Ready","Jamaal Charles","KC"," RB",51,1,4,51
914,2014,"Ready","Jamaal Charles","KC"," RB",58,1,5,58
1106,2015,"Ready","Jamaal Charles","KC"," RB",65,1,6,65
1043,2015,"Shokunbi","Jameis Winston","TB"," QB",25,0,1,25
309,2011,"Thieneman","James Jones","GB"," WR",7,0,1,7
597,2013,"Kane","James Jones","Oak"," WR",18,0,2,18
302,2011,"McShane","James Starks","GB"," RB",10,0,1,10
508,2012,"Thieneman","James Starks","GB"," RB",1,0,2,1
921,2014,"Ready","James Starks","GB"," RB",1,0,3,1
556,2012,"Skrzyskewski","Jared Cook","Ten"," TE",2,0,1,2
650,2013,"Regan","Jared Cook","StL"," TE",5,0,2,5
1032,2015,"Regan","Jarvis Landry","Mia"," WR",23,0,1,23
51,2010,"Higdon","Jason Campbell","Oak"," QB",6,0,1,6
231,2011,"Harrington","Jason Campbell","Oak"," QB",3,0,2,3
539,2012,"Ready","Jason Hanson","Det"," K",3,0,1,3
104,2010,"McShane","Jason Witten","Dal"," TE",16,0,1,16
201,2011,"Hartman","Jason Witten","Dal"," TE",15,0,2,15
536,2012,"Ready","Jason Witten","Dal"," TE",8,0,3,8
726,2013,"Ready","Jason Witten","Dal"," TE",21,0,4,21
835,2014,"Regan","Jason Witten","Dal"," TE",27,0,5,27
1035,2015,"Regan","Jason Witten","Dal"," TE",16,0,6,16
21,2010,"Kane","Jay Cutler","Chi"," QB",17,0,1,17
340,2011,"Ready","Jay Cutler","Chi"," QB",11,0,2,11
550,2012,"Skrzyskewski","Jay Cutler","Chi"," QB",30,0,3,30
725,2013,"Ready","Jay Cutler","Chi"," QB",22,0,4,22
949,2014,"Olson","Jay Cutler","Chi"," QB",39,0,5,39
1142,2015,"Olson","Jay Cutler","Chi"," QB",37,0,6,37
158,2010,"Ready","Jay Feely","Ari"," K",1,0,1,1
939,2014,"Skrzyskewski","Jeremy Hill","Cin"," RB",1,0,1,1
1122,2015,"Skrzyskewski","Jeremy Hill","Cin"," RB",8,1,2,8
715,2013,"Matovina","Jeremy Kerley","NYJ"," WR",1,0,1,1
71,2010,"Regan","Jeremy Maclin","Phi"," WR",8,0,1,8
327,2011,"Matovina","Jeremy Maclin","Phi"," WR",18,0,2,18
570,2012,"Olson","Jeremy Maclin","Phi"," WR",30,0,3,30
809,2014,"Harrington","Jeremy Maclin","Phi"," WR",13,0,4,13
1047,2015,"Shokunbi","Jeremy Maclin","KC"," WR",12,0,5,12
153,2010,"Ready","Jermichael Finley","GB"," TE",12,0,1,12
311,2011,"Thieneman","Jermichael Finley","GB"," TE",31,0,2,31
452,2012,"Regan","Jermichael Finley","GB"," TE",20,0,3,20
669,2013,"Shokunbi","Jermichael Finley","GB"," TE",13,0,4,13
170,2010,"Skrzyskewski","Jerome Harrison","Phi"," RB",11,0,1,11
221,2011,"Kane","Jerome Harrison","Det"," RB",2,0,2,2
318,2011,"Thieneman","Jerome Simpson","Cin"," WR",1,0,1,1
108,2010,"McShane","Jerricho Cotchery","NYJ"," WR",1,0,1,1
112,2010,"McShane","Jets Coach","NYJ"," HC",1,0,1,1
286,2011,"Shokunbi","Jets Coach","NYJ"," HC",1,0,2,1
55,2010,"Higdon","Jets D/ST","NYJ"," D/",9,0,1,9
333,2011,"Matovina","Jets D/ST","NYJ"," D/",1,0,2,1
525,2012,"Matovina","Jets D/ST","NYJ"," D/",2,0,3,2
1054,2015,"Shokunbi","Jets D/ST D/ST","Jets ","D/ST",1,0,1,1
363,2011,"Skrzyskewski","Jimmy Graham","NO"," TE",13,0,1,13
389,2012,"Hartman","Jimmy Graham","NO"," TE",35,0,2,35
692,2013,"Thieneman","Jimmy Graham","NO"," TE",41,0,3,41
931,2014,"Skrzyskewski","Jimmy Graham","NO"," TE",69,0,4,69
966,2015,"Hartman","Jimmy Graham","Sea"," TE",40,0,5,40
398,2012,"Hartman","Joe Adams","Car"," WR",1,0,1,1
86,2010,"Shokunbi","Joe Flacco","Bal"," QB",34,0,1,34
374,2011,"Olson","Joe Flacco","Bal"," QB",42,0,2,42
504,2012,"Thieneman","Joe Flacco","Bal"," QB",31,0,3,31
595,2013,"Kane","Joe Flacco","Bal"," QB",33,0,4,33
916,2014,"Ready","Joe Flacco","Bal"," QB",22,0,5,22
1095,2015,"Matovina","Joe Flacco","Bal"," QB",20,0,6,20
107,2010,"McShane","Joey Galloway","Was"," WR",1,0,1,1
1133,2015,"Skrzyskewski","John Brown","Ari"," WR",5,0,1,5
10,2010,"Hartman","John Carlson","Sea"," TE",1,0,1,1
23,2010,"Kane","Johnny Knox","Chi"," WR",9,0,1,9
215,2011,"Kane","Johnny Knox","Chi"," WR",11,0,2,11
958,2014,"Olson","Johnny Manziel","Cle"," QB",1,0,1,1
543,2012,"Ready","John Skelton","Ari"," QB",2,0,1,2
589,2013,"Hartman","Joique Bell","Det"," RB",3,0,1,3
856,2014,"Shokunbi","Joique Bell","Det"," RB",15,0,2,15
1062,2015,"McShane","Joique Bell","Det"," RB",19,0,3,19
1102,2015,"Matovina","Jonas Gray","FA"," RB",1,0,1,1
732,2013,"Ready","Jonathan Dwyer","Ari"," RB",1,0,1,1
83,2010,"Shokunbi","Jonathan Stewart","Car"," RB",30,0,1,30
297,2011,"McShane","Jonathan Stewart","Car"," RB",10,0,2,10
406,2012,"Kane","Jonathan Stewart","Car"," RB",20,0,3,20
1013,2015,"Higdon","Jonathan Stewart","Car"," RB",16,0,4,16
544,2012,"Ready","Jon Baldwin","KC"," WR",1,0,1,1
767,2013,"Olson","Jordan Cameron","Cle"," TE",4,0,1,4
878,2014,"McShane","Jordan Cameron","Cle"," TE",11,0,2,11
1081,2015,"Thieneman","Jordan Cameron","Mia"," TE",1,0,3,1
1140,2015,"Olson","Jordan Matthews","Phi"," WR",37,0,1,37
863,2014,"Shokunbi","Jordan Reed","Wsh"," TE",1,0,1,1
379,2011,"Olson","Jordy Nelson","GB"," WR",5,0,1,5
545,2012,"Skrzyskewski","Jordy Nelson","GB"," WR",12,1,2,12
647,2013,"Regan","Jordy Nelson","GB"," WR",26,0,3,26
834,2014,"Regan","Jordy Nelson","GB"," WR",33,1,4,33
1040,2015,"Regan","Jordy Nelson*","GB"," WR",1,0,1,1
84,2010,"Shokunbi","Joseph Addai","Ind"," RB",25,0,1,25
256,2011,"Higdon","Joseph Addai","Ind"," RB",19,0,2,19
977,2015,"Kane","Joseph Randle","Dal"," RB",7,1,1,7
304,2011,"McShane","Josh Brown","StL"," K",1,0,1,1
751,2013,"Skrzyskewski","Josh Brown","NYG"," K",1,0,2,1
354,2011,"Skrzyskewski","Josh Freeman","TB"," QB",7,1,1,7
569,2012,"Olson","Josh Freeman","TB"," QB",19,0,2,19
642,2013,"Regan","Josh Freeman","NYG"," QB",26,1,3,26
651,2013,"Regan","Josh Gordon","Cle"," WR",5,0,1,5
904,2014,"Matovina","Josh McCown","TB"," QB",29,0,1,29
1113,2015,"Ready","Josh McCown","Cle"," QB",2,0,2,2
11,2010,"Hartman","Josh Morgan","SF"," WR",1,0,1,1
823,2014,"Higdon","Julian Edelman","NE"," WR",19,0,1,19
982,2015,"Kane","Julian Edelman","NE"," WR",24,0,2,24
252,2011,"Higdon","Julio Jones","Atl"," WR",16,0,1,16
433,2012,"Higdon","Julio Jones","Atl"," WR",23,1,2,23
625,2013,"Higdon","Julio Jones","Atl"," WR",30,1,3,30
817,2014,"Higdon","Julio Jones","Atl"," WR",30,1,4,37
1009,2015,"Higdon","Julio Jones","Atl"," WR",44,1,5,44
785,2014,"Kane","Julius Thomas","Den"," TE",27,1,1,27
460,2012,"Regan","Justin Blackmon","Jac"," WR",7,0,1,7
703,2013,"Thieneman","Justin Blackmon","Jac"," WR",1,0,2,1
54,2010,"Higdon","Justin Forsett","Sea"," RB",8,0,1,8
978,2015,"Kane","Justin Forsett","Bal"," RB",22,1,2,15
944,2014,"Skrzyskewski","Justin Hunter","Ten"," WR",2,0,1,2
591,2013,"Hartman","Justin Tucker","Bal"," K",9,0,1,9
859,2014,"Shokunbi","Justin Tucker","Bal"," K",2,0,2,2
1007,2015,"Harrington","Justin Tucker","Bal"," K",1,0,3,1
946,2014,"Olson","Keenan Allen","SD"," WR",7,1,1,7
962,2015,"Hartman","Keenan Allen","SD"," WR",14,1,2,14
59,2010,"Higdon","Kellen Winslow","TB"," TE",10,0,1,10
246,2011,"Higdon","Kellen Winslow","TB"," TE",4,0,2,4
764,2013,"Olson","Kenbrell Thompkins","NE"," WR",1,0,1,1
479,2012,"Shokunbi","Kendall Wright","Ten"," WR",1,0,1,1
607,2013,"Kane","Kendall Wright","Ten"," WR",1,0,2,1
905,2014,"Matovina","Kendall Wright","Ten"," WR",7,0,3,7
970,2015,"Hartman","Kendall Wright","Ten"," WR",3,0,4,3
63,2010,"Higdon","Kenny Britt","Ten"," WR",3,0,1,3
357,2011,"Skrzyskewski","Kenny Britt","Ten"," WR",25,0,2,25
456,2012,"Regan","Kenny Britt","Ten"," WR",16,0,3,16
759,2013,"Olson","Kenny Britt","StL"," WR",7,0,4,7
191,2010,"Olson","Kevin Boss","NYG"," TE",1,0,1,1
105,2010,"McShane","Kevin Kolb","Phi"," QB",18,0,1,18
197,2011,"Hartman","Kevin Kolb","Ari"," QB",18,0,2,18
424,2012,"Harrington","Kevin Kolb","Ari"," QB",3,0,3,3
442,2012,"Higdon","Kevin Smith","Det"," RB",12,0,1,12
890,2014,"Thieneman","Khiry Robinson","NO"," RB",1,0,1,1
777,2014,"Hartman","Kirk Cousins","Wsh"," QB",3,0,1,3
1067,2015,"McShane","Kirk Cousins","Wsh"," QB",6,0,2,6
796,2014,"Kane","Knile Davis","KC"," RB",1,0,1,1
1086,2015,"Thieneman","Knile Davis","KC"," RB",1,0,2,1
100,2010,"McShane","Knowshon Moreno","Den"," RB",26,0,1,26
330,2011,"Matovina","Knowshon Moreno","Den"," RB",30,0,2,30
652,2013,"Regan","Knowshon Moreno","Mia"," RB",5,0,3,5
841,2014,"Regan","Knowshon Moreno","Mia"," RB",3,0,4,3
135,2010,"Matovina","Kyle Orton","Den"," QB",1,0,1,1
325,2011,"Matovina","Kyle Orton","KC"," QB",10,0,2,10
523,2012,"Matovina","Kyle Rudolph","Min"," TE",2,0,1,2
679,2013,"McShane","Kyle Rudolph","Min"," TE",16,0,2,16
853,2014,"Shokunbi","Kyle Rudolph","Min"," TE",13,0,3,13
1034,2015,"Regan","Kyle Rudolph","Min"," TE",1,0,4,1
36,2010,"Harrington","LaDainian Tomlinson","NYJ"," RB",8,0,1,8
268,2011,"Regan","LaDainian Tomlinson","NYJ"," RB",2,0,2,2
583,2013,"Hartman","Lamar Miller","Mia"," RB",23,0,1,23
938,2014,"Skrzyskewski","Lamar Miller","Mia"," RB",2,0,2,2
1028,2015,"Regan","Lamar Miller","Mia"," RB",65,0,3,65
233,2011,"Harrington","Lance Moore","NO"," WR",4,0,1,4
407,2012,"Kane","Lance Moore","NO"," WR",15,0,2,15
637,2013,"Higdon","Lance Moore","Pit"," WR",7,0,3,7
1112,2015,"Ready","Larry Donnell","NYG"," TE",1,0,1,1
49,2010,"Higdon","Larry Fitzgerald","Ari"," WR",65,0,1,65
196,2011,"Hartman","Larry Fitzgerald","Ari"," WR",92,0,2,92
516,2012,"Matovina","Larry Fitzgerald","Ari"," WR",65,0,3,65
693,2013,"Thieneman","Larry Fitzgerald","Ari"," WR",44,0,4,44
820,2014,"Higdon","Larry Fitzgerald","Ari"," WR",46,0,5,46
1000,2015,"Harrington","Larry Fitzgerald","Ari"," WR",10,0,6,10
1137,2015,"Olson","Latavius Murray","Oak"," RB",7,1,1,7
121,2010,"Thieneman","Laurence Maroney","Den"," RB",7,0,1,7
414,2012,"Kane","Laurent Robinson","Jac"," WR",1,0,1,1
144,2010,"Matovina","Lawrence Tynes","NYG"," K",1,0,1,1
42,2010,"Harrington","Lee Evans","Buf"," WR",6,0,1,6
284,2011,"Shokunbi","Lee Evans","Bal"," WR",6,0,2,6
279,2011,"Shokunbi","LeGarrette Blount","TB"," RB",35,0,1,35
474,2012,"Shokunbi","LeGarrette Blount","TB"," RB",2,0,2,2
910,2014,"Matovina","LeGarrette Blount","Pit"," RB",1,0,3,1
1003,2015,"Harrington","LeGarrette Blount","NE"," RB",11,0,4,11
476,2012,"Shokunbi","Leonard Hankerson","Wsh"," WR",1,0,1,1
43,2010,"Harrington","Leon Washington","Sea"," RB",2,0,1,2
150,2010,"Ready","LeSean McCoy","Phi"," RB",28,0,1,28
338,2011,"Ready","LeSean McCoy","Phi"," RB",35,1,2,35
529,2012,"Ready","LeSean McCoy","Phi"," RB",42,1,3,42
721,2013,"Ready","LeSean McCoy","Phi"," RB",49,1,4,49
913,2014,"Ready","LeSean McCoy","Phi"," RB",56,1,5,56
1105,2015,"Ready","LeSean McCoy","Buf"," RB",63,1,6,63
649,2013,"Regan","Le Veon Bell","Pit"," RB",6,0,1,6
769,2014,"Hartman","Le'Veon Bell","Pit"," RB",13,1,1,13
961,2015,"Hartman","Le'Veon Bell","Pit"," RB",20,1,2,20
355,2011,"Skrzyskewski","Lions Coach","Det"," HC",1,0,1,1
560,2012,"Skrzyskewski","Lions Coach","Det"," HC",22,0,2,22
928,2014,"Ready","Lions Coach HC","Lions ","HC",1,0,1,1
1120,2015,"Ready","Lions Coach HC","Lions ","HC",1,0,2,1
350,2011,"Ready","Lions D/ST","Det"," D/",7,0,1,7
526,2012,"Matovina","Lions D/ST","Det"," D/",2,0,2,2
225,2011,"Harrington","Malcom Floyd","SD"," WR",7,1,1,7
439,2012,"Higdon","Malcom Floyd","SD"," WR",9,0,2,9
711,2013,"Matovina","Malcom Floyd","SD"," WR",2,0,3,2
1114,2015,"Ready","Malcom Floyd","SD"," WR",1,0,4,1
250,2011,"Higdon","Marcedes Lewis","Jac"," TE",7,0,1,7
1144,2015,"Olson","Marcus Mariota","Ten"," QB",26,0,1,26
134,2010,"Matovina","Mario Manningham","NYG"," WR",1,0,1,1
359,2011,"Skrzyskewski","Mario Manningham","NYG"," WR",40,0,2,40
573,2012,"Olson","Mario Manningham","SF"," WR",2,0,3,2
183,2010,"Olson","Marion Barber","Dal"," RB",11,0,1,11
218,2011,"Kane","Mark Ingram","NO"," RB",23,0,1,23
462,2012,"Regan","Mark Ingram","NO"," RB",8,0,2,8
667,2013,"Shokunbi","Mark Ingram","NO"," RB",6,0,3,6
909,2014,"Matovina","Mark Ingram","NO"," RB",1,0,4,1
1077,2015,"Thieneman","Mark Ingram","NO"," RB",35,0,5,35
159,2010,"Ready","Mark Sanchez","NYJ"," QB",2,0,1,2
299,2011,"McShane","Mark Sanchez","NYJ"," QB",12,0,2,12
954,2014,"Olson","Markus Wheaton","Pit"," WR",1,0,1,1
924,2014,"Ready","Marqise Lee","Jac"," WR",1,0,1,1
164,2010,"Skrzyskewski","Marques Colston","NO"," WR",30,0,1,30
261,2011,"Regan","Marques Colston","NO"," WR",28,0,2,28
534,2012,"Ready","Marques Colston","NO"," WR",35,0,3,35
676,2013,"McShane","Marques Colston","NO"," WR",36,0,4,36
918,2014,"Ready","Marques Colston","NO"," WR",8,0,5,8
1064,2015,"McShane","Marques Colston","NO"," WR",5,0,6,5
265,2011,"Regan","Marshawn Lynch","Sea"," RB",20,0,1,20
434,2012,"Higdon","Marshawn Lynch","Sea"," RB",30,1,2,27
626,2013,"Higdon","Marshawn Lynch","Sea"," RB",37,1,3,34
897,2014,"Matovina","Marshawn Lynch","Sea"," RB",64,1,4,41
1089,2015,"Matovina","Marshawn Lynch","Sea"," RB",48,1,5,48
1131,2015,"Skrzyskewski","Martavis Bryant","Pit"," WR",10,0,1,10
685,2013,"McShane","Martellus Bennett","Chi"," TE",1,0,1,1
956,2014,"Olson","Martellus Bennett","Chi"," TE",1,0,2,1
1132,2015,"Skrzyskewski","Martellus Bennett","Chi"," TE",14,0,3,14
1053,2015,"Shokunbi","Marvin Jones","Cin"," WR",4,0,1,4
75,2010,"Regan","Mason Crosby","GB"," K",1,0,1,1
267,2011,"Regan","Mason Crosby","GB"," K",1,0,2,1
457,2012,"Regan","Mason Crosby","GB"," K",2,0,3,2
781,2014,"Hartman","Mason Crosby","GB"," K",1,0,4,1
974,2015,"Hartman","Mason Crosby","GB"," K",1,0,5,1
382,2011,"Olson","Matt Bryant","Atl"," K",1,0,1,1
415,2012,"Kane","Matt Bryant","Atl"," K",1,0,2,1
729,2013,"Ready","Matt Bryant","Atl"," K",1,0,3,1
846,2014,"Regan","Matt Bryant","Atl"," K",1,0,4,1
987,2015,"Kane","Matt Bryant","Atl"," K",2,0,5,2
138,2010,"Matovina","Matt Cassel","KC"," QB",1,0,1,1
322,2011,"Matovina","Matt Cassel","KC"," QB",1,1,2,8
553,2012,"Skrzyskewski","Matt Cassel","KC"," QB",6,0,3,6
118,2010,"Thieneman","Matt Forte","Chi"," RB",22,0,1,22
292,2011,"McShane","Matt Forte","Chi"," RB",41,0,2,41
481,2012,"McShane","Matt Forte","Chi"," RB",48,1,3,48
611,2013,"Harrington","Matt Forte","Chi"," RB",62,0,4,62
947,2014,"Olson","Matt Forte","Chi"," RB",84,0,5,84
1092,2015,"Matovina","Matt Forte","Chi"," RB",68,0,6,68
207,2011,"Hartman","Matt Hasselbeck","Ten"," QB",3,0,1,3
44,2010,"Harrington","Matthew Stafford","Det"," QB",4,0,1,4
283,2011,"Shokunbi","Matthew Stafford","Det"," QB",33,0,2,33
466,2012,"Shokunbi","Matthew Stafford","Det"," QB",40,1,3,40
680,2013,"McShane","Matthew Stafford","Det"," QB",88,0,4,88
851,2014,"Shokunbi","Matthew Stafford","Det"," QB",75,0,5,75
1044,2015,"Shokunbi","Matthew Stafford","Det"," QB",71,0,6,71
12,2010,"Hartman","Matt Leinart","Hou"," QB",1,0,1,1
29,2010,"Kane","Matt Prater","Den"," K",1,0,1,1
473,2012,"Shokunbi","Matt Prater","Den"," K",1,0,2,1
766,2013,"Olson","Matt Prater","Den"," K",1,0,3,1
906,2014,"Matovina","Matt Prater","Den"," K",5,0,4,5
1075,2015,"Thieneman","Matt Prater","Det"," K",3,0,5,3
27,2010,"Kane","Matt Ryan","Atl"," QB",16,0,1,16
209,2011,"Kane","Matt Ryan","Atl"," QB",23,1,2,23
484,2012,"McShane","Matt Ryan","Atl"," QB",71,0,3,71
627,2013,"Higdon","Matt Ryan","Atl"," QB",75,0,4,75
934,2014,"Skrzyskewski","Matt Ryan","Atl"," QB",58,0,5,58
1141,2015,"Olson","Matt Ryan","Atl"," QB",61,0,6,61
180,2010,"Olson","Matt Schaub","Hou"," QB",36,0,1,36
245,2011,"Higdon","Matt Schaub","Hou"," QB",64,0,2,64
437,2012,"Higdon","Matt Schaub","Hou"," QB",35,0,3,35
671,2013,"Shokunbi","Matt Schaub","Oak"," QB",18,0,4,18
65,2010,"Regan","Maurice Jones-Drew","Jac"," RB",105,0,1,105
308,2011,"Thieneman","Maurice Jones-Drew","Jac"," RB",79,0,2,79
498,2012,"Thieneman","Maurice Jones-Drew","Jac"," RB",86,1,3,86
740,2013,"Skrzyskewski","Maurice Jones-Drew","Oak"," RB",64,0,4,64
794,2014,"Kane","Maurice Jones-Drew","Oak"," RB",1,0,5,1
1125,2015,"Skrzyskewski","Melvin Gordon","SD"," RB",36,0,1,36
61,2010,"Higdon","Michael Bush","Oak"," RB",2,0,1,2
366,2011,"Skrzyskewski","Michael Bush","Oak"," RB",10,0,2,10
490,2012,"McShane","Michael Bush","Chi"," RB",11,0,3,11
87,2010,"Shokunbi","Michael Crabtree","SF"," WR",21,0,1,21
217,2011,"Kane","Michael Crabtree","SF"," WR",15,0,2,15
520,2012,"Matovina","Michael Crabtree","SF"," WR",7,0,3,7
838,2014,"Regan","Michael Crabtree","SF"," WR",31,0,4,31
1118,2015,"Ready","Michael Crabtree","Oak"," WR",1,0,5,1
747,2013,"Skrzyskewski","Michael Floyd","Ari"," WR",1,0,1,1
872,2014,"McShane","Michael Floyd","Ari"," WR",17,0,2,17
985,2015,"Kane","Michael Floyd","Ari"," WR",4,0,3,4
145,2010,"Ready","Michael Turner","Atl"," RB",81,0,1,81
229,2011,"Harrington","Michael Turner","Atl"," RB",72,0,2,72
404,2012,"Kane","Michael Turner","Atl"," RB",30,0,3,30
7,2010,"Hartman","Michael Vick","Phi"," QB",1,0,1,1
193,2011,"Hartman","Michael Vick","Phi"," QB",8,1,2,8
385,2012,"Hartman","Michael Vick","Phi"," QB",15,1,3,15
577,2013,"Hartman","Michael Vick","NYJ"," QB",22,1,4,22
775,2014,"Hartman","Michael Vick","NYJ"," QB",3,0,5,3
832,2014,"Higdon","Mike Evans","TB"," WR",5,0,1,5
1026,2015,"Regan","Mike Evans","TB"," WR",12,1,2,12
4,2010,"Hartman","Mike Nugent","Cin"," K",1,0,1,1
53,2010,"Higdon","Mike Sims-Walker","Jac"," WR",25,0,1,25
347,2011,"Ready","Mike Sims-Walker","FA"," WR",5,0,2,5
361,2011,"Skrzyskewski","Mike Thomas","Jac"," WR",20,0,1,20
5,2010,"Hartman","Mike Tolbert","SD"," RB",1,0,1,1
255,2011,"Higdon","Mike Tolbert","SD"," RB",18,0,2,18
511,2012,"Thieneman","Mike Tolbert","Car"," RB",1,0,3,1
167,2010,"Skrzyskewski","Mike Wallace","Pit"," WR",22,0,1,22
274,2011,"Shokunbi","Mike Wallace","Pit"," WR",22,1,2,29
388,2012,"Hartman","Mike Wallace","Pit"," WR",46,0,3,46
582,2013,"Hartman","Mike Wallace","Mia"," WR",31,0,4,31
876,2014,"McShane","Mike Wallace","Mia"," WR",13,0,5,13
1048,2015,"Shokunbi","Mike Wallace","Min"," WR",22,0,6,22
78,2010,"Regan","Mike Williams","TB"," WR",1,0,1,1
258,2011,"Regan","Mike Williams","TB"," WR",8,1,2,8
319,2011,"Thieneman","Mike Williams","Sea"," WR",1,0,3,1
540,2012,"Ready","Mike Williams","TB"," WR",1,0,4,1
746,2013,"Skrzyskewski","Mike Williams","Buf"," WR",8,0,5,8
18,2010,"Kane","Miles Austin","Dal"," WR",48,0,1,48
375,2011,"Olson","Miles Austin","Dal"," WR",39,0,2,39
469,2012,"Shokunbi","Miles Austin","Dal"," WR",28,0,3,28
664,2013,"Shokunbi","Miles Austin","Dal"," WR",16,0,4,16
74,2010,"Regan","Mohamed Massaquoi","Cle"," WR",1,0,1,1
13,2010,"Hartman","Montario Hardesty","Cle"," RB",1,0,1,1
315,2011,"Thieneman","Montario Hardesty","Cle"," RB",2,0,2,2
663,2013,"Shokunbi","Montee Ball","Den"," RB",25,0,1,25
850,2014,"Shokunbi","Montee Ball","Den"," RB",32,1,2,32
270,2011,"Regan","Nate Burleson","Det"," WR",3,0,1,3
509,2012,"Thieneman","Nate Burleson","Det"," WR",1,0,2,1
93,2010,"Shokunbi","Nate Kaeding","SD"," K",3,0,1,3
275,2011,"Shokunbi","Nate Kaeding","SD"," K",1,0,2,1
489,2012,"McShane","Nate Washington","Ten"," WR",18,0,1,18
719,2013,"Matovina","Nate Washington","Ten"," WR",1,0,2,1
45,2010,"Harrington","Neil Rackers","Hou"," K",2,0,1,2
243,2011,"Higdon","Neil Rackers","Hou"," K",2,0,2,2
983,2015,"Kane","Nelson Agholor","Phi"," WR",21,0,1,21
588,2013,"Hartman","Nick Foles","Phi"," QB",3,0,1,3
786,2014,"Kane","Nick Foles","Phi"," QB",10,1,2,10
1049,2015,"Shokunbi","Nick Foles","StL"," QB",15,0,3,15
320,2011,"Thieneman","Nick Folk","NYJ"," K",1,0,1,1
957,2014,"Olson","Nick Novak","SD"," K",1,0,1,1
994,2015,"Harrington","Odell Beckham Jr.","NYG"," WR",7,1,1,7
172,2010,"Skrzyskewski","Owen Daniels","Hou"," TE",11,0,1,11
200,2011,"Hartman","Owen Daniels","Hou"," TE",10,0,2,10
491,2012,"McShane","Owen Daniels","Hou"," TE",5,0,3,5
584,2013,"Hartman","Owen Daniels","Bal"," TE",7,0,4,7
1065,2015,"McShane","Owen Daniels","Den"," TE",2,0,5,2
77,2010,"Regan","Packers Coach","GB"," HC",4,0,1,4
259,2011,"Regan","Packers Coach","GB"," HC",3,0,2,3
464,2012,"Regan","Packers Coach","GB"," HC",3,0,3,3
653,2013,"Regan","Packers Coach HC","Packers ","HC",1,0,1,1
847,2014,"Regan","Packers Coach HC","Packers ","HC",1,0,2,1
1008,2015,"Harrington","Packers Coach HC","Packers ","HC",2,0,3,2
69,2010,"Regan","Packers D/ST","GB"," D/",7,0,1,7
199,2011,"Hartman","Packers D/ST","GB"," D/",5,0,2,5
495,2012,"McShane","Packers D/ST","GB"," D/",2,0,3,2
750,2013,"Skrzyskewski","Packers D/ST D/ST","Packers ","D/ST",1,0,1,1
1119,2015,"Ready","Packers D/ST D/ST","Packers ","D/ST",1,0,2,1
32,2010,"Kane","Panthers Coach","Car"," HC",1,0,1,1
827,2014,"Higdon","Panthers D/ST D/ST","Panthers ","D/ST",5,0,1,5
124,2010,"Thieneman","Patriots Coach","NE"," HC",3,0,1,3
306,2011,"Thieneman","Patriots Coach","NE"," HC",3,1,2,10
496,2012,"McShane","Patriots Coach","NE"," HC",1,0,3,1
640,2013,"Higdon","Patriots Coach HC","Patriots ","HC",1,0,1,1
831,2014,"Higdon","Patriots Coach HC","Patriots ","HC",14,0,2,14
1056,2015,"Shokunbi","Patriots Coach HC","Patriots ","HC",15,0,3,15
237,2011,"Harrington","Patriots D/ST","NE"," D/",1,0,1,1
617,2013,"Harrington","Patriots D/ST D/ST","Patriots ","D/ST",2,0,1,2
959,2014,"Olson","Patriots D/ST D/ST","Patriots ","D/ST",1,0,2,1
988,2015,"Kane","Patriots D/ST D/ST","Patriots ","D/ST",1,0,3,1
6,2010,"Hartman","Pat White","FA"," QB",1,0,1,1
24,2010,"Kane","Percy Harvin","Min"," WR",16,0,1,16
230,2011,"Harrington","Percy Harvin","Min"," WR",26,0,2,26
500,2012,"Thieneman","Percy Harvin","Min"," WR",27,0,3,27
902,2014,"Matovina","Percy Harvin","Sea"," WR",20,0,4,20
194,2011,"Hartman","Peyton Hillis","Cle"," RB",7,1,1,7
555,2012,"Skrzyskewski","Peyton Hillis","KC"," RB",8,0,2,8
50,2010,"Higdon","Peyton Manning","Ind"," QB",77,0,1,77
307,2011,"Thieneman","Peyton Manning","Ind"," QB",72,0,2,72
402,2012,"Kane","Peyton Manning","Den"," QB",63,0,3,63
593,2013,"Kane","Peyton Manning","Den"," QB",80,1,4,70
772,2014,"Hartman","Peyton Manning","Den"," QB",103,0,5,103
963,2015,"Hartman","Peyton Manning","Den"," QB",85,0,6,85
713,2013,"Matovina","Phil Dawson","SF"," K",3,0,1,3
894,2014,"Thieneman","Phil Dawson","SF"," K",1,0,2,1
149,2010,"Ready","Philip Rivers","SD"," QB",34,0,1,34
244,2011,"Higdon","Philip Rivers","SD"," QB",68,0,2,68
403,2012,"Kane","Philip Rivers","SD"," QB",72,0,3,72
697,2013,"Thieneman","Philip Rivers","SD"," QB",18,0,4,18
821,2014,"Higdon","Philip Rivers","SD"," QB",42,0,5,42
1010,2015,"Higdon","Philip Rivers","SD"," QB",27,1,6,49
101,2010,"McShane","Pierre Garcon","Ind"," WR",20,0,1,20
251,2011,"Higdon","Pierre Garcon","Ind"," WR",18,0,2,18
519,2012,"Matovina","Pierre Garcon","Wsh"," WR",8,0,3,8
586,2013,"Hartman","Pierre Garcon","Wsh"," WR",13,0,4,13
792,2014,"Kane","Pierre Garcon","Wsh"," WR",26,0,5,26
972,2015,"Hartman","Pierre Garcon","Wsh"," WR",1,0,6,1
20,2010,"Kane","Pierre Thomas","NO"," RB",30,0,1,30
266,2011,"Regan","Pierre Thomas","NO"," RB",2,0,2,2
527,2012,"Matovina","Pierre Thomas","NO"," RB",1,0,3,1
888,2014,"Thieneman","Pierre Thomas","NO"," RB",2,0,4,2
313,2011,"Thieneman","Plaxico Burress","NYJ"," WR",26,0,1,26
735,2013,"Ready","Rams D/ST D/ST","Rams ","D/ST",1,0,1,1
813,2014,"Harrington","Rams D/ST D/ST","Rams ","D/ST",3,0,2,3
1001,2015,"Harrington","Rams D/ST D/ST","Rams ","D/ST",2,0,3,2
673,2013,"McShane","Randall Cobb","GB"," WR",7,1,1,7
865,2014,"McShane","Randall Cobb","GB"," WR",14,1,2,14
1057,2015,"McShane","Randall Cobb","GB"," WR",21,1,3,21
622,2013,"Harrington","Randy Bullock","Hou"," K",1,0,1,1
130,2010,"Matovina","Randy Moss","Ten"," WR",79,0,1,79
510,2012,"Thieneman","Randy Moss","SF"," WR",1,0,2,1
288,2011,"Shokunbi","Rashad Jennings","Jac"," RB",1,0,1,1
840,2014,"Regan","Rashad Jennings","NYG"," RB",22,0,2,22
1031,2015,"Regan","Rashad Jennings","NYG"," RB",28,0,3,28
161,2010,"Skrzyskewski","Rashard Mendenhall","Pit"," RB",52,0,1,52
324,2011,"Matovina","Rashard Mendenhall","Pit"," RB",72,0,2,72
636,2013,"Higdon","Rashard Mendenhall","Ari"," RB",13,0,3,13
47,2010,"Harrington","Ravens Coach","Bal"," HC",1,0,1,1
541,2012,"Ready","Ravens Coach","Bal"," HC",2,0,2,2
608,2013,"Kane","Ravens Coach HC","Ravens ","HC",1,0,1,1
1088,2015,"Thieneman","Ravens Coach HC","Ravens ","HC",1,0,2,1
95,2010,"Shokunbi","Ravens D/ST","Bal"," D/",5,0,1,5
280,2011,"Shokunbi","Ravens D/ST","Bal"," D/",2,0,2,2
444,2012,"Higdon","Ravens D/ST","Bal"," D/",7,0,3,7
686,2013,"McShane","Ravens D/ST D/ST","Ravens ","D/ST",1,0,1,1
926,2014,"Ready","Ravens D/ST D/ST","Ravens ","D/ST",1,0,2,1
1147,2015,"Olson","Ravens D/ST D/ST","Ravens ","D/ST",1,0,3,1
97,2010,"McShane","Ray Rice","Bal"," RB",94,0,1,94
372,2011,"Olson","Ray Rice","Bal"," RB",99,0,2,99
387,2012,"Hartman","Ray Rice","Bal"," RB",107,0,3,107
579,2013,"Hartman","Ray Rice","Bal"," RB",76,0,4,76
887,2014,"Thieneman","Ray Rice","Bal"," RB",15,0,5,15
176,2010,"Skrzyskewski","Redskins Coach","Was"," HC",1,0,1,1
123,2010,"Thieneman","Reggie Bush","NO"," RB",11,0,1,11
346,2011,"Ready","Reggie Bush","Mia"," RB",2,0,2,2
455,2012,"Regan","Reggie Bush","Mia"," RB",11,0,3,11
742,2013,"Skrzyskewski","Reggie Bush","Det"," RB",37,0,4,37
819,2014,"Higdon","Reggie Bush","Det"," RB",43,0,5,43
35,2010,"Harrington","Reggie Wayne","Ind"," WR",59,0,1,59
329,2011,"Matovina","Reggie Wayne","Ind"," WR",51,0,2,51
441,2012,"Higdon","Reggie Wayne","Ind"," WR",9,0,3,9
596,2013,"Kane","Reggie Wayne","Ind"," WR",25,0,4,25
811,2014,"Harrington","Reggie Wayne","Ind"," WR",9,0,5,9
120,2010,"Thieneman","Ricky Williams","Mia"," RB",21,0,1,21
317,2011,"Thieneman","Ricky Williams","Bal"," RB",1,0,2,1
778,2014,"Hartman","Riley Cooper","Phi"," WR",8,0,1,8
110,2010,"McShane","Robbie Gould","Chi"," K",1,0,1,1
395,2012,"Hartman","Robbie Gould","Chi"," K",1,0,2,1
927,2014,"Ready","Robbie Gould","Chi"," K",1,0,3,1
188,2010,"Olson","Rob Bironas","Ten"," K",2,0,1,2
331,2011,"Matovina","Rob Bironas","Ten"," K",7,0,2,7
494,2012,"McShane","Rob Bironas","Ten"," K",1,0,3,1
533,2012,"Ready","Robert Griffin III","Wsh"," QB",29,0,1,29
580,2013,"Hartman","Robert Griffin III","Wsh"," QB",45,0,2,45
771,2014,"Hartman","Robert Griffin III","Wsh"," QB",50,0,3,50
38,2010,"Harrington","Robert Meachem","NO"," WR",11,0,1,11
334,2011,"Matovina","Robert Meachem","NO"," WR",7,0,2,7
486,2012,"McShane","Robert Meachem","SD"," WR",15,0,3,15
236,2011,"Harrington","Rob Gronkowski","NE"," TE",1,0,1,1
418,2012,"Harrington","Rob Gronkowski","NE"," TE",8,1,2,8
610,2013,"Harrington","Rob Gronkowski","NE"," TE",15,1,3,15
899,2014,"Matovina","Rob Gronkowski","NE"," TE",41,0,4,41
1090,2015,"Matovina","Rob Gronkowski","NE"," TE",48,1,5,48
99,2010,"McShane","Roddy White","Atl"," WR",43,0,1,43
356,2011,"Skrzyskewski","Roddy White","Atl"," WR",60,0,2,60
547,2012,"Skrzyskewski","Roddy White","Atl"," WR",57,0,3,57
675,2013,"McShane","Roddy White","Atl"," WR",51,0,4,51
917,2014,"Ready","Roddy White","Atl"," WR",36,0,5,36
1071,2015,"McShane","Roddy White","Atl"," WR",3,0,6,3
165,2010,"Skrzyskewski","Ronnie Brown","Mia"," RB",19,0,1,19
272,2011,"Regan","Ronnie Brown","Phi"," RB",1,0,2,1
700,2013,"Thieneman","Ronnie Hillman","Den"," RB",1,0,1,1
991,2015,"Kane","Ronnie Hillman","Den"," RB",1,0,2,1
397,2012,"Hartman","Royce Adams","NYJ"," WR",1,0,1,1
422,2012,"Harrington","Roy Helu","Wsh"," RB",8,0,1,8
621,2013,"Harrington","Roy Helu","Wsh"," RB",1,0,2,1
925,2014,"Ready","Roy Helu","Wsh"," RB",1,0,3,1
332,2011,"Matovina","Roy Williams","Chi"," WR",6,0,1,6
538,2012,"Ready","Rueben Randle","NYG"," WR",2,0,1,2
734,2013,"Ready","Rueben Randle","NYG"," WR",2,0,2,2
830,2014,"Higdon","Rueben Randle","NYG"," WR",1,0,3,1
1100,2015,"Matovina","Rueben Randle","NYG"," WR",1,0,4,1
477,2012,"Shokunbi","Russell Wilson","Sea"," QB",1,0,1,1
738,2013,"Skrzyskewski","Russell Wilson","Sea"," QB",5,1,2,8
929,2014,"Skrzyskewski","Russell Wilson","Sea"," QB",12,1,3,15
1121,2015,"Skrzyskewski","Russell Wilson","Sea"," QB",22,1,4,22
749,2013,"Skrzyskewski","Ryan Broyles","Det"," WR",2,0,1,2
376,2011,"Olson","Ryan Fitzpatrick","Buf"," QB",2,0,1,2
535,2012,"Ready","Ryan Fitzpatrick","Buf"," QB",6,0,2,6
873,2014,"McShane","Ryan Fitzpatrick","Hou"," QB",16,0,3,16
1022,2015,"Higdon","Ryan Fitzpatrick","NYJ"," QB",2,0,4,2
178,2010,"Olson","Ryan Grant","GB"," RB",49,0,1,49
285,2011,"Shokunbi","Ryan Grant","GB"," RB",20,0,2,20
60,2010,"Higdon","Ryan Longwell","Min"," K",2,0,1,2
57,2010,"Higdon","Ryan Mathews","SD"," RB",21,0,1,21
262,2011,"Regan","Ryan Mathews","SD"," RB",25,0,2,25
401,2012,"Kane","Ryan Mathews","SD"," RB",35,0,3,35
744,2013,"Skrzyskewski","Ryan Mathews","SD"," RB",10,0,4,10
867,2014,"McShane","Ryan Mathews","SD"," RB",30,0,5,30
1004,2015,"Harrington","Ryan Mathews","Phi"," RB",6,0,6,6
760,2013,"Olson","Ryan Tannehill","Mia"," QB",9,0,1,9
945,2014,"Olson","Ryan Tannehill","Mia"," QB",16,1,2,16
1124,2015,"Skrzyskewski","Ryan Tannehill","Mia"," QB",45,0,3,45
303,2011,"McShane","Ryan Torain","Wsh"," RB",4,0,1,4
64,2010,"Higdon","Saints Coach","NO"," HC",8,0,1,8
228,2011,"Harrington","Saints Coach","NO"," HC",1,0,2,1
446,2012,"Higdon","Saints Coach","NO"," HC",3,0,3,3
688,2013,"McShane","Saints Coach HC","Saints ","HC",1,0,1,1
943,2014,"Skrzyskewski","Saints Coach HC","Saints ","HC",1,0,2,1
174,2010,"Skrzyskewski","Saints D/ST","NO"," D/",1,0,1,1
222,2011,"Kane","Saints D/ST","NO"," D/",1,0,2,1
848,2014,"Regan","Saints D/ST D/ST","Saints ","D/ST",1,0,1,1
111,2010,"McShane","Sam Bradford","StL"," QB",1,0,1,1
290,2011,"McShane","Sam Bradford","StL"," QB",1,1,2,8
459,2012,"Regan","Sam Bradford","StL"," QB",15,0,3,15
630,2013,"Higdon","Sam Bradford","StL"," QB",17,0,4,17
965,2015,"Hartman","Sam Bradford","Phi"," QB",30,0,5,30
128,2010,"Thieneman","Sammy Morris","NE"," RB",1,0,1,1
793,2014,"Kane","Sammy Watkins","Buf"," WR",16,0,1,16
1018,2015,"Higdon","Sammy Watkins","Buf"," WR",22,0,2,22
85,2010,"Shokunbi","Santana Moss","Was"," WR",14,0,1,14
204,2011,"Hartman","Santana Moss","Wsh"," WR",12,0,2,12
68,2010,"Regan","Santonio Holmes","NYJ"," WR",13,0,1,13
373,2011,"Olson","Santonio Holmes","NYJ"," WR",23,0,2,23
554,2012,"Skrzyskewski","Santonio Holmes","NYJ"," WR",9,0,3,9
672,2013,"Shokunbi","Seahawks Coach HC","Seahawks ","HC",1,0,1,1
784,2014,"Hartman","Seahawks Coach HC","Seahawks ","HC",1,0,2,1
1059,2015,"McShane","Seahawks Coach HC","Seahawks ","HC",1,0,3,1
410,2012,"Kane","Seahawks D/ST","Sea"," D/",3,0,1,3
581,2013,"Hartman","Seahawks D/ST D/ST","Seahawks ","D/ST",10,0,1,10
774,2014,"Hartman","Seahawks D/ST D/ST","Seahawks ","D/ST",7,0,2,7
1014,2015,"Higdon","Seahawks D/ST D/ST","Seahawks ","D/ST",6,0,3,6
503,2012,"Thieneman","Sebastian Janikowski","Oak"," K",6,0,1,6
687,2013,"McShane","Sebastian Janikowski","Oak"," K",1,0,2,1
411,2012,"Kane","Shane Vereen","NE"," RB",3,0,1,3
698,2013,"Thieneman","Shane Vereen","NE"," RB",15,0,2,15
882,2014,"Thieneman","Shane Vereen","NE"," RB",22,1,3,22
1037,2015,"Regan","Shane Vereen","NYG"," RB",2,0,4,2
922,2014,"Ready","Shaun Hill","StL"," QB",1,0,1,1
34,2010,"Harrington","Shonn Greene","NYJ"," RB",55,0,1,55
206,2011,"Hartman","Shonn Greene","NYJ"," RB",44,0,2,44
458,2012,"Regan","Shonn Greene","NYJ"," RB",21,0,3,21
731,2013,"Ready","Shonn Greene","Ten"," RB",2,0,4,2
907,2014,"Matovina","Shonn Greene","Ten"," RB",1,0,5,1
114,2010,"Thieneman","Sidney Rice","Min"," WR",37,0,1,37
343,2011,"Ready","Sidney Rice","Sea"," WR",13,0,2,13
409,2012,"Kane","Sidney Rice","Sea"," WR",10,0,3,10
648,2013,"Regan","Sidney Rice","Sea"," WR",15,0,4,15
291,2011,"McShane","Steelers Coach","Pit"," HC",15,0,1,15
512,2012,"Thieneman","Steelers Coach","Pit"," HC",1,0,2,1
701,2013,"Thieneman","Steelers Coach HC","Steelers ","HC",1,0,1,1
125,2010,"Thieneman","Steelers D/ST","Pit"," D/",3,0,1,3
249,2011,"Higdon","Steelers D/ST","Pit"," D/",7,0,2,7
461,2012,"Regan","Steelers D/ST","Pit"," D/",10,0,3,10
606,2013,"Kane","Steelers D/ST D/ST","Steelers ","D/ST",1,0,1,1
28,2010,"Kane","Stephen Gostkowski","NE"," K",2,0,1,2
208,2011,"Hartman","Stephen Gostkowski","NE"," K",12,0,2,12
440,2012,"Higdon","Stephen Gostkowski","NE"," K",2,0,3,2
659,2013,"Shokunbi","Stephen Gostkowski","NE"," K",3,0,4,3
879,2014,"McShane","Stephen Gostkowski","NE"," K",10,0,5,10
1052,2015,"Shokunbi","Stephen Gostkowski","NE"," K",7,0,6,7
454,2012,"Regan","Stevan Ridley","NE"," RB",16,0,1,16
614,2013,"Harrington","Stevan Ridley","NE"," RB",69,0,2,69
877,2014,"McShane","Stevan Ridley","NE"," RB",7,0,3,7
168,2010,"Skrzyskewski","Steve Breaston","Ari"," WR",11,0,1,11
281,2011,"Shokunbi","Steve Johnson","Buf"," WR",44,0,1,44
453,2012,"Regan","Steve Johnson","Buf"," WR",25,0,2,25
728,2013,"Ready","Steve Johnson","Buf"," WR",11,0,3,11
828,2014,"Higdon","Steven Hauschka","Sea"," K",2,0,1,2
1072,2015,"McShane","Steven Hauschka","Sea"," K",5,0,2,5
129,2010,"Matovina","Steven Jackson","StL"," RB",94,0,1,94
260,2011,"Regan","Steven Jackson","StL"," RB",52,0,2,52
548,2012,"Skrzyskewski","Steven Jackson","StL"," RB",66,0,3,66
613,2013,"Harrington","Steven Jackson","Atl"," RB",57,0,4,57
776,2014,"Hartman","Steven Jackson","Atl"," RB",12,0,5,12
8,2010,"Hartman","Steve Slaton","Hou"," RB",1,0,1,1
52,2010,"Higdon","Steve Smith","NYG"," WR",26,0,1,26
119,2010,"Thieneman","Steve Smith","Car"," WR",27,0,2,27
300,2011,"McShane","Steve Smith","Car"," WR",14,0,3,14
482,2012,"McShane","Steve Smith","Car"," WR",21,1,4,21
757,2013,"Olson","Steve Smith","Bal"," WR",23,0,5,23
891,2014,"Thieneman","Steve Smith","Bal"," WR",1,0,6,1
1020,2015,"Higdon","Steve Smith Sr.","Bal"," WR",8,0,1,8
175,2010,"Skrzyskewski","Tarvaris Jackson","Min"," QB",1,0,1,1
362,2011,"Skrzyskewski","Tarvaris Jackson","Sea"," QB",1,0,2,1
632,2013,"Higdon","Tavon Austin","StL"," WR",28,0,1,28
942,2014,"Skrzyskewski","Tavon Austin","StL"," WR",1,0,2,1
845,2014,"Regan","Teddy Bridgewater","Min"," QB",1,0,1,1
1076,2015,"Thieneman","Teddy Bridgewater","Min"," QB",35,0,2,35
941,2014,"Skrzyskewski","Terrance West","Cle"," RB",1,0,1,1
779,2014,"Hartman","Terrance Williams","Dal"," WR",6,0,1,6
90,2010,"Shokunbi","Terrell Owens","Cin"," WR",5,0,1,5
205,2011,"Hartman","Terrell Owens","FA"," WR",2,0,2,2
1082,2015,"Thieneman","Tevin Coleman","Atl"," RB",3,0,1,3
432,2012,"Harrington","Texans Coach","Hou"," HC",1,0,1,1
768,2013,"Olson","Texans Coach HC","Texans ","HC",1,0,1,1
1104,2015,"Matovina","Texans Coach HC","Texans ","HC",1,0,2,1
16,2010,"Hartman","Texans D/ST","Hou"," D/",1,0,1,1
443,2012,"Higdon","Texans D/ST","Hou"," D/",6,0,2,6
629,2013,"Higdon","Texans D/ST D/ST","Texans ","D/ST",6,0,1,6
1080,2015,"Thieneman","Texans D/ST D/ST","Texans ","D/ST",6,0,2,6
152,2010,"Ready","Thomas Jones","KC"," RB",11,0,1,11
271,2011,"Regan","Thomas Jones","KC"," RB",2,0,2,2
336,2011,"Matovina","Tiki Barber","FA"," RB",4,0,1,4
14,2010,"Hartman","Tim Hightower","Ari"," RB",1,0,1,1
364,2011,"Skrzyskewski","Tim Hightower","Wsh"," RB",29,0,2,29
37,2010,"Harrington","Tim Tebow","Den"," QB",2,0,1,2
518,2012,"Matovina","Tim Tebow","NYJ"," QB",2,0,2,2
349,2011,"Ready","Titus Young","Det"," WR",2,0,1,2
493,2012,"McShane","Titus Young","Det"," WR",4,0,2,4
182,2010,"Olson","T.J. Houshmandzadeh","Bal"," WR",8,0,1,8
1045,2015,"Shokunbi","T.J. Yeldon","Jac"," RB",20,0,1,20
428,2012,"Harrington","Toby Gerhart","Min"," RB",7,0,1,7
871,2014,"McShane","Toby Gerhart","Jac"," RB",20,0,2,20
1143,2015,"Olson","Todd Gurley*","StL"," RB",13,0,1,13
1,2010,"Hartman","Tom Brady","NE"," QB",77,0,1,77
226,2011,"Harrington","Tom Brady","NE"," QB",84,1,2,84
419,2012,"Harrington","Tom Brady","NE"," QB",108,0,3,108
739,2013,"Skrzyskewski","Tom Brady","NE"," QB",93,0,4,93
852,2014,"Shokunbi","Tom Brady","NE"," QB",68,0,5,68
1061,2015,"McShane","Tom Brady","NE"," QB",87,0,6,87
56,2010,"Higdon","Tony Gonzalez","Atl"," TE",14,0,1,14
345,2011,"Ready","Tony Gonzalez","Atl"," TE",6,0,2,6
505,2012,"Thieneman","Tony Gonzalez","Atl"," TE",8,0,3,8
628,2013,"Higdon","Tony Gonzalez","Atl"," TE",20,0,4,20
82,2010,"Shokunbi","Tony Romo","Dal"," QB",39,0,1,39
276,2011,"Shokunbi","Tony Romo","Dal"," QB",40,0,2,40
467,2012,"Shokunbi","Tony Romo","Dal"," QB",48,0,3,48
645,2013,"Regan","Tony Romo","Dal"," QB",67,0,4,67
837,2014,"Regan","Tony Romo","Dal"," QB",64,0,5,64
1027,2015,"Regan","Tony Romo","Dal"," QB",70,0,6,70
546,2012,"Skrzyskewski","Torrey Smith","Bal"," WR",7,1,1,7
633,2013,"Higdon","Torrey Smith","Bal"," WR",31,0,2,31
950,2014,"Olson","Torrey Smith","Bal"," WR",25,0,3,25
1005,2015,"Harrington","Torrey Smith","SF"," WR",4,0,4,4
979,2015,"Kane","Travis Kelce","KC"," TE",17,0,1,17
971,2015,"Hartman","Tre Mason","StL"," RB",3,0,1,3
566,2012,"Olson","Trent Richardson","Cle"," RB",24,0,1,24
754,2013,"Olson","Trent Richardson","Ind"," RB",21,1,2,31
886,2014,"Thieneman","Trent Richardson","Ind"," RB",4,0,3,4
40,2010,"Harrington","Troy Williamson","FA"," WR",2,0,1,2
634,2013,"Higdon","T.Y. Hilton","Ind"," WR",7,0,1,7
855,2014,"Shokunbi","T.Y. Hilton","Ind"," WR",15,0,2,15
996,2015,"Harrington","T.Y. Hilton","Ind"," WR",57,0,3,57
1051,2015,"Shokunbi","Tyler Eifert","Cin"," TE",5,0,1,5
1050,2015,"Shokunbi","Tyrod Taylor","Buf"," QB",7,0,1,7
88,2010,"Shokunbi","Vernon Davis","SF"," TE",22,0,1,22
298,2011,"McShane","Vernon Davis","SF"," TE",17,0,2,17
436,2012,"Higdon","Vernon Davis","SF"," TE",24,0,3,24
598,2013,"Kane","Vernon Davis","SF"," TE",15,0,4,15
822,2014,"Higdon","Vernon Davis","SF"," TE",24,0,5,24
681,2013,"McShane","Vick Ballard","Ind"," RB",7,0,1,7
405,2012,"Kane","Victor Cruz","NYG"," WR",36,0,1,36
660,2013,"Shokunbi","Victor Cruz","NYG"," WR",36,0,2,36
789,2014,"Kane","Victor Cruz","NYG"," WR",42,0,3,42
1116,2015,"Ready","Victor Cruz","NYG"," WR",1,0,4,1
192,2010,"Olson","Vikings Coach","Min"," HC",1,0,1,1
156,2010,"Ready","Vikings D/ST","Min"," D/",2,0,1,2
1070,2015,"McShane","Vikings D/ST D/ST","Vikings ","D/ST",2,0,1,2
730,2013,"Ready","Vincent Brown","SD"," WR",2,0,1,2
181,2010,"Olson","Vincent Jackson","SD"," WR",29,0,1,29
294,2011,"McShane","Vincent Jackson","SD"," WR",55,0,2,55
506,2012,"Thieneman","Vincent Jackson","TB"," WR",26,0,3,26
741,2013,"Skrzyskewski","Vincent Jackson","TB"," WR",36,0,4,36
868,2014,"McShane","Vincent Jackson","TB"," WR",42,0,5,42
1094,2015,"Matovina","Vincent Jackson","TB"," WR",15,0,6,15
189,2010,"Olson","Vince Young","Ten"," QB",2,0,1,2
72,2010,"Regan","Visanthe Shiancoe","Min"," TE",11,0,1,11
113,2010,"Thieneman","Wes Welker","NE"," WR",26,0,1,26
305,2011,"Thieneman","Wes Welker","NE"," WR",26,1,2,33
497,2012,"Thieneman","Wes Welker","NE"," WR",40,1,3,40
615,2013,"Harrington","Wes Welker","Den"," WR",26,0,4,26
952,2014,"Olson","Wes Welker","Den"," WR",4,0,5,4
220,2011,"Kane","Willis McGahee","Den"," RB",1,0,1,1
551,2012,"Skrzyskewski","Willis McGahee","Den"," RB",23,0,2,23
998,2015,"Harrington","Zach Ertz","Phi"," TE",4,0,1,4
157,2010,"Ready","Zach Miller","Oak"," TE",2,0,1,2
301,2011,"McShane","Zach Miller","Sea"," TE",2,0,2,2
802,2014,"Harrington","Zac Stacy","StL"," RB",7,1,1,7
