"","year","owner","player","team","pos","value","keeper"
"1","2010","Hartman","Tom Brady","NE"," QB",77,0
"2","2010","Hartman","Andre Johnson","Hou"," WR",209,0
"3","2010","Hartman","Bengals Coach","Cin"," HC",1,0
"4","2010","Hartman","Mike Nugent","Cin"," K",1,0
"5","2010","Hartman","Mike Tolbert","SD"," RB",1,0
"6","2010","Hartman","Pat White","FA"," QB",1,0
"7","2010","Hartman","Michael Vick","Phi"," QB",1,0
"8","2010","Hartman","Steve Slaton","Hou"," RB",1,0
"9","2010","Hartman","Bernard Berrian","Min"," WR",1,0
"10","2010","Hartman","John Carlson","Sea"," TE",1,0
"11","2010","Hartman","Josh Morgan","SF"," WR",1,0
"12","2010","Hartman","Matt Leinart","Hou"," QB",1,0
"13","2010","Hartman","Montario Hardesty","Cle"," RB",1,0
"14","2010","Hartman","Tim Hightower","Ari"," RB",1,0
"15","2010","Hartman","Devery Henderson","NO"," WR",1,0
"16","2010","Hartman","Texans D/ST","Hou"," D/",1,0
"17","2010","Kane","Drew Brees","NO"," QB",78,0
"18","2010","Kane","Miles Austin","Dal"," WR",48,0
"19","2010","Kane","Jamaal Charles","KC"," RB",28,0
"20","2010","Kane","Pierre Thomas","NO"," RB",30,0
"21","2010","Kane","Jay Cutler","Chi"," QB",17,0
"22","2010","Kane","Dallas Clark","Ind"," TE",22,0
"23","2010","Kane","Johnny Knox","Chi"," WR",9,0
"24","2010","Kane","Percy Harvin","Min"," WR",16,0
"25","2010","Kane","Carson Palmer","Cin"," QB",6,0
"26","2010","Kane","Braylon Edwards","NYJ"," WR",9,0
"27","2010","Kane","Matt Ryan","Atl"," QB",16,0
"28","2010","Kane","Stephen Gostkowski","NE"," K",2,0
"29","2010","Kane","Matt Prater","Den"," K",1,0
"30","2010","Kane","Anthony Gonzalez","Ind"," WR",1,0
"31","2010","Kane","Bengals D/ST","Cin"," D/",1,0
"32","2010","Kane","Panthers Coach","Car"," HC",1,0
"33","2010","Harrington","Chris Johnson","Ten"," RB",114,0
"34","2010","Harrington","Shonn Greene","NYJ"," RB",55,0
"35","2010","Harrington","Reggie Wayne","Ind"," WR",59,0
"36","2010","Harrington","LaDainian Tomlinson","NYJ"," RB",8,0
"37","2010","Harrington","Tim Tebow","Den"," QB",2,0
"38","2010","Harrington","Robert Meachem","NO"," WR",11,0
"39","2010","Harrington","Donovan McNabb","Was"," QB",7,0
"40","2010","Harrington","Troy Williamson","FA"," WR",2,0
"41","2010","Harrington","Derrick Mason","Bal"," WR",7,0
"42","2010","Harrington","Lee Evans","Buf"," WR",6,0
"43","2010","Harrington","Leon Washington","Sea"," RB",2,0
"44","2010","Harrington","Matthew Stafford","Det"," QB",4,0
"45","2010","Harrington","Neil Rackers","Hou"," K",2,0
"46","2010","Harrington","Cowboys D/ST","Dal"," D/",2,0
"47","2010","Harrington","Ravens Coach","Bal"," HC",1,0
"48","2010","Harrington","Greg Olsen","Chi"," TE",2,0
"49","2010","Higdon","Larry Fitzgerald","Ari"," WR",65,0
"50","2010","Higdon","Peyton Manning","Ind"," QB",77,0
"51","2010","Higdon","Jason Campbell","Oak"," QB",6,0
"52","2010","Higdon","Steve Smith","NYG"," WR",26,0
"53","2010","Higdon","Mike Sims-Walker","Jac"," WR",25,0
"54","2010","Higdon","Justin Forsett","Sea"," RB",8,0
"55","2010","Higdon","Jets D/ST","NYJ"," D/",9,0
"56","2010","Higdon","Tony Gonzalez","Atl"," TE",14,0
"57","2010","Higdon","Ryan Mathews","SD"," RB",21,0
"58","2010","Higdon","Eli Manning","NYG"," QB",17,0
"59","2010","Higdon","Kellen Winslow","TB"," TE",10,0
"60","2010","Higdon","Ryan Longwell","Min"," K",2,0
"61","2010","Higdon","Michael Bush","Oak"," RB",2,0
"62","2010","Higdon","Donald Brown","Ind"," RB",5,0
"63","2010","Higdon","Kenny Britt","Ten"," WR",3,0
"64","2010","Higdon","Saints Coach","NO"," HC",8,0
"65","2010","Regan","Maurice Jones-Drew","Jac"," RB",105,0
"66","2010","Regan","Aaron Rodgers","GB"," QB",86,0
"67","2010","Regan","DeSean Jackson","Phi"," WR",35,0
"68","2010","Regan","Santonio Holmes","NYJ"," WR",13,0
"69","2010","Regan","Packers D/ST","GB"," D/",7,0
"70","2010","Regan","Brandon Jacobs","NYG"," RB",16,0
"71","2010","Regan","Jeremy Maclin","Phi"," WR",8,0
"72","2010","Regan","Visanthe Shiancoe","Min"," TE",11,0
"73","2010","Regan","David Garrard","Jac"," QB",2,0
"74","2010","Regan","Mohamed Massaquoi","Cle"," WR",1,0
"75","2010","Regan","Mason Crosby","GB"," K",1,0
"76","2010","Regan","Cadillac Williams","TB"," RB",1,0
"77","2010","Regan","Packers Coach","GB"," HC",4,0
"78","2010","Regan","Mike Williams","TB"," WR",1,0
"79","2010","Regan","Alex Smith","SF"," QB",2,0
"80","2010","Regan","Clinton Portis","Was"," RB",1,0
"81","2010","Shokunbi","Brandon Marshall","Mia"," WR",47,0
"82","2010","Shokunbi","Tony Romo","Dal"," QB",39,0
"83","2010","Shokunbi","Jonathan Stewart","Car"," RB",30,0
"84","2010","Shokunbi","Joseph Addai","Ind"," RB",25,0
"85","2010","Shokunbi","Santana Moss","Was"," WR",14,0
"86","2010","Shokunbi","Joe Flacco","Bal"," QB",34,0
"87","2010","Shokunbi","Michael Crabtree","SF"," WR",21,0
"88","2010","Shokunbi","Vernon Davis","SF"," TE",22,0
"89","2010","Shokunbi","Chad Henne","Mia"," QB",8,0
"90","2010","Shokunbi","Terrell Owens","Cin"," WR",5,0
"91","2010","Shokunbi","Dez Bryant","Dal"," WR",13,0
"92","2010","Shokunbi","Chris Cooley","Was"," TE",10,0
"93","2010","Shokunbi","Nate Kaeding","SD"," K",3,0
"94","2010","Shokunbi","Arian Foster","Hou"," RB",2,0
"95","2010","Shokunbi","Ravens D/ST","Bal"," D/",5,0
"96","2010","Shokunbi","Colts Coach","Ind"," HC",3,0
"97","2010","McShane","Ray Rice","Bal"," RB",94,0
"98","2010","McShane","Cedric Benson","Cin"," RB",46,0
"99","2010","McShane","Roddy White","Atl"," WR",43,0
"100","2010","McShane","Knowshon Moreno","Den"," RB",26,0
"101","2010","McShane","Pierre Garcon","Ind"," WR",20,0
"102","2010","McShane","49ers D/ST","SF"," D/",3,0
"103","2010","McShane","Hakeem Nicks","NYG"," WR",22,0
"104","2010","McShane","Jason Witten","Dal"," TE",16,0
"105","2010","McShane","Kevin Kolb","Phi"," QB",18,0
"106","2010","McShane","Jahvid Best","Det"," RB",6,0
"107","2010","McShane","Joey Galloway","Was"," WR",1,0
"108","2010","McShane","Jerricho Cotchery","NYJ"," WR",1,0
"109","2010","McShane","Eddie Royal","Den"," WR",1,0
"110","2010","McShane","Robbie Gould","Chi"," K",1,0
"111","2010","McShane","Sam Bradford","StL"," QB",1,0
"112","2010","McShane","Jets Coach","NYJ"," HC",1,0
"113","2010","Thieneman","Wes Welker","NE"," WR",26,0
"114","2010","Thieneman","Sidney Rice","Min"," WR",37,0
"115","2010","Thieneman","DeAngelo Williams","Car"," RB",53,0
"116","2010","Thieneman","Brett Favre","Min"," QB",40,0
"117","2010","Thieneman","Donald Driver","GB"," WR",22,0
"118","2010","Thieneman","Matt Forte","Chi"," RB",22,0
"119","2010","Thieneman","Steve Smith","Car"," WR",27,0
"120","2010","Thieneman","Ricky Williams","Mia"," RB",21,0
"121","2010","Thieneman","Laurence Maroney","Den"," RB",7,0
"122","2010","Thieneman","Antonio Gates","SD"," TE",24,0
"123","2010","Thieneman","Reggie Bush","NO"," RB",11,0
"124","2010","Thieneman","Patriots Coach","NE"," HC",3,0
"125","2010","Thieneman","Steelers D/ST","Pit"," D/",3,0
"126","2010","Thieneman","Brian Brohm","Buf"," QB",1,0
"127","2010","Thieneman","Garrett Hartley","NO"," K",2,0
"128","2010","Thieneman","Sammy Morris","NE"," RB",1,0
"129","2010","Matovina","Steven Jackson","StL"," RB",94,0
"130","2010","Matovina","Randy Moss","Ten"," WR",79,0
"131","2010","Matovina","Frank Gore","SF"," RB",81,0
"132","2010","Matovina","Ben Roethlisberger","Pit"," QB",7,0
"133","2010","Matovina","Anquan Boldin","Bal"," WR",28,0
"134","2010","Matovina","Mario Manningham","NYG"," WR",1,0
"135","2010","Matovina","Kyle Orton","Den"," QB",1,0
"136","2010","Matovina","Darren Sproles","SD"," RB",1,0
"137","2010","Matovina","Heath Miller","Pit"," TE",1,0
"138","2010","Matovina","Matt Cassel","KC"," QB",1,0
"139","2010","Matovina","Chaz Schilens","Oak"," WR",1,0
"140","2010","Matovina","Early Doucet","Ari"," WR",1,0
"141","2010","Matovina","Ahmad Bradshaw","NYG"," RB",1,0
"142","2010","Matovina","Broncos D/ST","Den"," D/",1,0
"143","2010","Matovina","Jaguars Coach","Jac"," HC",1,0
"144","2010","Matovina","Lawrence Tynes","NYG"," K",1,0
"145","2010","Ready","Michael Turner","Atl"," RB",81,0
"146","2010","Ready","Calvin Johnson","Det"," WR",49,0
"147","2010","Ready","Greg Jennings","GB"," WR",28,0
"148","2010","Ready","Felix Jones","Dal"," RB",20,0
"149","2010","Ready","Philip Rivers","SD"," QB",34,0
"150","2010","Ready","LeSean McCoy","Phi"," RB",28,0
"151","2010","Ready","Dwayne Bowe","KC"," WR",20,0
"152","2010","Ready","Thomas Jones","KC"," RB",11,0
"153","2010","Ready","Jermichael Finley","GB"," TE",12,0
"154","2010","Ready","Golden Tate","Sea"," WR",2,0
"155","2010","Ready","Devin Aromashodu","Chi"," WR",1,0
"156","2010","Ready","Vikings D/ST","Min"," D/",2,0
"157","2010","Ready","Zach Miller","Oak"," TE",2,0
"158","2010","Ready","Jay Feely","Ari"," K",1,0
"159","2010","Ready","Mark Sanchez","NYJ"," QB",2,0
"160","2010","Ready","Chargers Coach","SD"," HC",1,0
"161","2010","Skrzyskewski","Rashard Mendenhall","Pit"," RB",52,0
"162","2010","Skrzyskewski","Hines Ward","Pit"," WR",20,0
"163","2010","Skrzyskewski","Chad Ochocinco","Cin"," WR",28,0
"164","2010","Skrzyskewski","Marques Colston","NO"," WR",30,0
"165","2010","Skrzyskewski","Ronnie Brown","Mia"," RB",19,0
"166","2010","Skrzyskewski","Fred Jackson","Buf"," RB",10,0
"167","2010","Skrzyskewski","Mike Wallace","Pit"," WR",22,0
"168","2010","Skrzyskewski","Steve Breaston","Ari"," WR",11,0
"169","2010","Skrzyskewski","Brent Celek","Phi"," TE",18,0
"170","2010","Skrzyskewski","Jerome Harrison","Phi"," RB",11,0
"171","2010","Skrzyskewski","C.J. Spiller","Buf"," RB",17,0
"172","2010","Skrzyskewski","Owen Daniels","Hou"," TE",11,0
"173","2010","Skrzyskewski","David Akers","Phi"," K",2,0
"174","2010","Skrzyskewski","Saints D/ST","NO"," D/",1,0
"175","2010","Skrzyskewski","Tarvaris Jackson","Min"," QB",1,0
"176","2010","Skrzyskewski","Redskins Coach","Was"," HC",1,0
"177","2010","Olson","Adrian Peterson","Min"," RB",107,0
"178","2010","Olson","Ryan Grant","GB"," RB",49,0
"179","2010","Olson","Beanie Wells","Ari"," RB",40,0
"180","2010","Olson","Matt Schaub","Hou"," QB",36,0
"181","2010","Olson","Vincent Jackson","SD"," WR",29,0
"182","2010","Olson","T.J. Houshmandzadeh","Bal"," WR",8,0
"183","2010","Olson","Marion Barber","Dal"," RB",11,0
"184","2010","Olson","Bernard Scott","Cin"," RB",2,0
"185","2010","Olson","Darren McFadden","Oak"," RB",8,0
"186","2010","Olson","Eagles D/ST","Phi"," D/",2,0
"187","2010","Olson","Antonio Bryant","FA"," WR",1,0
"188","2010","Olson","Rob Bironas","Ten"," K",2,0
"189","2010","Olson","Vince Young","Ten"," QB",2,0
"190","2010","Olson","Chester Taylor","Chi"," RB",1,0
"191","2010","Olson","Kevin Boss","NYG"," TE",1,0
"192","2010","Olson","Vikings Coach","Min"," HC",1,0
"193","2011","Hartman","Michael Vick","Phi"," QB",8,1
"194","2011","Hartman","Peyton Hillis","Cle"," RB",7,1
"195","2011","Hartman","Bengals Coach","Cin"," HC",1,0
"196","2011","Hartman","Larry Fitzgerald","Ari"," WR",92,0
"197","2011","Hartman","Kevin Kolb","Ari"," QB",18,0
"198","2011","Hartman","DeSean Jackson","Phi"," WR",37,0
"199","2011","Hartman","Packers D/ST","GB"," D/",5,0
"200","2011","Hartman","Owen Daniels","Hou"," TE",10,0
"201","2011","Hartman","Jason Witten","Dal"," TE",15,0
"202","2011","Hartman","BenJarvus Green-Ellis","NE"," RB",23,0
"203","2011","Hartman","A.J. Green","Cin"," WR",11,0
"204","2011","Hartman","Santana Moss","Wsh"," WR",12,0
"205","2011","Hartman","Terrell Owens","FA"," WR",2,0
"206","2011","Hartman","Shonn Greene","NYJ"," RB",44,0
"207","2011","Hartman","Matt Hasselbeck","Ten"," QB",3,0
"208","2011","Hartman","Stephen Gostkowski","NE"," K",12,0
"209","2011","Kane","Matt Ryan","Atl"," QB",23,1
"210","2011","Kane","Darren McFadden","Oak"," RB",15,1
"211","2011","Kane","Bears Coach","Chi"," HC",1,0
"212","2011","Kane","Andre Johnson","Hou"," WR",71,0
"213","2011","Kane","Drew Brees","NO"," QB",76,0
"214","2011","Kane","DeAngelo Williams","Car"," RB",40,0
"215","2011","Kane","Johnny Knox","Chi"," WR",11,0
"216","2011","Kane","Austin Collie","Ind"," WR",17,0
"217","2011","Kane","Michael Crabtree","SF"," WR",15,0
"218","2011","Kane","Mark Ingram","NO"," RB",23,0
"219","2011","Kane","Danny Amendola","StL"," WR",2,0
"220","2011","Kane","Willis McGahee","Den"," RB",1,0
"221","2011","Kane","Jerome Harrison","Det"," RB",2,0
"222","2011","Kane","Saints D/ST","NO"," D/",1,0
"223","2011","Kane","Alex Henery","Phi"," K",1,0
"224","2011","Kane","Chris Cooley","Wsh"," TE",1,0
"225","2011","Harrington","Malcom Floyd","SD"," WR",7,1
"226","2011","Harrington","Tom Brady","NE"," QB",84,1
"227","2011","Harrington","Chris Johnson","Ten"," RB",95,0
"228","2011","Harrington","Saints Coach","NO"," HC",1,0
"229","2011","Harrington","Michael Turner","Atl"," RB",72,0
"230","2011","Harrington","Percy Harvin","Min"," WR",26,0
"231","2011","Harrington","Jason Campbell","Oak"," QB",3,0
"232","2011","Harrington","Eddie Royal","Den"," WR",1,0
"233","2011","Harrington","Lance Moore","NO"," WR",4,0
"234","2011","Harrington","Cam Newton","Car"," QB",1,0
"235","2011","Harrington","Donald Driver","GB"," WR",1,0
"236","2011","Harrington","Rob Gronkowski","NE"," TE",1,0
"237","2011","Harrington","Patriots D/ST","NE"," D/",1,0
"238","2011","Harrington","Deion Branch","NE"," WR",1,0
"239","2011","Harrington","Davone Bess","Mia"," WR",1,0
"240","2011","Harrington","Adam Vinatieri","Ind"," K",1,0
"241","2011","Higdon","Brandon Lloyd","StL"," WR",7,1
"242","2011","Higdon","Chargers Coach","SD"," HC",1,0
"243","2011","Higdon","Neil Rackers","Hou"," K",2,0
"244","2011","Higdon","Philip Rivers","SD"," QB",68,0
"245","2011","Higdon","Matt Schaub","Hou"," QB",64,0
"246","2011","Higdon","Kellen Winslow","TB"," TE",4,0
"247","2011","Higdon","Dwayne Bowe","KC"," WR",41,0
"248","2011","Higdon","Brandon Jacobs","NYG"," RB",4,0
"249","2011","Higdon","Steelers D/ST","Pit"," D/",7,0
"250","2011","Higdon","Marcedes Lewis","Jac"," TE",7,0
"251","2011","Higdon","Pierre Garcon","Ind"," WR",18,0
"252","2011","Higdon","Julio Jones","Atl"," WR",16,0
"253","2011","Higdon","Braylon Edwards","SF"," WR",3,0
"254","2011","Higdon","Fred Jackson","Buf"," RB",20,0
"255","2011","Higdon","Mike Tolbert","SD"," RB",18,0
"256","2011","Higdon","Joseph Addai","Ind"," RB",19,0
"257","2011","Regan","Aaron Rodgers","GB"," QB",93,1
"258","2011","Regan","Mike Williams","TB"," WR",8,1
"259","2011","Regan","Packers Coach","GB"," HC",3,0
"260","2011","Regan","Steven Jackson","StL"," RB",52,0
"261","2011","Regan","Marques Colston","NO"," WR",28,0
"262","2011","Regan","Ryan Mathews","SD"," RB",25,0
"263","2011","Regan","Anquan Boldin","Bal"," WR",28,0
"264","2011","Regan","Dallas Clark","Ind"," TE",30,0
"265","2011","Regan","Marshawn Lynch","Sea"," RB",20,0
"266","2011","Regan","Pierre Thomas","NO"," RB",2,0
"267","2011","Regan","Mason Crosby","GB"," K",1,0
"268","2011","Regan","LaDainian Tomlinson","NYJ"," RB",2,0
"269","2011","Regan","Chargers D/ST","SD"," D/",1,0
"270","2011","Regan","Nate Burleson","Det"," WR",3,0
"271","2011","Regan","Thomas Jones","KC"," RB",2,0
"272","2011","Regan","Ronnie Brown","Phi"," RB",1,0
"273","2011","Shokunbi","Arian Foster","Hou"," RB",9,1
"274","2011","Shokunbi","Mike Wallace","Pit"," WR",22,1
"275","2011","Shokunbi","Nate Kaeding","SD"," K",1,0
"276","2011","Shokunbi","Tony Romo","Dal"," QB",40,0
"277","2011","Shokunbi","Eli Manning","NYG"," QB",42,0
"278","2011","Shokunbi","Colt McCoy","Cle"," QB",10,0
"279","2011","Shokunbi","LeGarrette Blount","TB"," RB",35,0
"280","2011","Shokunbi","Ravens D/ST","Bal"," D/",2,0
"281","2011","Shokunbi","Steve Johnson","Buf"," WR",44,0
"282","2011","Shokunbi","Chad Ochocinco","NE"," WR",29,0
"283","2011","Shokunbi","Matthew Stafford","Det"," QB",33,0
"284","2011","Shokunbi","Lee Evans","Bal"," WR",6,0
"285","2011","Shokunbi","Ryan Grant","GB"," RB",20,0
"286","2011","Shokunbi","Jets Coach","NYJ"," HC",1,0
"287","2011","Shokunbi","Dustin Keller","NYJ"," TE",1,0
"288","2011","Shokunbi","Rashad Jennings","Jac"," RB",1,0
"289","2011","McShane","Jahvid Best","Det"," RB",6,1
"290","2011","McShane","Sam Bradford","StL"," QB",1,1
"291","2011","McShane","Steelers Coach","Pit"," HC",15,0
"292","2011","McShane","Matt Forte","Chi"," RB",41,0
"293","2011","McShane","Frank Gore","SF"," RB",62,0
"294","2011","McShane","Vincent Jackson","SD"," WR",55,0
"295","2011","McShane","Eagles D/ST","Phi"," D/",3,0
"296","2011","McShane","Dez Bryant","Dal"," WR",46,0
"297","2011","McShane","Jonathan Stewart","Car"," RB",10,0
"298","2011","McShane","Vernon Davis","SF"," TE",17,0
"299","2011","McShane","Mark Sanchez","NYJ"," QB",12,0
"300","2011","McShane","Steve Smith","Car"," WR",14,0
"301","2011","McShane","Zach Miller","Sea"," TE",2,0
"302","2011","McShane","James Starks","GB"," RB",10,0
"303","2011","McShane","Ryan Torain","Wsh"," RB",4,0
"304","2011","McShane","Josh Brown","StL"," K",1,0
"305","2011","Thieneman","Wes Welker","NE"," WR",26,1
"306","2011","Thieneman","Patriots Coach","NE"," HC",3,1
"307","2011","Thieneman","Peyton Manning","Ind"," QB",72,0
"308","2011","Thieneman","Maurice Jones-Drew","Jac"," RB",79,0
"309","2011","Thieneman","James Jones","GB"," WR",7,0
"310","2011","Thieneman","Donovan McNabb","FA"," QB",13,0
"311","2011","Thieneman","Jermichael Finley","GB"," TE",31,0
"312","2011","Thieneman","Brandon Marshall","Mia"," WR",33,0
"313","2011","Thieneman","Plaxico Burress","NYJ"," WR",26,0
"314","2011","Thieneman","Colts D/ST","Ind"," D/",3,0
"315","2011","Thieneman","Montario Hardesty","Cle"," RB",2,0
"316","2011","Thieneman","C.J. Spiller","Buf"," RB",1,0
"317","2011","Thieneman","Ricky Williams","Bal"," RB",1,0
"318","2011","Thieneman","Jerome Simpson","Cin"," WR",1,0
"319","2011","Thieneman","Mike Williams","Sea"," WR",1,0
"320","2011","Thieneman","Nick Folk","NYJ"," K",1,0
"321","2011","Matovina","Ben Roethlisberger","Pit"," QB",7,1
"322","2011","Matovina","Matt Cassel","KC"," QB",1,1
"323","2011","Matovina","Broncos Coach","Den"," HC",15,0
"324","2011","Matovina","Rashard Mendenhall","Pit"," RB",72,0
"325","2011","Matovina","Kyle Orton","KC"," QB",10,0
"326","2011","Matovina","Antonio Gates","SD"," TE",41,0
"327","2011","Matovina","Jeremy Maclin","Phi"," WR",18,0
"328","2011","Matovina","Felix Jones","Dal"," RB",24,0
"329","2011","Matovina","Reggie Wayne","Ind"," WR",51,0
"330","2011","Matovina","Knowshon Moreno","Den"," RB",30,0
"331","2011","Matovina","Rob Bironas","Ten"," K",7,0
"332","2011","Matovina","Roy Williams","Chi"," WR",6,0
"333","2011","Matovina","Jets D/ST","NYJ"," D/",1,0
"334","2011","Matovina","Robert Meachem","NO"," WR",7,0
"335","2011","Matovina","Jacoby Ford","Oak"," WR",6,0
"336","2011","Matovina","Tiki Barber","FA"," RB",4,0
"337","2011","Ready","Greg Jennings","GB"," WR",35,1
"338","2011","Ready","LeSean McCoy","Phi"," RB",35,1
"339","2011","Ready","Adrian Peterson","Min"," RB",102,0
"340","2011","Ready","Jay Cutler","Chi"," QB",11,0
"341","2011","Ready","Calvin Johnson","Det"," WR",70,0
"342","2011","Ready","David Garrard","FA"," QB",3,0
"343","2011","Ready","Sidney Rice","Sea"," WR",13,0
"344","2011","Ready","Danny Woodhead","NE"," RB",3,0
"345","2011","Ready","Tony Gonzalez","Atl"," TE",6,0
"346","2011","Ready","Reggie Bush","Mia"," RB",2,0
"347","2011","Ready","Mike Sims-Walker","FA"," WR",5,0
"348","2011","Ready","Hines Ward","Pit"," WR",4,0
"349","2011","Ready","Titus Young","Det"," WR",2,0
"350","2011","Ready","Lions D/ST","Det"," D/",7,0
"351","2011","Ready","Billy Cundiff","Bal"," K",1,0
"352","2011","Ready","Falcons Coach","Atl"," HC",1,0
"353","2011","Skrzyskewski","Jamaal Charles","KC"," RB",35,1
"354","2011","Skrzyskewski","Josh Freeman","TB"," QB",7,1
"355","2011","Skrzyskewski","Lions Coach","Det"," HC",1,0
"356","2011","Skrzyskewski","Roddy White","Atl"," WR",60,0
"357","2011","Skrzyskewski","Kenny Britt","Ten"," WR",25,0
"358","2011","Skrzyskewski","Beanie Wells","Ari"," RB",25,0
"359","2011","Skrzyskewski","Mario Manningham","NYG"," WR",40,0
"360","2011","Skrzyskewski","Greg Little","Cle"," WR",5,0
"361","2011","Skrzyskewski","Mike Thomas","Jac"," WR",20,0
"362","2011","Skrzyskewski","Tarvaris Jackson","Sea"," QB",1,0
"363","2011","Skrzyskewski","Jimmy Graham","NO"," TE",13,0
"364","2011","Skrzyskewski","Tim Hightower","Wsh"," RB",29,0
"365","2011","Skrzyskewski","Brandon Pettigrew","Det"," TE",12,0
"366","2011","Skrzyskewski","Michael Bush","Oak"," RB",10,0
"367","2011","Skrzyskewski","Garrett Hartley","NO"," K",1,0
"368","2011","Skrzyskewski","Bears D/ST","Chi"," D/",16,0
"369","2011","Olson","Ahmad Bradshaw","NYG"," RB",1,1
"370","2011","Olson","Hakeem Nicks","NYG"," WR",22,1
"371","2011","Olson","Eagles Coach","Phi"," HC",15,0
"372","2011","Olson","Ray Rice","Bal"," RB",99,0
"373","2011","Olson","Santonio Holmes","NYJ"," WR",23,0
"374","2011","Olson","Joe Flacco","Bal"," QB",42,0
"375","2011","Olson","Miles Austin","Dal"," WR",39,0
"376","2011","Olson","Ryan Fitzpatrick","Buf"," QB",2,0
"377","2011","Olson","Cedric Benson","Cin"," RB",19,0
"378","2011","Olson","Falcons D/ST","Atl"," D/",1,0
"379","2011","Olson","Jordy Nelson","GB"," WR",5,0
"380","2011","Olson","Daniel Thomas","Mia"," RB",20,0
"381","2011","Olson","Greg Olsen","Car"," TE",5,0
"382","2011","Olson","Matt Bryant","Atl"," K",1,0
"383","2011","Olson","Antonio Brown","Pit"," WR",3,0
"384","2011","Olson","Andre Roberts","Ari"," WR",1,0
"385","2012","Hartman","Michael Vick","Phi"," QB",15,1
"386","2012","Hartman","A.J. Green","Cin"," WR",18,1
"387","2012","Hartman","Ray Rice","Bal"," RB",107,0
"388","2012","Hartman","Mike Wallace","Pit"," WR",46,0
"389","2012","Hartman","Jimmy Graham","NO"," TE",35,0
"390","2012","Hartman","Antonio Gates","SD"," TE",21,0
"391","2012","Hartman","Eric Decker","Den"," WR",21,0
"392","2012","Hartman","BenJarvus Green-Ellis","Cin"," RB",22,0
"393","2012","Hartman","Carson Palmer","Oak"," QB",8,0
"394","2012","Hartman","Bills D/ST","Buf"," D/",1,0
"395","2012","Hartman","Robbie Gould","Chi"," K",1,0
"396","2012","Hartman","Darvin Adams","FA"," WR",1,0
"397","2012","Hartman","Royce Adams","NYJ"," WR",1,0
"398","2012","Hartman","Joe Adams","Car"," WR",1,0
"399","2012","Hartman","Bengals Coach","Cin"," HC",1,0
"400","2012","Hartman","Anthony Allen","Bal"," RB",1,0
"401","2012","Kane","Ryan Mathews","SD"," RB",35,0
"402","2012","Kane","Peyton Manning","Den"," QB",63,0
"403","2012","Kane","Philip Rivers","SD"," QB",72,0
"404","2012","Kane","Michael Turner","Atl"," RB",30,0
"405","2012","Kane","Victor Cruz","NYG"," WR",36,0
"406","2012","Kane","Jonathan Stewart","Car"," RB",20,0
"407","2012","Kane","Lance Moore","NO"," WR",15,0
"408","2012","Kane","Jacob Tamme","Den"," TE",7,0
"409","2012","Kane","Sidney Rice","Sea"," WR",10,0
"410","2012","Kane","Seahawks D/ST","Sea"," D/",3,0
"411","2012","Kane","Shane Vereen","NE"," RB",3,0
"412","2012","Kane","Falcons D/ST","Atl"," D/",2,0
"413","2012","Kane","Bernard Scott","Cin"," RB",1,0
"414","2012","Kane","Laurent Robinson","Jac"," WR",1,0
"415","2012","Kane","Matt Bryant","Atl"," K",1,0
"416","2012","Kane","49ers Coach","SF"," HC",1,0
"417","2012","Harrington","Cam Newton","Car"," QB",8,1
"418","2012","Harrington","Rob Gronkowski","NE"," TE",8,1
"419","2012","Harrington","Tom Brady","NE"," QB",108,0
"420","2012","Harrington","Brandon Lloyd","NE"," WR",29,0
"421","2012","Harrington","Frank Gore","SF"," RB",29,0
"422","2012","Harrington","Roy Helu","Wsh"," RB",8,0
"423","2012","Harrington","DeSean Jackson","Phi"," WR",37,0
"424","2012","Harrington","Kevin Kolb","Ari"," QB",3,0
"425","2012","Harrington","Anquan Boldin","Bal"," WR",18,0
"426","2012","Harrington","C.J. Spiller","Buf"," RB",10,0
"427","2012","Harrington","Isaac Redman","Pit"," RB",9,0
"428","2012","Harrington","Toby Gerhart","Min"," RB",7,0
"429","2012","Harrington","Cedric Benson","GB"," RB",7,0
"430","2012","Harrington","Garrett Hartley","NO"," K",1,0
"431","2012","Harrington","Chiefs D/ST","KC"," D/",1,0
"432","2012","Harrington","Texans Coach","Hou"," HC",1,0
"433","2012","Higdon","Julio Jones","Atl"," WR",23,1
"434","2012","Higdon","Marshawn Lynch","Sea"," RB",30,1
"435","2012","Higdon","Drew Brees","NO"," QB",102,0
"436","2012","Higdon","Vernon Davis","SF"," TE",24,0
"437","2012","Higdon","Matt Schaub","Hou"," QB",35,0
"438","2012","Higdon","Beanie Wells","Ari"," RB",18,0
"439","2012","Higdon","Malcom Floyd","SD"," WR",9,0
"440","2012","Higdon","Stephen Gostkowski","NE"," K",2,0
"441","2012","Higdon","Reggie Wayne","Ind"," WR",9,0
"442","2012","Higdon","Kevin Smith","Det"," RB",12,0
"443","2012","Higdon","Texans D/ST","Hou"," D/",6,0
"444","2012","Higdon","Ravens D/ST","Bal"," D/",7,0
"445","2012","Higdon","David Wilson","NYG"," RB",6,0
"446","2012","Higdon","Saints Coach","NO"," HC",3,0
"447","2012","Higdon","Darrius Heyward-Bey","Oak"," WR",3,0
"448","2012","Higdon","Christian Ponder","Min"," QB",1,0
"449","2012","Regan","Aaron Rodgers","GB"," QB",100,1
"450","2012","Regan","Demaryius Thomas","Den"," WR",7,1
"451","2012","Regan","Dez Bryant","Dal"," WR",36,0
"452","2012","Regan","Jermichael Finley","GB"," TE",20,0
"453","2012","Regan","Steve Johnson","Buf"," WR",25,0
"454","2012","Regan","Stevan Ridley","NE"," RB",16,0
"455","2012","Regan","Reggie Bush","Mia"," RB",11,0
"456","2012","Regan","Kenny Britt","Ten"," WR",16,0
"457","2012","Regan","Mason Crosby","GB"," K",2,0
"458","2012","Regan","Shonn Greene","NYJ"," RB",21,0
"459","2012","Regan","Sam Bradford","StL"," QB",15,0
"460","2012","Regan","Justin Blackmon","Jac"," WR",7,0
"461","2012","Regan","Steelers D/ST","Pit"," D/",10,0
"462","2012","Regan","Mark Ingram","NO"," RB",8,0
"463","2012","Regan","Greg Little","Cle"," WR",3,0
"464","2012","Regan","Packers Coach","GB"," HC",3,0
"465","2012","Shokunbi","Arian Foster","Hou"," RB",16,1
"466","2012","Shokunbi","Matthew Stafford","Det"," QB",40,1
"467","2012","Shokunbi","Tony Romo","Dal"," QB",48,0
"468","2012","Shokunbi","Greg Jennings","GB"," WR",56,0
"469","2012","Shokunbi","Miles Austin","Dal"," WR",28,0
"470","2012","Shokunbi","Dwayne Bowe","KC"," WR",26,0
"471","2012","Shokunbi","Ahmad Bradshaw","NYG"," RB",55,0
"472","2012","Shokunbi","Fred Davis","Wsh"," TE",22,0
"473","2012","Shokunbi","Matt Prater","Den"," K",1,0
"474","2012","Shokunbi","LeGarrette Blount","TB"," RB",2,0
"475","2012","Shokunbi","Cowboys D/ST","Dal"," D/",1,0
"476","2012","Shokunbi","Leonard Hankerson","Wsh"," WR",1,0
"477","2012","Shokunbi","Russell Wilson","Sea"," QB",1,0
"478","2012","Shokunbi","Alshon Jeffery","Chi"," WR",1,0
"479","2012","Shokunbi","Kendall Wright","Ten"," WR",1,0
"480","2012","Shokunbi","Broncos Coach","Den"," HC",1,0
"481","2012","McShane","Matt Forte","Chi"," RB",48,1
"482","2012","McShane","Steve Smith","Car"," WR",21,1
"483","2012","McShane","Darren Sproles","NO"," RB",26,0
"484","2012","McShane","Matt Ryan","Atl"," QB",71,0
"485","2012","McShane","Alex Smith","SF"," QB",12,0
"486","2012","McShane","Robert Meachem","SD"," WR",15,0
"487","2012","McShane","Denarius Moore","Oak"," WR",14,0
"488","2012","McShane","Ben Tate","Hou"," RB",10,0
"489","2012","McShane","Nate Washington","Ten"," WR",18,0
"490","2012","McShane","Michael Bush","Chi"," RB",11,0
"491","2012","McShane","Owen Daniels","Hou"," TE",5,0
"492","2012","McShane","Brandon Pettigrew","Det"," TE",27,0
"493","2012","McShane","Titus Young","Det"," WR",4,0
"494","2012","McShane","Rob Bironas","Ten"," K",1,0
"495","2012","McShane","Packers D/ST","GB"," D/",2,0
"496","2012","McShane","Patriots Coach","NE"," HC",1,0
"497","2012","Thieneman","Wes Welker","NE"," WR",40,1
"498","2012","Thieneman","Maurice Jones-Drew","Jac"," RB",86,1
"499","2012","Thieneman","Andrew Luck","Ind"," QB",31,0
"500","2012","Thieneman","Percy Harvin","Min"," WR",27,0
"501","2012","Thieneman","49ers D/ST","SF"," D/",14,0
"502","2012","Thieneman","Aaron Hernandez","NE"," TE",18,0
"503","2012","Thieneman","Sebastian Janikowski","Oak"," K",6,0
"504","2012","Thieneman","Joe Flacco","Bal"," QB",31,0
"505","2012","Thieneman","Tony Gonzalez","Atl"," TE",8,0
"506","2012","Thieneman","Vincent Jackson","TB"," WR",26,0
"507","2012","Thieneman","DeAngelo Williams","Car"," RB",8,0
"508","2012","Thieneman","James Starks","GB"," RB",1,0
"509","2012","Thieneman","Nate Burleson","Det"," WR",1,0
"510","2012","Thieneman","Randy Moss","SF"," WR",1,0
"511","2012","Thieneman","Mike Tolbert","Car"," RB",1,0
"512","2012","Thieneman","Steelers Coach","Pit"," HC",1,0
"513","2012","Matovina","Ben Roethlisberger","Pit"," QB",14,1
"514","2012","Matovina","DeMarco Murray","Dal"," RB",69,0
"515","2012","Matovina","Chris Johnson","Ten"," RB",74,0
"516","2012","Matovina","Larry Fitzgerald","Ari"," WR",65,0
"517","2012","Matovina","Andre Johnson","Hou"," WR",47,0
"518","2012","Matovina","Tim Tebow","NYJ"," QB",2,0
"519","2012","Matovina","Pierre Garcon","Wsh"," WR",8,0
"520","2012","Matovina","Michael Crabtree","SF"," WR",7,0
"521","2012","Matovina","Bears D/ST","Chi"," D/",2,0
"522","2012","Matovina","Dan Bailey","Dal"," K",2,0
"523","2012","Matovina","Kyle Rudolph","Min"," TE",2,0
"524","2012","Matovina","Felix Jones","Dal"," RB",2,0
"525","2012","Matovina","Jets D/ST","NYJ"," D/",2,0
"526","2012","Matovina","Lions D/ST","Det"," D/",2,0
"527","2012","Matovina","Pierre Thomas","NO"," RB",1,0
"528","2012","Matovina","Giants Coach","NYG"," HC",1,0
"529","2012","Ready","LeSean McCoy","Phi"," RB",42,1
"530","2012","Ready","Calvin Johnson","Det"," WR",77,1
"531","2012","Ready","Brandon Marshall","Chi"," WR",40,0
"532","2012","Ready","Jamaal Charles","KC"," RB",44,0
"533","2012","Ready","Robert Griffin III","Wsh"," QB",29,0
"534","2012","Ready","Marques Colston","NO"," WR",35,0
"535","2012","Ready","Ryan Fitzpatrick","Buf"," QB",6,0
"536","2012","Ready","Jason Witten","Dal"," TE",8,0
"537","2012","Ready","Eagles D/ST","Phi"," D/",3,0
"538","2012","Ready","Rueben Randle","NYG"," WR",2,0
"539","2012","Ready","Jason Hanson","Det"," K",3,0
"540","2012","Ready","Mike Williams","TB"," WR",1,0
"541","2012","Ready","Ravens Coach","Bal"," HC",2,0
"542","2012","Ready","Brent Celek","Phi"," TE",1,0
"543","2012","Ready","John Skelton","Ari"," QB",2,0
"544","2012","Ready","Jon Baldwin","KC"," WR",1,0
"545","2012","Skrzyskewski","Jordy Nelson","GB"," WR",12,1
"546","2012","Skrzyskewski","Torrey Smith","Bal"," WR",7,1
"547","2012","Skrzyskewski","Roddy White","Atl"," WR",57,0
"548","2012","Skrzyskewski","Steven Jackson","StL"," RB",66,0
"549","2012","Skrzyskewski","Fred Jackson","Buf"," RB",45,0
"550","2012","Skrzyskewski","Jay Cutler","Chi"," QB",30,0
"551","2012","Skrzyskewski","Willis McGahee","Den"," RB",23,0
"552","2012","Skrzyskewski","Doug Martin","TB"," RB",10,0
"553","2012","Skrzyskewski","Matt Cassel","KC"," QB",6,0
"554","2012","Skrzyskewski","Santonio Holmes","NYJ"," WR",9,0
"555","2012","Skrzyskewski","Peyton Hillis","KC"," RB",8,0
"556","2012","Skrzyskewski","Jared Cook","Ten"," TE",2,0
"557","2012","Skrzyskewski","Alex Henery","Phi"," K",1,0
"558","2012","Skrzyskewski","Jake Locker","Ten"," QB",1,0
"559","2012","Skrzyskewski","Giants D/ST","NYG"," D/",1,0
"560","2012","Skrzyskewski","Lions Coach","Det"," HC",22,0
"561","2012","Olson","Hakeem Nicks","NYG"," WR",26,1
"562","2012","Olson","Antonio Brown","Pit"," WR",10,1
"563","2012","Olson","Eli Manning","NYG"," QB",49,0
"564","2012","Olson","Adrian Peterson","Min"," RB",66,0
"565","2012","Olson","Darren McFadden","Oak"," RB",48,0
"566","2012","Olson","Trent Richardson","Cle"," RB",24,0
"567","2012","Olson","Andy Dalton","Cin"," QB",11,0
"568","2012","Olson","David Akers","SF"," K",1,0
"569","2012","Olson","Josh Freeman","TB"," QB",19,0
"570","2012","Olson","Jeremy Maclin","Phi"," WR",30,0
"571","2012","Olson","Donald Brown","Ind"," RB",7,0
"572","2012","Olson","Daniel Thomas","Mia"," RB",4,0
"573","2012","Olson","Mario Manningham","SF"," WR",2,0
"574","2012","Olson","Coby Fleener","Ind"," TE",1,0
"575","2012","Olson","Bengals D/ST","Cin"," D/",1,0
"576","2012","Olson","Eagles Coach","Phi"," HC",1,0
"577","2013","Hartman","Michael Vick","NYJ"," QB",22,1
"578","2013","Hartman","Cecil Shorts","Jac"," WR",7,1
"579","2013","Hartman","Ray Rice","Bal"," RB",76,0
"580","2013","Hartman","Robert Griffin III","Wsh"," QB",45,0
"581","2013","Hartman","Seahawks D/ST D/ST","Seahawks ","D/ST",10,0
"582","2013","Hartman","Mike Wallace","Mia"," WR",31,0
"583","2013","Hartman","Lamar Miller","Mia"," RB",23,0
"584","2013","Hartman","Owen Daniels","Bal"," TE",7,0
"585","2013","Hartman","Andy Dalton","Cin"," QB",20,0
"586","2013","Hartman","Pierre Garcon","Wsh"," WR",13,0
"587","2013","Hartman","DeSean Jackson","Wsh"," WR",26,0
"588","2013","Hartman","Nick Foles","Phi"," QB",3,0
"589","2013","Hartman","Joique Bell","Det"," RB",3,0
"590","2013","Hartman","Bernard Pierce","Bal"," RB",4,0
"591","2013","Hartman","Justin Tucker","Bal"," K",9,0
"592","2013","Hartman","49ers Coach HC","49ers ","HC",1,0
"593","2013","Kane","Peyton Manning","Den"," QB",80,1
"594","2013","Kane","David Wilson","NYG"," RB",13,1
"595","2013","Kane","Joe Flacco","Bal"," QB",33,0
"596","2013","Kane","Reggie Wayne","Ind"," WR",25,0
"597","2013","Kane","James Jones","Oak"," WR",18,0
"598","2013","Kane","Vernon Davis","SF"," TE",15,0
"599","2013","Kane","Hakeem Nicks","Ind"," WR",32,0
"600","2013","Kane","Ahmad Bradshaw","Ind"," RB",20,0
"601","2013","Kane","Chris Ivory","NYJ"," RB",16,0
"602","2013","Kane","Antonio Brown","Pit"," WR",30,0
"603","2013","Kane","Derek Dimke","NO"," K",1,0
"604","2013","Kane","Brandon Myers","TB"," TE",8,0
"605","2013","Kane","Denarius Moore","Oak"," WR",4,0
"606","2013","Kane","Steelers D/ST D/ST","Steelers ","D/ST",1,0
"607","2013","Kane","Kendall Wright","Ten"," WR",1,0
"608","2013","Kane","Ravens Coach HC","Ravens ","HC",1,0
"609","2013","Harrington","Cam Newton","Car"," QB",15,1
"610","2013","Harrington","Rob Gronkowski","NE"," TE",15,1
"611","2013","Harrington","Matt Forte","Chi"," RB",62,0
"612","2013","Harrington","Eddie Lacy","GB"," RB",30,0
"613","2013","Harrington","Steven Jackson","Atl"," RB",57,0
"614","2013","Harrington","Stevan Ridley","NE"," RB",69,0
"615","2013","Harrington","Wes Welker","Den"," WR",26,0
"616","2013","Harrington","DeAngelo Williams","Car"," RB",13,0
"617","2013","Harrington","Patriots D/ST D/ST","Patriots ","D/ST",2,0
"618","2013","Harrington","Alshon Jeffery","Chi"," WR",4,0
"619","2013","Harrington","DeAndre Hopkins","Hou"," WR",2,0
"620","2013","Harrington","Golden Tate","Det"," WR",1,0
"621","2013","Harrington","Roy Helu","Wsh"," RB",1,0
"622","2013","Harrington","Randy Bullock","Hou"," K",1,0
"623","2013","Harrington","Brandon Pettigrew","Det"," TE",1,0
"624","2013","Harrington","Colts Coach HC","Colts ","HC",1,0
"625","2013","Higdon","Julio Jones","Atl"," WR",30,1
"626","2013","Higdon","Marshawn Lynch","Sea"," RB",37,1
"627","2013","Higdon","Matt Ryan","Atl"," QB",75,0
"628","2013","Higdon","Tony Gonzalez","Atl"," TE",20,0
"629","2013","Higdon","Texans D/ST D/ST","Texans ","D/ST",6,0
"630","2013","Higdon","Sam Bradford","StL"," QB",17,0
"631","2013","Higdon","BenJarvus Green-Ellis","Cin"," RB",6,0
"632","2013","Higdon","Tavon Austin","StL"," WR",28,0
"633","2013","Higdon","Torrey Smith","Bal"," WR",31,0
"634","2013","Higdon","T.Y. Hilton","Ind"," WR",7,0
"635","2013","Higdon","Blair Walsh","Min"," K",2,0
"636","2013","Higdon","Rashard Mendenhall","Ari"," RB",13,0
"637","2013","Higdon","Lance Moore","Pit"," WR",7,0
"638","2013","Higdon","Isaac Redman","Pit"," RB",3,0
"639","2013","Higdon","Christian Ponder","Min"," QB",7,0
"640","2013","Higdon","Patriots Coach HC","Patriots ","HC",1,0
"641","2013","Regan","Demaryius Thomas","Den"," WR",14,1
"642","2013","Regan","Josh Freeman","NYG"," QB",26,1
"643","2013","Regan","Chris Johnson","NYJ"," RB",60,0
"644","2013","Regan","Frank Gore","SF"," RB",61,0
"645","2013","Regan","Tony Romo","Dal"," QB",67,0
"646","2013","Regan","Bengals D/ST D/ST","Bengals ","D/ST",4,0
"647","2013","Regan","Jordy Nelson","GB"," WR",26,0
"648","2013","Regan","Sidney Rice","Sea"," WR",15,0
"649","2013","Regan","Le Veon Bell","Pit"," RB",6,0
"650","2013","Regan","Jared Cook","StL"," TE",5,0
"651","2013","Regan","Josh Gordon","Cle"," WR",5,0
"652","2013","Regan","Knowshon Moreno","Mia"," RB",5,0
"653","2013","Regan","Packers Coach HC","Packers ","HC",1,0
"654","2013","Regan","Andre Roberts","Wsh"," WR",1,0
"655","2013","Regan","Jake Locker","Ten"," QB",2,0
"656","2013","Regan","Garrett Hartley","FA"," K",1,0
"657","2013","Shokunbi","Arian Foster","Hou"," RB",23,1
"658","2013","Shokunbi","Alfred Morris","Wsh"," RB",10,1
"659","2013","Shokunbi","Stephen Gostkowski","NE"," K",3,0
"660","2013","Shokunbi","Victor Cruz","NYG"," WR",36,0
"661","2013","Shokunbi","Eric Decker","NYJ"," WR",18,0
"662","2013","Shokunbi","Eli Manning","NYG"," QB",56,0
"663","2013","Shokunbi","Montee Ball","Den"," RB",25,0
"664","2013","Shokunbi","Miles Austin","Dal"," WR",16,0
"665","2013","Shokunbi","Carson Palmer","Ari"," QB",24,0
"666","2013","Shokunbi","Anquan Boldin","SF"," WR",18,0
"667","2013","Shokunbi","Mark Ingram","NO"," RB",6,0
"668","2013","Shokunbi","Daryl Richardson","StL"," RB",20,0
"669","2013","Shokunbi","Jermichael Finley","GB"," TE",13,0
"670","2013","Shokunbi","Bears D/ST D/ST","Bears ","D/ST",6,0
"671","2013","Shokunbi","Matt Schaub","Oak"," QB",18,0
"672","2013","Shokunbi","Seahawks Coach HC","Seahawks ","HC",1,0
"673","2013","McShane","Randall Cobb","GB"," WR",7,1
"674","2013","McShane","Colin Kaepernick","SF"," QB",7,1
"675","2013","McShane","Roddy White","Atl"," WR",51,0
"676","2013","McShane","Marques Colston","NO"," WR",36,0
"677","2013","McShane","DeMarco Murray","Dal"," RB",32,0
"678","2013","McShane","Darren Sproles","Phi"," RB",31,0
"679","2013","McShane","Kyle Rudolph","Min"," TE",16,0
"680","2013","McShane","Matthew Stafford","Det"," QB",88,0
"681","2013","McShane","Vick Ballard","Ind"," RB",7,0
"682","2013","McShane","Greg Jennings","Min"," WR",11,0
"683","2013","McShane","Ben Tate","Cle"," RB",4,0
"684","2013","McShane","Isaiah Pead","StL"," RB",6,0
"685","2013","McShane","Martellus Bennett","Chi"," TE",1,0
"686","2013","McShane","Ravens D/ST D/ST","Ravens ","D/ST",1,0
"687","2013","McShane","Sebastian Janikowski","Oak"," K",1,0
"688","2013","McShane","Saints Coach HC","Saints ","HC",1,0
"689","2013","Thieneman","Andrew Luck","Ind"," QB",38,1
"690","2013","Thieneman","Doug Martin","TB"," RB",17,1
"691","2013","Thieneman","Dez Bryant","Dal"," WR",58,0
"692","2013","Thieneman","Jimmy Graham","NO"," TE",41,0
"693","2013","Thieneman","Larry Fitzgerald","Ari"," WR",44,0
"694","2013","Thieneman","Darren McFadden","Oak"," RB",35,0
"695","2013","Thieneman","Danny Amendola","NE"," WR",18,0
"696","2013","Thieneman","49ers D/ST D/ST","49ers ","D/ST",10,0
"697","2013","Thieneman","Philip Rivers","SD"," QB",18,0
"698","2013","Thieneman","Shane Vereen","NE"," RB",15,0
"699","2013","Thieneman","David Akers","Det"," K",1,0
"700","2013","Thieneman","Ronnie Hillman","Den"," RB",1,0
"701","2013","Thieneman","Steelers Coach HC","Steelers ","HC",1,0
"702","2013","Thieneman","EJ Manuel","Buf"," QB",1,0
"703","2013","Thieneman","Justin Blackmon","Jac"," WR",1,0
"704","2013","Thieneman","Brandon LaFell","NE"," WR",1,0
"705","2013","Matovina","Ben Roethlisberger","Pit"," QB",21,1
"706","2013","Matovina","Andre Johnson","Hou"," WR",54,1
"707","2013","Matovina","C.J. Spiller","Buf"," RB",96,0
"708","2013","Matovina","Aaron Rodgers","GB"," QB",106,0
"709","2013","Matovina","Antonio Gates","SD"," TE",9,0
"710","2013","Matovina","Jacquizz Rodgers","Atl"," RB",1,0
"711","2013","Matovina","Malcom Floyd","SD"," WR",2,0
"712","2013","Matovina","Darrius Heyward-Bey","Pit"," WR",1,0
"713","2013","Matovina","Phil Dawson","SF"," K",3,0
"714","2013","Matovina","Christine Michael","Sea"," RB",1,0
"715","2013","Matovina","Jeremy Kerley","NYJ"," WR",1,0
"716","2013","Matovina","Andre Brown","Hou"," RB",1,0
"717","2013","Matovina","Buccaneers D/ST D/ST","Buccaneers ","D/ST",1,0
"718","2013","Matovina","Blaine Gabbert","SF"," QB",1,0
"719","2013","Matovina","Nate Washington","Ten"," WR",1,0
"720","2013","Matovina","Bengals Coach HC","Bengals ","HC",1,0
"721","2013","Ready","LeSean McCoy","Phi"," RB",49,1
"722","2013","Ready","Jamaal Charles","KC"," RB",51,1
"723","2013","Ready","Calvin Johnson","Det"," WR",79,0
"724","2013","Ready","Brandon Marshall","Chi"," WR",45,0
"725","2013","Ready","Jay Cutler","Chi"," QB",22,0
"726","2013","Ready","Jason Witten","Dal"," TE",21,0
"727","2013","Ready","Alex Smith","KC"," QB",10,0
"728","2013","Ready","Steve Johnson","Buf"," WR",11,0
"729","2013","Ready","Matt Bryant","Atl"," K",1,0
"730","2013","Ready","Vincent Brown","SD"," WR",2,0
"731","2013","Ready","Shonn Greene","Ten"," RB",2,0
"732","2013","Ready","Jonathan Dwyer","Ari"," RB",1,0
"733","2013","Ready","Jacoby Jones","Bal"," WR",2,0
"734","2013","Ready","Rueben Randle","NYG"," WR",2,0
"735","2013","Ready","Rams D/ST D/ST","Rams ","D/ST",1,0
"736","2013","Ready","Broncos Coach HC","Broncos ","HC",1,0
"737","2013","Skrzyskewski","A.J. Green","Cin"," WR",25,1
"738","2013","Skrzyskewski","Russell Wilson","Sea"," QB",5,1
"739","2013","Skrzyskewski","Tom Brady","NE"," QB",93,0
"740","2013","Skrzyskewski","Maurice Jones-Drew","Oak"," RB",64,0
"741","2013","Skrzyskewski","Vincent Jackson","TB"," WR",36,0
"742","2013","Skrzyskewski","Reggie Bush","Det"," RB",37,0
"743","2013","Skrzyskewski","Greg Olsen","Car"," TE",5,0
"744","2013","Skrzyskewski","Ryan Mathews","SD"," RB",10,0
"745","2013","Skrzyskewski","Bryce Brown","Phi"," RB",8,0
"746","2013","Skrzyskewski","Mike Williams","Buf"," WR",8,0
"747","2013","Skrzyskewski","Michael Floyd","Ari"," WR",1,0
"748","2013","Skrzyskewski","Fred Jackson","Buf"," RB",2,0
"749","2013","Skrzyskewski","Ryan Broyles","Det"," WR",2,0
"750","2013","Skrzyskewski","Packers D/ST D/ST","Packers ","D/ST",1,0
"751","2013","Skrzyskewski","Josh Brown","NYG"," K",1,0
"752","2013","Skrzyskewski","Falcons Coach HC","Falcons ","HC",2,0
"753","2013","Olson","Adrian Peterson","Min"," RB",73,1
"754","2013","Olson","Trent Richardson","Ind"," RB",21,1
"755","2013","Olson","Drew Brees","NO"," QB",101,0
"756","2013","Olson","Dwayne Bowe","KC"," WR",27,0
"757","2013","Olson","Steve Smith","Bal"," WR",23,0
"758","2013","Olson","Giovani Bernard","Cin"," RB",17,0
"759","2013","Olson","Kenny Britt","StL"," WR",7,0
"760","2013","Olson","Ryan Tannehill","Mia"," QB",9,0
"761","2013","Olson","Brandon Weeden","Dal"," QB",7,0
"762","2013","Olson","Emmanuel Sanders","Den"," WR",4,0
"763","2013","Olson","Chris Givens","StL"," WR",3,0
"764","2013","Olson","Kenbrell Thompkins","NE"," WR",1,0
"765","2013","Olson","Broncos D/ST D/ST","Broncos ","D/ST",1,0
"766","2013","Olson","Matt Prater","Den"," K",1,0
"767","2013","Olson","Jordan Cameron","Cle"," TE",4,0
"768","2013","Olson","Texans Coach HC","Texans ","HC",1,0
"769","2014","Hartman","Le'Veon Bell","Pit"," RB",13,1
"770","2014","Hartman","Arian Foster","Hou"," RB",10,1
"771","2014","Hartman","Robert Griffin III","Wsh"," QB",50,0
"772","2014","Hartman","Peyton Manning","Den"," QB",103,0
"773","2014","Hartman","Brandon Marshall","Chi"," WR",74,0
"774","2014","Hartman","Seahawks D/ST D/ST","Seahawks ","D/ST",7,0
"775","2014","Hartman","Michael Vick","NYJ"," QB",3,0
"776","2014","Hartman","Steven Jackson","Atl"," RB",12,0
"777","2014","Hartman","Kirk Cousins","Wsh"," QB",3,0
"778","2014","Hartman","Riley Cooper","Phi"," WR",8,0
"779","2014","Hartman","Terrance Williams","Dal"," WR",6,0
"780","2014","Hartman","Fred Jackson","Buf"," RB",3,0
"781","2014","Hartman","Mason Crosby","GB"," K",1,0
"782","2014","Hartman","Charles Clay","Mia"," TE",1,0
"783","2014","Hartman","Danny Amendola","NE"," WR",4,0
"784","2014","Hartman","Seahawks Coach HC","Seahawks ","HC",1,0
"785","2014","Kane","Julius Thomas","Den"," TE",27,1
"786","2014","Kane","Nick Foles","Phi"," QB",10,1
"787","2014","Kane","DeMarco Murray","Dal"," RB",71,0
"788","2014","Kane","Ben Roethlisberger","Pit"," QB",36,0
"789","2014","Kane","Victor Cruz","NYG"," WR",42,0
"790","2014","Kane","C.J. Spiller","Buf"," RB",35,0
"791","2014","Kane","Cordarrelle Patterson","Min"," WR",30,0
"792","2014","Kane","Pierre Garcon","Wsh"," WR",26,0
"793","2014","Kane","Sammy Watkins","Buf"," WR",16,0
"794","2014","Kane","Maurice Jones-Drew","Oak"," RB",1,0
"795","2014","Kane","Donald Brown","SD"," RB",1,0
"796","2014","Kane","Knile Davis","KC"," RB",1,0
"797","2014","Kane","C.J. Anderson","Den"," RB",1,0
"798","2014","Kane","Buccaneers D/ST D/ST","Buccaneers ","D/ST",1,0
"799","2014","Kane","Adam Vinatieri","Ind"," K",1,0
"800","2014","Kane","Buccaneers Coach HC","Buccaneers ","HC",1,0
"801","2014","Harrington","Cam Newton","Car"," QB",22,1
"802","2014","Harrington","Zac Stacy","StL"," RB",7,1
"803","2014","Harrington","Dez Bryant","Dal"," WR",78,0
"804","2014","Harrington","A.J. Green","Cin"," WR",81,0
"805","2014","Harrington","Frank Gore","SF"," RB",44,0
"806","2014","Harrington","Alex Smith","KC"," QB",13,0
"807","2014","Harrington","Chris Johnson","NYJ"," RB",7,0
"808","2014","Harrington","Brian Hoyer","Cle"," QB",1,0
"809","2014","Harrington","Jeremy Maclin","Phi"," WR",13,0
"810","2014","Harrington","Benny Cunningham","StL"," RB",1,0
"811","2014","Harrington","Reggie Wayne","Ind"," WR",9,0
"812","2014","Harrington","Greg Olsen","Car"," TE",4,0
"813","2014","Harrington","Rams D/ST D/ST","Rams ","D/ST",3,0
"814","2014","Harrington","DeAngelo Williams","Car"," RB",2,0
"815","2014","Harrington","Blair Walsh","Min"," K",1,0
"816","2014","Harrington","Bengals Coach HC","Bengals ","HC",3,0
"817","2014","Higdon","Julio Jones","Atl"," WR",30,1
"818","2014","Higdon","Alfred Morris","Wsh"," RB",17,1
"819","2014","Higdon","Reggie Bush","Det"," RB",43,0
"820","2014","Higdon","Larry Fitzgerald","Ari"," WR",46,0
"821","2014","Higdon","Philip Rivers","SD"," QB",42,0
"822","2014","Higdon","Vernon Davis","SF"," TE",24,0
"823","2014","Higdon","Julian Edelman","NE"," WR",19,0
"824","2014","Higdon","Geno Smith","NYJ"," QB",15,0
"825","2014","Higdon","Bishop Sankey","Ten"," RB",5,0
"826","2014","Higdon","Eric Decker","NYJ"," WR",10,0
"827","2014","Higdon","Panthers D/ST D/ST","Panthers ","D/ST",5,0
"828","2014","Higdon","Steven Hauschka","Sea"," K",2,0
"829","2014","Higdon","Blake Bortles","Jac"," QB",1,0
"830","2014","Higdon","Rueben Randle","NYG"," WR",1,0
"831","2014","Higdon","Patriots Coach HC","Patriots ","HC",14,0
"832","2014","Higdon","Mike Evans","TB"," WR",5,0
"833","2014","Regan","Demaryius Thomas","Den"," WR",21,1
"834","2014","Regan","Jordy Nelson","GB"," WR",33,1
"835","2014","Regan","Jason Witten","Dal"," TE",27,0
"836","2014","Regan","Giovani Bernard","Cin"," RB",66,0
"837","2014","Regan","Tony Romo","Dal"," QB",64,0
"838","2014","Regan","Michael Crabtree","SF"," WR",31,0
"839","2014","Regan","Jake Locker","Ten"," QB",17,0
"840","2014","Regan","Rashad Jennings","NYG"," RB",22,0
"841","2014","Regan","Knowshon Moreno","Mia"," RB",3,0
"842","2014","Regan","Chris Ivory","NYJ"," RB",1,0
"843","2014","Regan","Danny Woodhead","SD"," RB",2,0
"844","2014","Regan","Hakeem Nicks","Ind"," WR",1,0
"845","2014","Regan","Teddy Bridgewater","Min"," QB",1,0
"846","2014","Regan","Matt Bryant","Atl"," K",1,0
"847","2014","Regan","Packers Coach HC","Packers ","HC",1,0
"848","2014","Regan","Saints D/ST D/ST","Saints ","D/ST",1,0
"849","2014","Shokunbi","Eddie Lacy","GB"," RB",17,1
"850","2014","Shokunbi","Montee Ball","Den"," RB",32,1
"851","2014","Shokunbi","Matthew Stafford","Det"," QB",75,0
"852","2014","Shokunbi","Tom Brady","NE"," QB",68,0
"853","2014","Shokunbi","Kyle Rudolph","Min"," TE",13,0
"854","2014","Shokunbi","EJ Manuel","Buf"," QB",5,0
"855","2014","Shokunbi","T.Y. Hilton","Ind"," WR",15,0
"856","2014","Shokunbi","Joique Bell","Det"," RB",15,0
"857","2014","Shokunbi","Emmanuel Sanders","Den"," WR",17,0
"858","2014","Shokunbi","DeAndre Hopkins","Hou"," WR",5,0
"859","2014","Shokunbi","Justin Tucker","Bal"," K",2,0
"860","2014","Shokunbi","Brandin Cooks","NO"," WR",13,0
"861","2014","Shokunbi","Bengals D/ST D/ST","Bengals ","D/ST",3,0
"862","2014","Shokunbi","Carlos Hyde","SF"," RB",9,0
"863","2014","Shokunbi","Jordan Reed","Wsh"," TE",1,0
"864","2014","Shokunbi","49ers Coach HC","49ers ","HC",1,0
"865","2014","McShane","Randall Cobb","GB"," WR",14,1
"866","2014","McShane","Colin Kaepernick","SF"," QB",14,1
"867","2014","McShane","Ryan Mathews","SD"," RB",30,0
"868","2014","McShane","Vincent Jackson","TB"," WR",42,0
"869","2014","McShane","Andy Dalton","Cin"," QB",28,0
"870","2014","McShane","Andre Johnson","Hou"," WR",46,0
"871","2014","McShane","Toby Gerhart","Jac"," RB",20,0
"872","2014","McShane","Michael Floyd","Ari"," WR",17,0
"873","2014","McShane","Ryan Fitzpatrick","Hou"," QB",16,0
"874","2014","McShane","Dennis Pitta","Bal"," TE",4,0
"875","2014","McShane","49ers D/ST D/ST","49ers ","D/ST",7,0
"876","2014","McShane","Mike Wallace","Mia"," WR",13,0
"877","2014","McShane","Stevan Ridley","NE"," RB",7,0
"878","2014","McShane","Jordan Cameron","Cle"," TE",11,0
"879","2014","McShane","Stephen Gostkowski","NE"," K",10,0
"880","2014","McShane","Broncos Coach HC","Broncos ","HC",3,0
"881","2014","Thieneman","Andrew Luck","Ind"," QB",45,1
"882","2014","Thieneman","Shane Vereen","NE"," RB",22,1
"883","2014","Thieneman","Calvin Johnson","Det"," WR",78,0
"884","2014","Thieneman","Adrian Peterson","Min"," RB",97,0
"885","2014","Thieneman","DeSean Jackson","Wsh"," WR",26,0
"886","2014","Thieneman","Trent Richardson","Ind"," RB",4,0
"887","2014","Thieneman","Ray Rice","Bal"," RB",15,0
"888","2014","Thieneman","Pierre Thomas","NO"," RB",2,0
"889","2014","Thieneman","Anquan Boldin","SF"," WR",4,0
"890","2014","Thieneman","Khiry Robinson","NO"," RB",1,0
"891","2014","Thieneman","Steve Smith","Bal"," WR",1,0
"892","2014","Thieneman","Darren McFadden","Oak"," RB",1,0
"893","2014","Thieneman","Broncos D/ST D/ST","Broncos ","D/ST",1,0
"894","2014","Thieneman","Phil Dawson","SF"," K",1,0
"895","2014","Thieneman","Delanie Walker","Ten"," TE",1,0
"896","2014","Thieneman","Colts Coach HC","Colts ","HC",1,0
"897","2014","Matovina","Marshawn Lynch","Sea"," RB",64,1
"898","2014","Matovina","Doug Martin","TB"," RB",73,0
"899","2014","Matovina","Rob Gronkowski","NE"," TE",41,0
"900","2014","Matovina","Eli Manning","NYG"," QB",18,0
"901","2014","Matovina","Carson Palmer","Ari"," QB",23,0
"902","2014","Matovina","Percy Harvin","Sea"," WR",20,0
"903","2014","Matovina","Cecil Shorts","Jac"," WR",14,0
"904","2014","Matovina","Josh McCown","TB"," QB",29,0
"905","2014","Matovina","Kendall Wright","Ten"," WR",7,0
"906","2014","Matovina","Matt Prater","Den"," K",5,0
"907","2014","Matovina","Shonn Greene","Ten"," RB",1,0
"908","2014","Matovina","Bernard Pierce","Bal"," RB",1,0
"909","2014","Matovina","Mark Ingram","NO"," RB",1,0
"910","2014","Matovina","LeGarrette Blount","Pit"," RB",1,0
"911","2014","Matovina","Chiefs D/ST D/ST","Chiefs ","D/ST",1,0
"912","2014","Matovina","Eagles Coach HC","Eagles ","HC",1,0
"913","2014","Ready","LeSean McCoy","Phi"," RB",56,1
"914","2014","Ready","Jamaal Charles","KC"," RB",58,1
"915","2014","Ready","Aaron Rodgers","GB"," QB",109,0
"916","2014","Ready","Joe Flacco","Bal"," QB",22,0
"917","2014","Ready","Roddy White","Atl"," WR",36,0
"918","2014","Ready","Marques Colston","NO"," WR",8,0
"919","2014","Ready","Greg Jennings","Min"," WR",1,0
"920","2014","Ready","Dwayne Bowe","KC"," WR",2,0
"921","2014","Ready","James Starks","GB"," RB",1,0
"922","2014","Ready","Shaun Hill","StL"," QB",1,0
"923","2014","Ready","Heath Miller","Pit"," TE",1,0
"924","2014","Ready","Marqise Lee","Jac"," WR",1,0
"925","2014","Ready","Roy Helu","Wsh"," RB",1,0
"926","2014","Ready","Ravens D/ST D/ST","Ravens ","D/ST",1,0
"927","2014","Ready","Robbie Gould","Chi"," K",1,0
"928","2014","Ready","Lions Coach HC","Lions ","HC",1,0
"929","2014","Skrzyskewski","Russell Wilson","Sea"," QB",12,1
"930","2014","Skrzyskewski","Alshon Jeffery","Chi"," WR",11,1
"931","2014","Skrzyskewski","Jimmy Graham","NO"," TE",69,0
"932","2014","Skrzyskewski","Antonio Brown","Pit"," WR",57,0
"933","2014","Skrzyskewski","Ben Tate","Cle"," RB",43,0
"934","2014","Skrzyskewski","Matt Ryan","Atl"," QB",58,0
"935","2014","Skrzyskewski","Andre Ellington","Ari"," RB",37,0
"936","2014","Skrzyskewski","Cardinals D/ST D/ST","Cardinals ","D/ST",1,0
"937","2014","Skrzyskewski","Dan Bailey","Dal"," K",1,0
"938","2014","Skrzyskewski","Lamar Miller","Mia"," RB",2,0
"939","2014","Skrzyskewski","Jeremy Hill","Cin"," RB",1,0
"940","2014","Skrzyskewski","Andre Williams","NYG"," RB",2,0
"941","2014","Skrzyskewski","Terrance West","Cle"," RB",1,0
"942","2014","Skrzyskewski","Tavon Austin","StL"," WR",1,0
"943","2014","Skrzyskewski","Saints Coach HC","Saints ","HC",1,0
"944","2014","Skrzyskewski","Justin Hunter","Ten"," WR",2,0
"945","2014","Olson","Ryan Tannehill","Mia"," QB",16,1
"946","2014","Olson","Keenan Allen","SD"," WR",7,1
"947","2014","Olson","Matt Forte","Chi"," RB",84,0
"948","2014","Olson","Drew Brees","NO"," QB",106,0
"949","2014","Olson","Jay Cutler","Chi"," QB",39,0
"950","2014","Olson","Torrey Smith","Bal"," WR",25,0
"951","2014","Olson","Golden Tate","Det"," WR",11,0
"952","2014","Olson","Wes Welker","Den"," WR",4,0
"953","2014","Olson","Darren Sproles","Phi"," RB",1,0
"954","2014","Olson","Markus Wheaton","Pit"," WR",1,0
"955","2014","Olson","Ahmad Bradshaw","Ind"," RB",1,0
"956","2014","Olson","Martellus Bennett","Chi"," TE",1,0
"957","2014","Olson","Nick Novak","SD"," K",1,0
"958","2014","Olson","Johnny Manziel","Cle"," QB",1,0
"959","2014","Olson","Patriots D/ST D/ST","Patriots ","D/ST",1,0
"960","2014","Olson","Bears Coach HC","Bears ","HC",1,0
"961","2015","Hartman","Le'Veon Bell","Pit"," RB",20,1
"962","2015","Hartman","Keenan Allen","SD"," WR",14,1
"963","2015","Hartman","Peyton Manning","Den"," QB",85,0
"964","2015","Hartman","Calvin Johnson","Det"," WR",76,0
"965","2015","Hartman","Sam Bradford","Phi"," QB",30,0
"966","2015","Hartman","Jimmy Graham","Sea"," TE",40,0
"967","2015","Hartman","Andy Dalton","Cin"," QB",8,0
"968","2015","Hartman","Alfred Blue","Hou"," RB",10,0
"969","2015","Hartman","Darren McFadden","Dal"," RB",5,0
"970","2015","Hartman","Kendall Wright","Ten"," WR",3,0
"971","2015","Hartman","Tre Mason","StL"," RB",3,0
"972","2015","Hartman","Pierre Garcon","Wsh"," WR",1,0
"973","2015","Hartman","Cardinals D/ST D/ST","Cardinals ","D/ST",1,0
"974","2015","Hartman","Mason Crosby","GB"," K",1,0
"975","2015","Hartman","DeVante Parker","Mia"," WR",2,0
"976","2015","Hartman","Eagles Coach HC","Eagles ","HC",1,0
"977","2015","Kane","Joseph Randle","Dal"," RB",7,1
"978","2015","Kane","Justin Forsett","Bal"," RB",22,1
"979","2015","Kane","Travis Kelce","KC"," TE",17,0
"980","2015","Kane","Aaron Rodgers","GB"," QB",104,0
"981","2015","Kane","Drew Brees","NO"," QB",85,0
"982","2015","Kane","Julian Edelman","NE"," WR",24,0
"983","2015","Kane","Nelson Agholor","Phi"," WR",21,0
"984","2015","Kane","Delanie Walker","Ten"," TE",3,0
"985","2015","Kane","Michael Floyd","Ari"," WR",4,0
"986","2015","Kane","Anquan Boldin","SF"," WR",6,0
"987","2015","Kane","Matt Bryant","Atl"," K",2,0
"988","2015","Kane","Patriots D/ST D/ST","Patriots ","D/ST",1,0
"989","2015","Kane","Geno Smith*","NYJ"," QB",1,0
"990","2015","Kane","Charles Sims","TB"," RB",1,0
"991","2015","Kane","Ronnie Hillman","Den"," RB",1,0
"992","2015","Kane","Bears Coach HC","Bears ","HC",1,0
"993","2015","Harrington","Cam Newton","Car"," QB",29,1
"994","2015","Harrington","Odell Beckham Jr.","NYG"," WR",7,1
"995","2015","Harrington","DeMarco Murray","Phi"," RB",69,0
"996","2015","Harrington","T.Y. Hilton","Ind"," WR",57,0
"997","2015","Harrington","Eli Manning","NYG"," QB",60,0
"998","2015","Harrington","Zach Ertz","Phi"," TE",4,0
"999","2015","Harrington","DeAngelo Williams","Pit"," RB",8,0
"1000","2015","Harrington","Larry Fitzgerald","Ari"," WR",10,0
"1001","2015","Harrington","Rams D/ST D/ST","Rams ","D/ST",2,0
"1002","2015","Harrington","C.J. Spiller","NO"," RB",6,0
"1003","2015","Harrington","LeGarrette Blount","NE"," RB",11,0
"1004","2015","Harrington","Ryan Mathews","Phi"," RB",6,0
"1005","2015","Harrington","Torrey Smith","SF"," WR",4,0
"1006","2015","Harrington","Derek Carr","Oak"," QB",17,0
"1007","2015","Harrington","Justin Tucker","Bal"," K",1,0
"1008","2015","Harrington","Packers Coach HC","Packers ","HC",2,0
"1009","2015","Higdon","Julio Jones","Atl"," WR",44,1
"1010","2015","Higdon","Philip Rivers","SD"," QB",27,1
"1011","2015","Higdon","Ben Roethlisberger","Pit"," QB",70,0
"1012","2015","Higdon","Emmanuel Sanders","Den"," WR",36,0
"1013","2015","Higdon","Jonathan Stewart","Car"," RB",16,0
"1014","2015","Higdon","Seahawks D/ST D/ST","Seahawks ","D/ST",6,0
"1015","2015","Higdon","Amari Cooper","Oak"," WR",20,0
"1016","2015","Higdon","Isaiah Crowell","Cle"," RB",5,0
"1017","2015","Higdon","Chris Ivory","NYJ"," RB",16,0
"1018","2015","Higdon","Sammy Watkins","Buf"," WR",22,0
"1019","2015","Higdon","Doug Martin","TB"," RB",11,0
"1020","2015","Higdon","Steve Smith Sr.","Bal"," WR",8,0
"1021","2015","Higdon","Cody Parkey","Phi"," K",1,0
"1022","2015","Higdon","Ryan Fitzpatrick","NYJ"," QB",2,0
"1023","2015","Higdon","Coby Fleener","Ind"," TE",1,0
"1024","2015","Higdon","Giants Coach HC","Giants ","HC",9,0
"1025","2015","Regan","Demaryius Thomas","Den"," WR",13,1
"1026","2015","Regan","Mike Evans","TB"," WR",12,1
"1027","2015","Regan","Tony Romo","Dal"," QB",70,0
"1028","2015","Regan","Lamar Miller","Mia"," RB",65,0
"1029","2015","Regan","Frank Gore","Ind"," RB",41,0
"1030","2015","Regan","Bills D/ST D/ST","Bills ","D/ST",5,0
"1031","2015","Regan","Rashad Jennings","NYG"," RB",28,0
"1032","2015","Regan","Jarvis Landry","Mia"," WR",23,0
"1033","2015","Regan","Alex Smith","KC"," QB",14,0
"1034","2015","Regan","Kyle Rudolph","Min"," TE",1,0
"1035","2015","Regan","Jason Witten","Dal"," TE",16,0
"1036","2015","Regan","Blair Walsh","Min"," K",1,0
"1037","2015","Regan","Shane Vereen","NYG"," RB",2,0
"1038","2015","Regan","Colts Coach HC","Colts ","HC",1,0
"1039","2015","Regan","Brian Hoyer","Hou"," QB",2,0
"1040","2015","Regan","Jordy Nelson*","GB"," WR",1,0
"1041","2015","Shokunbi","Eddie Lacy","GB"," RB",59,1
"1042","2015","Shokunbi","Alfred Morris","Wsh"," RB",21,1
"1043","2015","Shokunbi","Jameis Winston","TB"," QB",25,0
"1044","2015","Shokunbi","Matthew Stafford","Det"," QB",71,0
"1045","2015","Shokunbi","T.J. Yeldon","Jac"," RB",20,0
"1046","2015","Shokunbi","DeSean Jackson","Wsh"," WR",13,0
"1047","2015","Shokunbi","Jeremy Maclin","KC"," WR",12,0
"1048","2015","Shokunbi","Mike Wallace","Min"," WR",22,0
"1049","2015","Shokunbi","Nick Foles","StL"," QB",15,0
"1050","2015","Shokunbi","Tyrod Taylor","Buf"," QB",7,0
"1051","2015","Shokunbi","Tyler Eifert","Cin"," TE",5,0
"1052","2015","Shokunbi","Stephen Gostkowski","NE"," K",7,0
"1053","2015","Shokunbi","Marvin Jones","Cin"," WR",4,0
"1054","2015","Shokunbi","Jets D/ST D/ST","Jets ","D/ST",1,0
"1055","2015","Shokunbi","Brian Quick","StL"," WR",3,0
"1056","2015","Shokunbi","Patriots Coach HC","Patriots ","HC",15,0
"1057","2015","McShane","Randall Cobb","GB"," WR",21,1
"1058","2015","McShane","Carlos Hyde","SF"," RB",29,1
"1059","2015","McShane","Seahawks Coach HC","Seahawks ","HC",1,0
"1060","2015","McShane","Dez Bryant","Dal"," WR",84,0
"1061","2015","McShane","Tom Brady","NE"," QB",87,0
"1062","2015","McShane","Joique Bell","Det"," RB",19,0
"1063","2015","McShane","Greg Olsen","Car"," TE",18,0
"1064","2015","McShane","Marques Colston","NO"," WR",5,0
"1065","2015","McShane","Owen Daniels","Den"," TE",2,0
"1066","2015","McShane","Blake Bortles","Jac"," QB",8,0
"1067","2015","McShane","Kirk Cousins","Wsh"," QB",6,0
"1068","2015","McShane","Duke Johnson","Cle"," RB",8,0
"1069","2015","McShane","Dolphins D/ST D/ST","Dolphins ","D/ST",2,0
"1070","2015","McShane","Vikings D/ST D/ST","Vikings ","D/ST",2,0
"1071","2015","McShane","Roddy White","Atl"," WR",3,0
"1072","2015","McShane","Steven Hauschka","Sea"," K",5,0
"1073","2015","Thieneman","Andrew Luck","Ind"," QB",52,1
"1074","2015","Thieneman","Adrian Peterson","Min"," RB",104,1
"1075","2015","Thieneman","Matt Prater","Det"," K",3,0
"1076","2015","Thieneman","Teddy Bridgewater","Min"," QB",35,0
"1077","2015","Thieneman","Mark Ingram","NO"," RB",35,0
"1078","2015","Thieneman","Davante Adams","GB"," WR",42,0
"1079","2015","Thieneman","Devin Funchess","Car"," WR",13,0
"1080","2015","Thieneman","Texans D/ST D/ST","Texans ","D/ST",6,0
"1081","2015","Thieneman","Jordan Cameron","Mia"," TE",1,0
"1082","2015","Thieneman","Tevin Coleman","Atl"," RB",3,0
"1083","2015","Thieneman","Danny Woodhead","SD"," RB",1,0
"1084","2015","Thieneman","Cody Latimer","Den"," WR",1,0
"1085","2015","Thieneman","David Cobb*","Ten"," RB",1,0
"1086","2015","Thieneman","Knile Davis","KC"," RB",1,0
"1087","2015","Thieneman","David Johnson","Ari"," RB",1,0
"1088","2015","Thieneman","Ravens Coach HC","Ravens ","HC",1,0
"1089","2015","Matovina","Marshawn Lynch","Sea"," RB",48,1
"1090","2015","Matovina","Rob Gronkowski","NE"," TE",48,1
"1091","2015","Matovina","Brandin Cooks","NO"," WR",37,0
"1092","2015","Matovina","Matt Forte","Chi"," RB",68,0
"1093","2015","Matovina","Colin Kaepernick","SF"," QB",31,0
"1094","2015","Matovina","Vincent Jackson","TB"," WR",15,0
"1095","2015","Matovina","Joe Flacco","Bal"," QB",20,0
"1096","2015","Matovina","Andre Johnson","Ind"," WR",20,0
"1097","2015","Matovina","Eric Decker","NYJ"," WR",6,0
"1098","2015","Matovina","Eagles D/ST D/ST","Eagles ","D/ST",1,0
"1099","2015","Matovina","Caleb Sturgis","FA"," K",1,0
"1100","2015","Matovina","Rueben Randle","NYG"," WR",1,0
"1101","2015","Matovina","Doug Baldwin","Sea"," WR",1,0
"1102","2015","Matovina","Jonas Gray","FA"," RB",1,0
"1103","2015","Matovina","Cole Beasley","Dal"," WR",1,0
"1104","2015","Matovina","Texans Coach HC","Texans ","HC",1,0
"1105","2015","Ready","LeSean McCoy","Buf"," RB",63,1
"1106","2015","Ready","Jamaal Charles","KC"," RB",65,1
"1107","2015","Ready","A.J. Green","Cin"," WR",80,0
"1108","2015","Ready","DeAndre Hopkins","Hou"," WR",42,0
"1109","2015","Ready","Golden Tate","Det"," WR",29,0
"1110","2015","Ready","Carson Palmer","Ari"," QB",10,0
"1111","2015","Ready","Dan Bailey","Dal"," K",1,0
"1112","2015","Ready","Larry Donnell","NYG"," TE",1,0
"1113","2015","Ready","Josh McCown","Cle"," QB",2,0
"1114","2015","Ready","Malcom Floyd","SD"," WR",1,0
"1115","2015","Ready","Devonta Freeman","Atl"," RB",1,0
"1116","2015","Ready","Victor Cruz","NYG"," WR",1,0
"1117","2015","Ready","Andre Williams","NYG"," RB",1,0
"1118","2015","Ready","Michael Crabtree","Oak"," WR",1,0
"1119","2015","Ready","Packers D/ST D/ST","Packers ","D/ST",1,0
"1120","2015","Ready","Lions Coach HC","Lions ","HC",1,0
"1121","2015","Skrzyskewski","Russell Wilson","Sea"," QB",22,1
"1122","2015","Skrzyskewski","Jeremy Hill","Cin"," RB",8,1
"1123","2015","Skrzyskewski","Antonio Brown","Pit"," WR",77,0
"1124","2015","Skrzyskewski","Ryan Tannehill","Mia"," QB",45,0
"1125","2015","Skrzyskewski","Melvin Gordon","SD"," RB",36,0
"1126","2015","Skrzyskewski","Andre Ellington","Ari"," RB",15,0
"1127","2015","Skrzyskewski","Brandon Marshall","NYJ"," WR",20,0
"1128","2015","Skrzyskewski","Giovani Bernard","Cin"," RB",13,0
"1129","2015","Skrzyskewski","Charles Johnson","Min"," WR",21,0
"1130","2015","Skrzyskewski","Ameer Abdullah","Det"," RB",11,0
"1131","2015","Skrzyskewski","Martavis Bryant","Pit"," WR",10,0
"1132","2015","Skrzyskewski","Martellus Bennett","Chi"," TE",14,0
"1133","2015","Skrzyskewski","John Brown","Ari"," WR",5,0
"1134","2015","Skrzyskewski","Broncos D/ST D/ST","Broncos ","D/ST",1,0
"1135","2015","Skrzyskewski","Adam Vinatieri","Ind"," K",1,0
"1136","2015","Skrzyskewski","Broncos Coach HC","Broncos ","HC",1,0
"1137","2015","Olson","Latavius Murray","Oak"," RB",7,1
"1138","2015","Olson","C.J. Anderson","Den"," RB",17,1
"1139","2015","Olson","Alshon Jeffery","Chi"," WR",44,0
"1140","2015","Olson","Jordan Matthews","Phi"," WR",37,0
"1141","2015","Olson","Matt Ryan","Atl"," QB",61,0
"1142","2015","Olson","Jay Cutler","Chi"," QB",37,0
"1143","2015","Olson","Todd Gurley*","StL"," RB",13,0
"1144","2015","Olson","Marcus Mariota","Ten"," QB",26,0
"1145","2015","Olson","Arian Foster*","Hou"," RB",23,0
"1146","2015","Olson","Allen Robinson","Jac"," WR",29,0
"1147","2015","Olson","Ravens D/ST D/ST","Ravens ","D/ST",1,0
"1148","2015","Olson","Eddie Royal","Chi"," WR",1,0
"1149","2015","Olson","Dwayne Allen","Ind"," TE",1,0
"1150","2015","Olson","Bishop Sankey","Ten"," RB",1,0
"1151","2015","Olson","Brandon McManus","Den"," K",1,0
"1152","2015","Olson","Cowboys Coach HC","Cowboys ","HC",1,0
