"","player","week","position","projected_points"
"2","Peyton Manning",1,0,"27.8"
"3","Drew Brees",1,0,"25"
"4","Nick Foles*",1,0,"21.4"
"5","Colin Kaepernick",1,0,"20.8"
"6","Russell Wilson",1,0,"19.2"
"7","Andrew Luck",1,0,"18.1"
"8","Matthew Stafford",1,0,"17.2"
"9","Philip Rivers",1,0,"17"
"10","Andy Dalton",1,0,"16.8"
"11","Jay Cutler",1,0,"16.7"
"12","Ben Roethlisberger",1,0,"16"
"13","Brian Hoyer",1,0,"15.8"
"14","Tony Romo",1,0,"15.5"
"15","Aaron Rodgers",1,0,"15.3"
"16","Shaun Hill",1,0,"14.1"
"17","Alex Smith",1,0,"14"
"18","EJ Manuel",1,0,"13.2"
"19","Robert Griffin",1,0,"13.2"
"20","Carson Palmer",1,0,"13.1"
"21","Jake Locker",1,0,"13"
"22","Ryan Fitzpatrick",1,0,"12.8"
"23","Tom Brady",1,0,"12.5"
"24","Ryan Tannehill",1,0,"12.3"
"25","Geno Smith",1,0,"12"
"26","Matt Ryan",1,0,"11.8"
"27","Matt Cassel*",1,0,"11.6"
"28","Chad Henne",1,0,"11"
"29","Derek Carr",1,0,"10.3"
"30","Eli Manning",1,0,"9.5"
"31","Derek Anderson",1,0,"8.4"
"32","Josh McCown",1,0,"8.3"
"33","Joe Flacco",1,0,"8.2"
"34","Mark Brunell",1,0,NA
"35","Jon Kitna",1,0,"0"
"36","Todd Bouman",1,0,NA
"37","Charlie Batch",1,0,NA
"38","Matt Hasselbeck",1,0,"0"
"39","Jake Delhomme",1,0,NA
"40","Donovan McNabb",1,0,NA
"41","Daunte Culpepper",1,0,NA
"210","LeSean McCoy",1,2,"26.6"
"310","Jamaal Charles",1,2,"25.1"
"42","Adrian Peterson",1,2,"22.6"
"51","Marshawn Lynch",1,2,"18.3"
"61","Matt Forte",1,2,"17"
"71","Giovani Bernard",1,2,"17"
"81","C.J. Spiller*",1,2,"16.3"
"91","Montee Ball*",1,2,"15.7"
"101","Arian Foster",1,2,"15.4"
"111","Eddie Lacy",1,2,"15.1"
"121","Fred Jackson",1,2,"15"
"131","DeMarco Murray",1,2,"14.7"
"141","Ben Tate",1,2,"14.6"
"151","Alfred Morris",1,2,"14.5"
"161","Zac Stacy",1,2,"14.3"
"171","Frank Gore",1,2,"14.2"
"181","Le'Veon Bell",1,2,"14.2"
"191","Reggie Bush",1,2,"13.9"
"201","Bishop Sankey",1,2,"13.4"
"211","Trent Richardson",1,2,"13.2"
"221","Stevan Ridley*",1,2,"12.6"
"231","Rashad Jennings",1,2,"12.2"
"241","Mark Ingram",1,2,"11.6"
"251","Maurice Jones-Drew",1,2,"11.1"
"261","Steven Jackson",1,2,"11"
"271","Jonathan Dwyer*",1,2,"10.8"
"281","Chris Ivory",1,2,"9.8"
"291","Mike Tolbert*",1,2,"8.8"
"301","Darren Sproles",1,2,"8.3"
"311","Chris Johnson",1,2,"8.2"
"321","Knowshon Moreno*",1,2,"8"
"331","LeGarrette Blount",1,2,"8"
"341","Doug Martin",1,2,"7.8"
"351","Shane Vereen",1,2,"7.4"
"361","Joique Bell",1,2,"7.1"
"371","DeAngelo Williams",1,2,"6.7"
"381","Toby Gerhart",1,2,"6.5"
"391","Ryan Mathews",1,2,"5.9"
"401","Danny Woodhead*",1,2,"5.8"
"411","C.J. Anderson",1,2,"5.6"
"212","Calvin Johnson",1,4,"16.7"
"312","Demaryius Thomas",1,4,"15.7"
"43","A.J. Green",1,4,"15.2"
"52","Julio Jones",1,4,"15"
"62","Victor Cruz*",1,4,"14.8"
"72","Antonio Brown",1,4,"14.8"
"82","Emmanuel Sanders",1,4,"14.5"
"92","Andre Johnson",1,4,"14.2"
"102","Larry Fitzgerald",1,4,"14.1"
"112","Percy Harvin",1,4,"14.1"
"122","Cordarrelle Patterson",1,4,"13.9"
"132","Alshon Jeffery",1,4,"13.8"
"142","Marques Colston",1,4,"13.7"
"152","Dez Bryant",1,4,"13.6"
"162","Eric Decker",1,4,"13.2"
"172","Marqise Lee",1,4,"13.2"
"182","Reggie Wayne",1,4,"13.1"
"192","Brandon Marshall",1,4,"13"
"202","Michael Crabtree",1,4,"12.8"
"213","T.Y. Hilton",1,4,"12.8"
"222","Mike Wallace",1,4,"12.5"
"232","Jordy Nelson",1,4,"12.3"
"242","Pierre Garcon",1,4,"12.1"
"252","Keenan Allen",1,4,"12.1"
"262","Torrey Smith",1,4,"12"
"272","Tavon Austin",1,4,"11.8"
"282","Jeremy Maclin",1,4,"11.5"
"292","Mike Williams",1,4,"11.5"
"302","Vincent Jackson",1,4,"11.3"
"313","Donnie Avery",1,4,"11.1"
"322","James Jones",1,4,"10.1"
"332","Michael Floyd",1,4,"8.7"
"342","Rueben Randle",1,4,"8"
"352","Brandin Cooks",1,4,"7.4"
"362","Kendall Wright",1,4,"6.8"
"372","DeAndre Hopkins",1,4,"6.8"
"382","Roddy White",1,4,"6.5"
"392","Randall Cobb",1,4,"6.3"
"402","Julian Edelman",1,4,"6.1"
"412","Anquan Boldin",1,4,"6"
"214","Jimmy Graham",1,6,"22.4"
"314","Julius Thomas",1,6,"12.8"
"44","Jordan Cameron",1,6,"12.2"
"53","Rob Gronkowski",1,6,"11.9"
"63","Vernon Davis",1,6,"11.5"
"73","Jared Cook",1,6,"11.4"
"83","Jason Witten",1,6,"10.6"
"93","Greg Olsen",1,6,"10"
"103","Zach Ertz",1,6,"10"
"113","Jermaine Gresham",1,6,"9.3"
"123","Zach Miller*",1,6,"9.2"
"133","Eric Ebron",1,6,"9.1"
"143","Kyle Rudolph*",1,6,"5.3"
"153","Dennis Pitta*",1,6,"5.2"
"163","Marcedes Lewis*",1,6,"5.1"
"173","Charles Clay",1,6,"4.8"
"183","Ladarius Green",1,6,"4.8"
"193","Heath Miller",1,6,"4.7"
"203","Jordan Reed",1,6,"4.2"
"215","Ryan Griffin",1,6,"4.1"
"223","Delanie Walker",1,6,"4"
"233","Martellus Bennett",1,6,"4"
"243","Travis Kelce",1,6,"3.8"
"253","Coby Fleener",1,6,"3.1"
"263","Richard Rodgers",1,6,"3.1"
"273","Jace Amaro",1,6,"3.1"
"283","Antonio Gates",1,6,"3"
"293","Scott Chandler",1,6,"2.6"
"303","Brent Celek",1,6,"2.5"
"315","John Carlson",1,6,"2.3"
"323","Dwayne Allen",1,6,"2.2"
"333","Tyler Eifert*",1,6,"2.2"
"343","Austin Seferian-Jenkins",1,6,"2.2"
"353","Mychal Rivera",1,6,"2"
"363","Owen Daniels",1,6,"1.8"
"373","Brandon Pettigrew",1,6,"1.7"
"383","Tim Wright",1,6,"1.7"
"393","C.J. Fiedorowicz",1,6,"1.4"
"403","Levine Toilolo",1,6,"1.3"
"413","Anthony Fasano",1,6,"1"
"216","Bengals D/ST D/ST",1,16,"11"
"316","Panthers D/ST D/ST",1,16,"11"
"45","Eagles D/ST D/ST",1,16,"10"
"54","Seahawks D/ST D/ST",1,16,"10"
"64","Lions D/ST D/ST",1,16,"8"
"74","Rams D/ST D/ST",1,16,"8"
"84","Patriots D/ST D/ST",1,16,"8"
"94","Raiders D/ST D/ST",1,16,"7"
"104","Chiefs D/ST D/ST",1,16,"6"
"114","Dolphins D/ST D/ST",1,16,"6"
"124","49ers D/ST D/ST",1,16,"6"
"134","Saints D/ST D/ST",1,16,"5"
"144","Jets D/ST D/ST",1,16,"5"
"154","Cardinals D/ST D/ST",1,16,"5"
"164","Steelers D/ST D/ST",1,16,"5"
"174","Chargers D/ST D/ST",1,16,"5"
"184","Redskins D/ST D/ST",1,16,"5"
"194","Bears D/ST D/ST",1,16,"4"
"204","Browns D/ST D/ST",1,16,"4"
"217","Broncos D/ST D/ST",1,16,"4"
"224","Vikings D/ST D/ST",1,16,"4"
"234","Buccaneers D/ST D/ST",1,16,"4"
"244","Texans D/ST D/ST",1,16,"4"
"254","Bills D/ST D/ST",1,16,"3"
"264","Packers D/ST D/ST",1,16,"3"
"274","Titans D/ST D/ST",1,16,"3"
"284","Giants D/ST D/ST",1,16,"3"
"294","Ravens D/ST D/ST",1,16,"3"
"304","Cowboys D/ST D/ST",1,16,"2"
"317","Falcons D/ST D/ST",1,16,"-2"
"324","Colts D/ST D/ST",1,16,"-3"
"334","Jaguars D/ST D/ST",1,16,"-4"
"218","Steven Hauschka",1,17,"15"
"318","Stephen Gostkowski",1,17,"14"
"46","Nick Folk",1,17,"14"
"55","Justin Tucker",1,17,"13"
"65","Phil Dawson",1,17,"12"
"75","Robbie Gould",1,17,"12"
"85","Greg Zuerlein",1,17,"12"
"95","Cairo Santos",1,17,"12"
"105","Nick Novak",1,17,"11"
"115","Kai Forbath",1,17,"11"
"125","Chandler Catanzaro",1,17,"11"
"135","Josh Scobee",1,17,"10"
"145","Cody Parkey",1,17,"10"
"155","Adam Vinatieri",1,17,"9"
"165","Shaun Suisham",1,17,"9"
"175","Dan Carpenter",1,17,"9"
"185","Nate Freese",1,17,NA
"195","Sebastian Janikowski",1,17,"8"
"205","Billy Cundiff",1,17,"8"
"219","Matt Bryant",1,17,"8"
"225","Randy Bullock",1,17,"8"
"235","Caleb Sturgis",1,17,"8"
"245","Brandon McManus",1,17,"8"
"255","Shayne Graham",1,17,"7"
"265","Patrick Murray",1,17,"7"
"275","Mike Nugent",1,17,"6"
"285","Graham Gano",1,17,"6"
"295","Dan Bailey",1,17,"6"
"305","Blair Walsh",1,17,"6"
"319","Josh Brown",1,17,"5"
"325","Mason Crosby",1,17,"5"
"335","Ryan Succop",1,17,"5"
"344","Maikon Bonani",1,17,"5"
"354","John Kasay",1,17,NA
"364","Jason Hanson",1,17,NA
"374","Olindo Mare",1,17,NA
"384","Ryan Longwell",1,17,NA
"394","David Akers",1,17,"0"
"404","Kris Brown",1,17,NA
"414","Neil Rackers",1,17,NA
"220","Peyton Manning",2,0,"28"
"320","Drew Brees",2,0,"21.9"
"47","Andrew Luck",2,0,"21.9"
"56","Andy Dalton",2,0,"21.7"
"66","Tom Brady",2,0,"20.8"
"76","Aaron Rodgers",2,0,"20.1"
"86","Russell Wilson",2,0,"19.2"
"96","Jake Locker",2,0,"18.5"
"106","Ryan Fitzpatrick",2,0,"17.3"
"116","Nick Foles*",2,0,"17.2"
"126","Alex Smith",2,0,"17"
"136","Matthew Stafford",2,0,"16.9"
"146","Ben Roethlisberger",2,0,"16.1"
"156","Matt Ryan",2,0,"16"
"166","Tony Romo",2,0,"15.7"
"176","Robert Griffin",2,0,"15.3"
"186","Austin Davis",2,0,"14.9"
"196","Jay Cutler",2,0,"14.7"
"206","Philip Rivers",2,0,"14.6"
"2110","Geno Smith",2,0,"13.5"
"226","Cam Newton",2,0,"13.2"
"236","Colin Kaepernick",2,0,"13"
"246","Ryan Tannehill",2,0,"12.7"
"256","Drew Stanton",2,0,"12.1"
"266","Chad Henne",2,0,"11.3"
"276","Matt Cassel*",2,0,"11.1"
"286","Joe Flacco",2,0,"10.8"
"296","Brian Hoyer",2,0,"10.7"
"306","Josh McCown",2,0,"10.2"
"3110","Derek Carr",2,0,"10"
"326","Eli Manning",2,0,"9"
"336","EJ Manuel",2,0,"7.6"
"345","Mark Brunell",2,0,NA
"355","Jon Kitna",2,0,"0"
"365","Todd Bouman",2,0,NA
"375","Charlie Batch",2,0,NA
"385","Matt Hasselbeck",2,0,"0"
"395","Jake Delhomme",2,0,NA
"405","Donovan McNabb",2,0,NA
"415","Daunte Culpepper",2,0,NA
"227","LeSean McCoy",2,2,"19.1"
"327","Giovani Bernard",2,2,"17.9"
"48","Matt Forte",2,2,"17.6"
"57","Jamaal Charles",2,2,"16.9"
"67","Frank Gore",2,2,"16.2"
"77","Alfred Morris",2,2,"16"
"87","Shane Vereen",2,2,"15.8"
"97","Darren Sproles",2,2,"15.4"
"107","Marshawn Lynch",2,2,"15.3"
"117","Arian Foster",2,2,"15.2"
"127","Montee Ball*",2,2,"15.2"
"137","DeMarco Murray",2,2,"14.8"
"147","Le'Veon Bell",2,2,"14.2"
"157","Jonathan Stewart",2,2,"13.8"
"167","Eddie Lacy",2,2,"13.3"
"177","Matt Asiata",2,2,"13.1"
"187","Darren McFadden",2,2,"12.9"
"197","Reggie Bush",2,2,"12.7"
"207","Toby Gerhart",2,2,"12.4"
"2111","Fred Jackson",2,2,"12.2"
"228","Carlos Hyde",2,2,"11.4"
"237","Bobby Rainey",2,2,"11.3"
"247","Shonn Greene",2,2,"11.1"
"257","Jeremy Hill",2,2,"11"
"267","Justin Forsett",2,2,"10.7"
"277","Danny Woodhead*",2,2,"10.6"
"287","Chris Ivory",2,2,"10.5"
"297","Mark Ingram",2,2,"10.4"
"307","Jonathan Dwyer*",2,2,"9.4"
"3111","C.J. Spiller*",2,2,"9.1"
"328","Chris Johnson",2,2,"9"
"337","Ryan Mathews",2,2,"7.1"
"346","Knowshon Moreno*",2,2,"7"
"356","Trent Richardson",2,2,"6.9"
"366","Jerick McKinnon",2,2,"6.5"
"376","Terrance West",2,2,"6.5"
"386","Andre Ellington",2,2,"6.4"
"396","Rashad Jennings",2,2,"6.1"
"406","Zac Stacy",2,2,"6.1"
"416","Joique Bell",2,2,"5.9"
"229","Demaryius Thomas",2,4,"18"
"329","Jordy Nelson",2,4,"16.3"
"49","Calvin Johnson",2,4,"16.1"
"58","A.J. Green",2,4,"16.1"
"68","Antonio Brown",2,4,"15.7"
"78","Andre Johnson",2,4,"15.5"
"88","Percy Harvin",2,4,"14.9"
"98","Victor Cruz*",2,4,"14.9"
"108","Emmanuel Sanders",2,4,"14.8"
"118","Randall Cobb",2,4,"14.5"
"128","Donnie Avery",2,4,"14.3"
"138","Cordarrelle Patterson",2,4,"14.2"
"148","Allen Hurns",2,4,"13.9"
"158","Reggie Wayne",2,4,"13.8"
"168","Larry Fitzgerald",2,4,"13.7"
"178","Kendall Wright",2,4,"13.7"
"188","Marques Colston",2,4,"13.3"
"198","Mike Wallace",2,4,"13.2"
"208","Dez Bryant",2,4,"13.2"
"2112","Julio Jones",2,4,"13.2"
"2210","Vincent Jackson",2,4,"13.1"
"238","Jeremy Maclin",2,4,"13.1"
"248","Pierre Garcon",2,4,"13"
"258","Julian Edelman",2,4,"12.9"
"268","Brian Quick*",2,4,"12.9"
"278","DeAndre Hopkins",2,4,"12.6"
"288","Eric Decker",2,4,"12.1"
"298","Roddy White",2,4,"12"
"308","Andrew Hawkins",2,4,"11.4"
"3112","Keenan Allen",2,4,"11.3"
"3210","Brandin Cooks",2,4,"11.2"
"338","Michael Crabtree",2,4,"11.1"
"347","Brandon Marshall",2,4,"10.6"
"357","Dwayne Bowe",2,4,"10.3"
"367","Rod Streater*",2,4,"10"
"377","DeSean Jackson",2,4,"8.8"
"387","T.Y. Hilton",2,4,"8.1"
"397","Greg Jennings",2,4,"7.8"
"407","Michael Floyd",2,4,"6.8"
"417","Golden Tate",2,4,"6.7"
"230","Julius Thomas",2,6,"19.7"
"330","Jimmy Graham",2,6,"15.2"
"410","Greg Olsen",2,6,"13.2"
"59","Rob Gronkowski",2,6,"13"
"69","Dennis Pitta*",2,6,"11.3"
"79","Zach Miller*",2,6,"10.8"
"89","Martellus Bennett",2,6,"10.7"
"99","Jermaine Gresham",2,6,"10.6"
"109","Jason Witten",2,6,"10.1"
"119","Delanie Walker",2,6,"10"
"129","Charles Clay",2,6,"9.7"
"139","Jared Cook",2,6,"9"
"149","Vernon Davis",2,6,"5.7"
"159","Kyle Rudolph*",2,6,"5"
"169","Larry Donnell",2,6,"4.7"
"179","Heath Miller",2,6,"4.1"
"189","Brandon Myers",2,6,"3.8"
"199","Garrett Graham",2,6,"3.6"
"209","Travis Kelce",2,6,"3.6"
"2113","Antonio Gates",2,6,"3.3"
"2211","Zach Ertz",2,6,"3.3"
"239","Ladarius Green",2,6,"3.2"
"249","Levine Toilolo",2,6,"3.2"
"259","Andrew Quarless",2,6,"3.1"
"269","Niles Paul",2,6,"3.1"
"279","Dwayne Allen",2,6,"3"
"289","Marcedes Lewis*",2,6,"2.8"
"299","Gary Barnidge",2,6,"2.5"
"309","Tim Wright",2,6,"2.5"
"3113","Richard Rodgers",2,6,"2.4"
"3211","Jace Amaro",2,6,"2.4"
"339","Scott Chandler",2,6,"2.3"
"348","Ryan Griffin",2,6,"2.3"
"358","Eric Ebron",2,6,"2.2"
"368","Coby Fleener",2,6,"2.1"
"378","Jeff Cumberland",2,6,"2"
"388","John Carlson",2,6,"1.6"
"398","Jim Dray",2,6,"1.6"
"408","Owen Daniels",2,6,"1.5"
"418","Brent Celek",2,6,"1.5"
"240","Bills D/ST D/ST",2,16,"11"
"340","Cardinals D/ST D/ST",2,16,"11"
"419","Rams D/ST D/ST",2,16,"10"
"510","Saints D/ST D/ST",2,16,"9"
"610","Redskins D/ST D/ST",2,16,"9"
"710","Panthers D/ST D/ST",2,16,"8"
"810","Packers D/ST D/ST",2,16,"7"
"910","Dolphins D/ST D/ST",2,16,"7"
"1010","Steelers D/ST D/ST",2,16,"7"
"1110","49ers D/ST D/ST",2,16,"7"
"1210","Ravens D/ST D/ST",2,16,"7"
"1310","Broncos D/ST D/ST",2,16,"6"
"1410","Patriots D/ST D/ST",2,16,"6"
"1510","Giants D/ST D/ST",2,16,"6"
"1610","Seahawks D/ST D/ST",2,16,"6"
"1710","Buccaneers D/ST D/ST",2,16,"6"
"1810","Bengals D/ST D/ST",2,16,"5"
"1910","Titans D/ST D/ST",2,16,"5"
"2010","Raiders D/ST D/ST",2,16,"5"
"2114","Eagles D/ST D/ST",2,16,"5"
"2212","Bears D/ST D/ST",2,16,"4"
"2310","Lions D/ST D/ST",2,16,"4"
"2410","Colts D/ST D/ST",2,16,"4"
"2510","Texans D/ST D/ST",2,16,"4"
"2610","Falcons D/ST D/ST",2,16,"3"
"2710","Browns D/ST D/ST",2,16,"2"
"2810","Cowboys D/ST D/ST",2,16,"2"
"2910","Jaguars D/ST D/ST",2,16,"2"
"3010","Vikings D/ST D/ST",2,16,"1"
"3114","Jets D/ST D/ST",2,16,"1"
"3212","Chargers D/ST D/ST",2,16,"1"
"3310","Chiefs D/ST D/ST",2,16,"-2"
"250","Sebastian Janikowski",2,17,"14"
"349","Blair Walsh",2,17,"14"
"420","Josh Brown",2,17,"13"
"511","Mason Crosby",2,17,"12"
"611","Ryan Succop",2,17,"12"
"711","Josh Scobee",2,17,"11"
"811","Shaun Suisham",2,17,"11"
"911","Graham Gano",2,17,"11"
"1011","Greg Zuerlein",2,17,"11"
"1111","Justin Tucker",2,17,"11"
"1211","Chandler Catanzaro",2,17,"11"
"1311","Phil Dawson",2,17,"10"
"1411","Mike Nugent",2,17,"10"
"1511","Stephen Gostkowski",2,17,"10"
"1611","Adam Vinatieri",2,17,"9"
"1711","Dan Bailey",2,17,"9"
"1811","Kai Forbath",2,17,"9"
"1911","Cairo Santos",2,17,"9"
"2011","Nick Folk",2,17,"8"
"2115","Dan Carpenter",2,17,"8"
"2213","Caleb Sturgis",2,17,"8"
"2311","Brandon McManus",2,17,"8"
"2411","Patrick Murray",2,17,"8"
"2511","Steven Hauschka",2,17,"6"
"2611","Randy Bullock",2,17,"6"
"2711","Cody Parkey",2,17,"6"
"2811","Billy Cundiff",2,17,"5"
"2911","Nick Novak",2,17,"5"
"3011","Nate Freese",2,17,NA
"3115","Shayne Graham",2,17,"4"
"3213","Matt Bryant",2,17,"3"
"3311","Robbie Gould",2,17,"3"
"3410","John Kasay",2,17,NA
"359","Jason Hanson",2,17,NA
"369","Olindo Mare",2,17,NA
"379","Ryan Longwell",2,17,NA
"389","David Akers",2,17,"0"
"399","Kris Brown",2,17,NA
"409","Neil Rackers",2,17,NA
"4110","Rian Lindell",2,17,"0"
"260","Andrew Luck",3,0,"25.5"
"350","Peyton Manning",3,0,"24.5"
"421","Drew Brees",3,0,"23.4"
"512","Jay Cutler",3,0,"21.9"
"612","Cam Newton",3,0,"20.5"
"712","Matthew Stafford",3,0,"18.6"
"812","Matt Ryan",3,0,"18.5"
"912","Tom Brady",3,0,"17.6"
"1012","Aaron Rodgers",3,0,"17.6"
"1112","Philip Rivers",3,0,"17.4"
"1212","Russell Wilson",3,0,"17.3"
"1312","Nick Foles*",3,0,"16"
"1412","Ryan Tannehill",3,0,"15.8"
"1512","Tony Romo",3,0,"15"
"1612","Alex Smith",3,0,"13.7"
"1712","EJ Manuel",3,0,"13.5"
"1812","Kirk Cousins",3,0,"13.5"
"1912","Geno Smith",3,0,"13.1"
"2012","Colin Kaepernick",3,0,"12.6"
"2116","Derek Carr",3,0,"12.3"
"2214","Andy Dalton",3,0,"12.2"
"2312","Ryan Fitzpatrick",3,0,"12.2"
"2412","Austin Davis",3,0,"12.1"
"2512","Josh McCown",3,0,"12.1"
"2612","Brian Hoyer",3,0,"11.9"
"2712","Ben Roethlisberger",3,0,"11.9"
"2812","Joe Flacco",3,0,"11.8"
"2912","Chad Henne",3,0,"11.6"
"3012","Matt Cassel*",3,0,"11.5"
"3116","Jake Locker",3,0,"9.4"
"3214","Drew Stanton",3,0,"9.4"
"3312","Eli Manning",3,0,"8.3"
"3411","Mark Brunell",3,0,NA
"3510","Jon Kitna",3,0,"0"
"3610","Todd Bouman",3,0,NA
"3710","Charlie Batch",3,0,NA
"3810","Matt Hasselbeck",3,0,"0"
"3910","Jake Delhomme",3,0,NA
"4010","Donovan McNabb",3,0,NA
"4111","Daunte Culpepper",3,0,NA
"270","LeSean McCoy",3,2,"19.4"
"360","Giovani Bernard",3,2,"18.2"
"422","DeMarco Murray",3,2,"18"
"513","Bobby Rainey",3,2,"17.2"
"613","Rashad Jennings",3,2,"16"
"713","Joique Bell",3,2,"15.7"
"813","Matt Asiata",3,2,"15.6"
"913","C.J. Spiller*",3,2,"15.5"
"1013","Lamar Miller",3,2,"15.5"
"1113","Darren McFadden",3,2,"15.2"
"1213","Montee Ball*",3,2,"15.1"
"1313","Andre Ellington",3,2,"14.6"
"1413","Marshawn Lynch",3,2,"14.5"
"1513","Knile Davis",3,2,"14.5"
"1613","Justin Forsett",3,2,"14.3"
"1713","Eddie Lacy",3,2,"14.1"
"1813","Chris Johnson",3,2,"13.6"
"1913","Chris Ivory",3,2,"13.5"
"2013","Zac Stacy",3,2,"13.4"
"2117","Stevan Ridley*",3,2,"13.4"
"2215","Khiry Robinson",3,2,"13.2"
"2313","Alfred Blue",3,2,"13.2"
"2413","Alfred Morris",3,2,"12.8"
"2513","Trent Richardson",3,2,"12.6"
"2613","Frank Gore",3,2,"12.2"
"2713","Jeremy Hill",3,2,"11.9"
"2813","Ahmad Bradshaw",3,2,"9.8"
"2913","Le'Veon Bell",3,2,"9.3"
"3013","Matt Forte",3,2,"8.9"
"3117","Jonathan Stewart",3,2,"8.8"
"3215","Darren Sproles",3,2,"8.5"
"3313","Pierre Thomas*",3,2,"8.1"
"3412","Fred Jackson",3,2,"7.6"
"3511","Shane Vereen",3,2,"7.6"
"3611","Terrance West",3,2,"7"
"3711","Donald Brown",3,2,"6.6"
"3811","Reggie Bush",3,2,"6.6"
"3911","Danny Woodhead*",3,2,"6"
"4011","Dexter McCluster",3,2,"6"
"4112","Shonn Greene",3,2,"5.8"
"280","Jordy Nelson",3,4,"17.6"
"370","Calvin Johnson",3,4,"16.7"
"423","Julian Edelman",3,4,"16.5"
"514","Julio Jones",3,4,"15.9"
"614","Antonio Brown",3,4,"14.8"
"714","Brian Quick*",3,4,"14.7"
"814","Brandon Marshall",3,4,"14.6"
"914","Sammy Watkins",3,4,"14.1"
"1014","Andre Johnson",3,4,"13.8"
"1114","James Jones",3,4,"13.8"
"1214","Mike Wallace",3,4,"13.8"
"1314","Percy Harvin",3,4,"13.7"
"1414","Reggie Wayne",3,4,"13.7"
"1514","Randall Cobb",3,4,"13.7"
"1614","Dez Bryant",3,4,"13.5"
"1714","Jeremy Maclin",3,4,"13.4"
"1814","Golden Tate",3,4,"13.3"
"1914","Demaryius Thomas",3,4,"13.1"
"2014","Vincent Jackson",3,4,"13"
"2118","Michael Floyd",3,4,"12.8"
"2216","Marques Colston",3,4,"12.6"
"2314","Harry Douglas",3,4,"12.6"
"2414","Michael Crabtree",3,4,"12.5"
"2514","Pierre Garcon",3,4,"12.2"
"2614","Eric Decker",3,4,"12.1"
"2714","Brandin Cooks",3,4,"11.7"
"2814","Alshon Jeffery",3,4,"11.6"
"2914","Keenan Allen",3,4,"11.5"
"3014","Emmanuel Sanders",3,4,"11.2"
"3118","Victor Cruz*",3,4,"11.1"
"3216","Allen Hurns",3,4,"10.9"
"3314","Kendall Wright",3,4,"10.7"
"3413","A.J. Green",3,4,"8.3"
"3512","Steve Smith",3,4,"7.3"
"3612","Cordarrelle Patterson",3,4,"7.1"
"3712","Andre Roberts",3,4,"6.8"
"3812","Andrew Hawkins",3,4,"6.8"
"3912","DeAndre Hopkins",3,4,"6.5"
"4012","Larry Fitzgerald",3,4,"6.1"
"4113","Dexter McCluster",3,4,"6"
"290","Jimmy Graham",3,6,"16.6"
"380","Antonio Gates",3,6,"14.2"
"424","Jordan Cameron",3,6,"13.8"
"515","Greg Olsen",3,6,"12.4"
"615","Zach Miller*",3,6,"12.4"
"715","Julius Thomas",3,6,"12.4"
"815","Martellus Bennett",3,6,"12.2"
"915","Travis Kelce",3,6,"11.9"
"1015","Rob Gronkowski",3,6,"11.5"
"1115","Dennis Pitta*",3,6,"11.4"
"1215","Jason Witten",3,6,"11.2"
"1315","Kyle Rudolph*",3,6,"10.2"
"1415","Zach Ertz",3,6,"9.4"
"1515","Coby Fleener",3,6,"9"
"1615","Larry Donnell",3,6,"6.5"
"1715","Niles Paul",3,6,"6.2"
"1815","Jared Cook",3,6,"5.9"
"1915","Delanie Walker",3,6,"5.3"
"2015","Brandon Myers",3,6,"4.3"
"2119","Garrett Graham",3,6,"4.2"
"2217","Charles Clay",3,6,"4"
"2315","Mychal Rivera",3,6,"3.4"
"2415","Derek Carrier",3,6,"3.3"
"2515","Heath Miller",3,6,"3.1"
"2615","Anthony Fasano",3,6,"3"
"2715","Dwayne Allen",3,6,"3"
"2815","Jermaine Gresham",3,6,"2.8"
"2915","Eric Ebron",3,6,"2.7"
"3015","Jeff Cumberland",3,6,"2.6"
"3119","John Carlson",3,6,"2.5"
"3217","Ladarius Green",3,6,"2.4"
"3315","Gary Barnidge",3,6,"2.2"
"3414","Mickey Charles Shuler*",3,6,"2.2"
"3513","Owen Daniels",3,6,"2.1"
"3613","Taylor Thompson",3,6,"2.1"
"3713","Levine Toilolo",3,6,"2.1"
"3813","Andrew Quarless",3,6,"1.7"
"3913","Scott Chandler",3,6,"1.6"
"4013","Lance Kendricks",3,6,"1.5"
"4114","Joseph Fauria",3,6,"1.4"
"2100","Panthers D/ST D/ST",3,16,"11"
"390","Patriots D/ST D/ST",3,16,"10"
"425","49ers D/ST D/ST",3,16,"9"
"516","Bengals D/ST D/ST",3,16,"8"
"616","Colts D/ST D/ST",3,16,"8"
"716","Chiefs D/ST D/ST",3,16,"8"
"816","Cardinals D/ST D/ST",3,16,"8"
"916","Texans D/ST D/ST",3,16,"8"
"1016","Rams D/ST D/ST",3,16,"7"
"1116","Saints D/ST D/ST",3,16,"7"
"1216","Giants D/ST D/ST",3,16,"6"
"1316","Redskins D/ST D/ST",3,16,"6"
"1416","Bills D/ST D/ST",3,16,"5"
"1516","Bears D/ST D/ST",3,16,"5"
"1616","Browns D/ST D/ST",3,16,"5"
"1716","Cowboys D/ST D/ST",3,16,"5"
"1816","Dolphins D/ST D/ST",3,16,"5"
"1916","Falcons D/ST D/ST",3,16,"4"
"2016","Lions D/ST D/ST",3,16,"4"
"2120","Titans D/ST D/ST",3,16,"4"
"2218","Eagles D/ST D/ST",3,16,"4"
"2316","Ravens D/ST D/ST",3,16,"4"
"2416","Broncos D/ST D/ST",3,16,"3"
"2516","Jets D/ST D/ST",3,16,"3"
"2616","Chargers D/ST D/ST",3,16,"3"
"2716","Seahawks D/ST D/ST",3,16,"3"
"2816","Buccaneers D/ST D/ST",3,16,"3"
"2916","Packers D/ST D/ST",3,16,"2"
"3016","Raiders D/ST D/ST",3,16,"2"
"3120","Steelers D/ST D/ST",3,16,"2"
"3218","Vikings D/ST D/ST",3,16,"0"
"3316","Jaguars D/ST D/ST",3,16,"0"
"2101","Matt Bryant",3,17,"14"
"3100","Graham Gano",3,17,"14"
"426","Steven Hauschka",3,17,"12"
"517","Nate Freese",3,17,NA
"617","Nick Novak",3,17,"11"
"717","Dan Carpenter",3,17,"11"
"817","Greg Zuerlein",3,17,"11"
"917","Blair Walsh",3,17,"11"
"1017","Justin Tucker",3,17,"11"
"1117","Cairo Santos",3,17,"11"
"1217","Patrick Murray",3,17,"11"
"1317","Shayne Graham",3,17,"10"
"1417","Stephen Gostkowski",3,17,"10"
"1517","Ryan Succop",3,17,"10"
"1617","Cody Parkey",3,17,"10"
"1717","Nick Folk",3,17,"9"
"1817","Dan Bailey",3,17,"9"
"1917","Phil Dawson",3,17,"8"
"2017","Billy Cundiff",3,17,"8"
"2121","Josh Brown",3,17,"8"
"2219","Mike Nugent",3,17,"8"
"2317","Kai Forbath",3,17,"8"
"2417","Randy Bullock",3,17,"8"
"2517","Caleb Sturgis",3,17,"8"
"2617","Chandler Catanzaro",3,17,"8"
"2717","Adam Vinatieri",3,17,"7"
"2817","Shaun Suisham",3,17,"7"
"2917","Robbie Gould",3,17,"6"
"3017","Mason Crosby",3,17,"6"
"3121","Sebastian Janikowski",3,17,"5"
"3219","Josh Scobee",3,17,"4"
"3317","Brandon McManus",3,17,"4"
"3415","John Kasay",3,17,NA
"3514","Jason Hanson",3,17,NA
"3614","Olindo Mare",3,17,NA
"3714","Ryan Longwell",3,17,NA
"3814","David Akers",3,17,"0"
"3914","Kris Brown",3,17,NA
"4014","Neil Rackers",3,17,NA
"4115","Rian Lindell",3,17,"0"
"2102","Philip Rivers",4,0,"26.4"
"3101","Drew Brees",4,0,"23.2"
"427","Kirk Cousins",4,0,"20.2"
"518","Colin Kaepernick",4,0,"19.9"
"618","Matt Ryan",4,0,"19.7"
"718","Jay Cutler",4,0,"18.5"
"818","Nick Foles*",4,0,"17.9"
"918","Matthew Stafford",4,0,"17.4"
"1018","Aaron Rodgers",4,0,"17.3"
"1118","Ben Roethlisberger",4,0,"17"
"1218","Tom Brady",4,0,"17"
"1318","Andrew Luck",4,0,"16.6"
"1418","Tony Romo",4,0,"15.5"
"1518","Eli Manning",4,0,"14.6"
"1618","Cam Newton",4,0,"14.4"
"1718","Ryan Tannehill",4,0,"14.3"
"1818","Teddy Bridgewater",4,0,"13.7"
"1918","EJ Manuel",4,0,"12.9"
"2018","Alex Smith",4,0,"12.1"
"2122","Charlie Whitehurst",4,0,"11.7"
"2220","Blake Bortles",4,0,"11.5"
"2318","Derek Carr",4,0,"11.4"
"2418","Mike Glennon",4,0,"11.1"
"2518","Joe Flacco",4,0,"10.6"
"2618","Ryan Fitzpatrick",4,0,"10.3"
"2718","Geno Smith",4,0,"7"
"2818","Mark Brunell",4,0,NA
"2918","Jon Kitna",4,0,"0"
"3018","Todd Bouman",4,0,NA
"3122","Peyton Manning",4,0,NA
"3220","Charlie Batch",4,0,NA
"3318","Matt Hasselbeck",4,0,"0"
"3416","Jake Delhomme",4,0,NA
"3515","Donovan McNabb",4,0,NA
"3615","Daunte Culpepper",4,0,NA
"3715","Chris Greisen",4,0,NA
"3815","Jeff Garcia",4,0,NA
"3915","Chris Redman",4,0,NA
"4015","Billy Volek",4,0,NA
"4116","Michael Vick",4,0,"0"
"2103","Le'Veon Bell",4,2,"19.3"
"3102","Matt Forte",4,2,"18.4"
"428","DeMarco Murray",4,2,"17.9"
"519","Lamar Miller",4,2,"17.1"
"619","C.J. Spiller*",4,2,"15.6"
"719","Fred Jackson",4,2,"15.3"
"819","Matt Asiata",4,2,"15.2"
"919","LeSean McCoy",4,2,"15.1"
"1019","Donald Brown",4,2,"15"
"1119","Alfred Morris",4,2,"15"
"1219","Jamaal Charles",4,2,"14.9"
"1319","Rashad Jennings",4,2,"14.8"
"1419","Ahmad Bradshaw",4,2,"14.7"
"1519","Doug Martin",4,2,"14.7"
"1619","Eddie Lacy",4,2,"14.5"
"1719","Khiry Robinson",4,2,"13.4"
"1819","Trent Richardson",4,2,"13.1"
"1919","Shonn Greene",4,2,"12.7"
"2019","Chris Ivory",4,2,"11.4"
"2123","Darren McFadden",4,2,"11.4"
"2221","Reggie Bush",4,2,"11.1"
"2319","Steven Jackson",4,2,"11"
"2419","LeGarrette Blount",4,2,"9.8"
"2519","Carlos Hyde",4,2,"9.5"
"2619","Darren Sproles",4,2,"9.1"
"2719","Stevan Ridley*",4,2,"7.6"
"2819","Pierre Thomas*",4,2,"7.1"
"2919","Arian Foster",4,2,"6.8"
"3019","DeAngelo Williams",4,2,"6.7"
"3123","Shane Vereen",4,2,"6.2"
"3221","Toby Gerhart",4,2,"5.6"
"3319","Frank Gore",4,2,"5.3"
"3417","Bishop Sankey",4,2,"5.3"
"3516","Lorenzo Taliaferro",4,2,"5.3"
"3616","Joique Bell",4,2,"5.2"
"3716","Alfred Blue",4,2,"5"
"3816","Chris Johnson",4,2,"4.8"
"3916","Justin Forsett",4,2,"4.7"
"4016","Branden Oliver",4,2,"4.7"
"4117","James Starks",4,2,"4.5"
"2104","Calvin Johnson",4,4,"18.2"
"3103","Julio Jones",4,4,"18.2"
"429","Jordy Nelson",4,4,"16.6"
"520","Julian Edelman",4,4,"16.2"
"620","Antonio Brown",4,4,"15.7"
"720","Dez Bryant",4,4,"15.3"
"820","Victor Cruz*",4,4,"15.1"
"920","Pierre Garcon",4,4,"14.3"
"1020","Jeremy Maclin",4,4,"14.1"
"1120","Mike Wallace",4,4,"14.1"
"1220","Steve Smith",4,4,"14"
"1320","Andre Johnson",4,4,"14"
"1420","Kelvin Benjamin",4,4,"13.9"
"1520","Marques Colston",4,4,"13.7"
"1620","Michael Crabtree",4,4,"13.5"
"1720","Brandin Cooks",4,4,"13.5"
"1820","Roddy White",4,4,"12.9"
"1920","Keenan Allen",4,4,"12.9"
"2020","James Jones",4,4,"12.8"
"2124","Brandon Marshall",4,4,"12.6"
"2222","Greg Jennings",4,4,"12.5"
"2320","Alshon Jeffery",4,4,"12.3"
"2420","Randall Cobb",4,4,"12.1"
"2520","Eddie Royal",4,4,"11.7"
"2620","Reggie Wayne",4,4,"11.1"
"2720","Terrance Williams",4,4,"10.4"
"2820","Cecil Shorts III",4,4,"10.2"
"2920","Vincent Jackson",4,4,"10.1"
"3020","Cordarrelle Patterson",4,4,"9.7"
"3124","Jordan Matthews",4,4,"9.5"
"3222","Golden Tate",4,4,"7.5"
"3320","DeAndre Hopkins",4,4,"7.4"
"3418","DeSean Jackson",4,4,"7.1"
"3517","Allen Robinson",4,4,"6.4"
"3617","Stevie Johnson",4,4,"5.8"
"3717","Devin Hester",4,4,"5.7"
"3817","Markus Wheaton",4,4,"5.7"
"3917","Anquan Boldin",4,4,"5.3"
"4017","Sammy Watkins",4,4,"5.3"
"4118","Kendall Wright",4,4,"5.1"
"2105","Jimmy Graham",4,6,"15.2"
"3104","Delanie Walker",4,6,"13.8"
"430","Antonio Gates",4,6,"13"
"521","Larry Donnell",4,6,"11.1"
"621","Rob Gronkowski",4,6,"10.8"
"721","Travis Kelce",4,6,"10.8"
"821","Vernon Davis",4,6,"10.1"
"921","Greg Olsen",4,6,"6.8"
"1021","Niles Paul",4,6,"5.6"
"1121","Martellus Bennett",4,6,"4.6"
"1221","Zach Ertz",4,6,"4.6"
"1321","Ladarius Green",4,6,"4.5"
"1421","Heath Miller",4,6,"3.8"
"1521","Jason Witten",4,6,"3.6"
"1621","Owen Daniels",4,6,"3.3"
"1721","Charles Clay",4,6,"3.2"
"1821","Mychal Rivera",4,6,"3.2"
"1921","Brandon Myers",4,6,"3"
"2021","Garrett Graham",4,6,"3"
"2125","Levine Toilolo",4,6,"2.8"
"2223","Scott Chandler",4,6,"2.7"
"2321","Jeff Cumberland",4,6,"2.6"
"2421","Rhett Ellison",4,6,"2.6"
"2521","Dwayne Allen",4,6,"2.4"
"2621","Andrew Quarless",4,6,"2.3"
"2721","Coby Fleener",4,6,"2.3"
"2821","Anthony Fasano",4,6,"2"
"2921","Clay Harbor",4,6,"1.8"
"3021","Derek Carrier",4,6,"1.6"
"3125","Eric Ebron",4,6,"1.4"
"3223","Tim Wright",4,6,"1.2"
"3321","Dante Rosario",4,6,"1.1"
"3419","Austin Seferian-Jenkins",4,6,"1.1"
"3518","Brent Celek",4,6,"0.8"
"3618","Jace Amaro",4,6,"0.4"
"3718","Tony Gonzalez",4,6,"0"
"3818","Reggie Kelly",4,6,NA
"3918","Jimmy Kleinsasser",4,6,NA
"4018","Desmond Clark",4,6,NA
"4119","Anthony Becht",4,6,NA
"2106","Chargers D/ST D/ST",4,16,"11"
"3105","Redskins D/ST D/ST",4,16,"9"
"431","Dolphins D/ST D/ST",4,16,"8"
"522","Patriots D/ST D/ST",4,16,"8"
"622","Lions D/ST D/ST",4,16,"7"
"722","Raiders D/ST D/ST",4,16,"7"
"822","Falcons D/ST D/ST",4,16,"6"
"922","Bills D/ST D/ST",4,16,"6"
"1022","Bears D/ST D/ST",4,16,"6"
"1122","Jets D/ST D/ST",4,16,"6"
"1222","Steelers D/ST D/ST",4,16,"5"
"1322","Panthers D/ST D/ST",4,16,"5"
"1422","Titans D/ST D/ST",4,16,"4"
"1522","Eagles D/ST D/ST",4,16,"4"
"1622","49ers D/ST D/ST",4,16,"4"
"1722","Buccaneers D/ST D/ST",4,16,"4"
"1822","Colts D/ST D/ST",4,16,"3"
"1922","Saints D/ST D/ST",4,16,"3"
"2022","Packers D/ST D/ST",4,16,"2"
"2126","Chiefs D/ST D/ST",4,16,"2"
"2224","Giants D/ST D/ST",4,16,"2"
"2322","Ravens D/ST D/ST",4,16,"2"
"2422","Texans D/ST D/ST",4,16,"2"
"2522","Vikings D/ST D/ST",4,16,"0"
"2622","Jaguars D/ST D/ST",4,16,"-2"
"2722","Cowboys D/ST D/ST",4,16,"-3"
"2822","Bengals D/ST D/ST",4,16,NA
"2922","Browns D/ST D/ST",4,16,NA
"3022","Broncos D/ST D/ST",4,16,NA
"3126","Rams D/ST D/ST",4,16,NA
"3224","Cardinals D/ST D/ST",4,16,NA
"3322","Seahawks D/ST D/ST",4,16,NA
"2107","Robbie Gould",4,17,"15"
"3106","Shaun Suisham",4,17,"15"
"432","Blair Walsh",4,17,"14"
"523","Nick Novak",4,17,"13"
"623","Nick Folk",4,17,"13"
"723","Graham Gano",4,17,"13"
"823","Justin Tucker",4,17,"13"
"923","Matt Bryant",4,17,"12"
"1023","Stephen Gostkowski",4,17,"11"
"1123","Alex Henery",4,17,NA
"1223","Caleb Sturgis",4,17,"11"
"1323","Cairo Santos",4,17,"11"
"1423","Phil Dawson",4,17,"9"
"1523","Dan Bailey",4,17,"9"
"1623","Kai Forbath",4,17,"9"
"1723","Cody Parkey",4,17,"9"
"1823","Sebastian Janikowski",4,17,"8"
"1923","Dan Carpenter",4,17,"8"
"2023","Ryan Succop",4,17,"8"
"2127","Randy Bullock",4,17,"8"
"2225","Adam Vinatieri",4,17,"7"
"2323","Josh Brown",4,17,"6"
"2423","Mason Crosby",4,17,"6"
"2523","Patrick Murray",4,17,"5"
"2623","Shayne Graham",4,17,"4"
"2723","Josh Scobee",4,17,"4"
"2823","John Kasay",4,17,NA
"2923","Jason Hanson",4,17,NA
"3023","Olindo Mare",4,17,NA
"3127","Ryan Longwell",4,17,NA
"3225","David Akers",4,17,"0"
"3323","Kris Brown",4,17,NA
"3420","Neil Rackers",4,17,NA
"3519","Rian Lindell",4,17,"0"
"3619","Jay Feely",4,17,NA
"3719","Lawrence Tynes",4,17,NA
"3819","Billy Cundiff",4,17,NA
"3919","Jeff Reed",4,17,NA
"4019","Nate Kaeding",4,17,NA
"4120","Mike Nugent",4,17,NA
"2108","Philip Rivers",5,0,"22.6"
"3107","Peyton Manning",5,0,"21.2"
"433","Ben Roethlisberger",5,0,"21"
"524","Drew Brees",5,0,"20.8"
"624","Andrew Luck",5,0,"19.9"
"724","Aaron Rodgers",5,0,"18.7"
"824","Russell Wilson",5,0,"18.6"
"924","Matthew Stafford",5,0,"17.9"
"1024","Matt Ryan",5,0,"17.6"
"1124","Austin Davis",5,0,"17.6"
"1224","Joe Flacco",5,0,"17.4"
"1324","Colin Kaepernick",5,0,"17.3"
"1424","Nick Foles*",5,0,"16.4"
"1524","Jay Cutler",5,0,"16"
"1624","Eli Manning",5,0,"16"
"1724","Ryan Fitzpatrick",5,0,"15.3"
"1824","Alex Smith",5,0,"15"
"1924","Drew Stanton",5,0,"13.7"
"2024","Jake Locker",5,0,"13.6"
"2128","Cam Newton",5,0,"13.4"
"2226","Kirk Cousins",5,0,"13.3"
"2324","Mike Glennon",5,0,"12.8"
"2424","Tony Romo",5,0,"11.9"
"2524","Geno Smith",5,0,"11.6"
"2624","Blake Bortles",5,0,"11.1"
"2724","Christian Ponder",5,0,"10.9"
"2824","Andy Dalton",5,0,"10.7"
"2924","Brian Hoyer",5,0,"9.3"
"3024","Kyle Orton",5,0,"8.6"
"3128","Tom Brady",5,0,"8.4"
"3226","Mark Brunell",5,0,NA
"3324","Jon Kitna",5,0,"0"
"3421","Todd Bouman",5,0,NA
"3520","Charlie Batch",5,0,NA
"3620","Matt Hasselbeck",5,0,"0"
"3720","Jake Delhomme",5,0,NA
"3820","Donovan McNabb",5,0,NA
"3920","Daunte Culpepper",5,0,NA
"4020","Chris Greisen",5,0,NA
"4121","Jeff Garcia",5,0,NA
"2109","Le'Veon Bell",5,2,"21.3"
"3108","DeMarco Murray",5,2,"19"
"434","Rashad Jennings",5,2,"17.4"
"525","LeSean McCoy",5,2,"16.8"
"625","Giovani Bernard",5,2,"16.4"
"725","Marshawn Lynch",5,2,"16.3"
"825","Andre Ellington",5,2,"15.6"
"925","Chris Ivory",5,2,"15"
"1025","Khiry Robinson",5,2,"14.7"
"1125","Matt Asiata",5,2,"14.5"
"1225","Alfred Morris",5,2,"14.4"
"1325","Doug Martin",5,2,"13.4"
"1425","Jamaal Charles",5,2,"13"
"1525","C.J. Spiller*",5,2,"12.9"
"1625","Eddie Lacy",5,2,"12.7"
"1725","Ahmad Bradshaw",5,2,"12.3"
"1825","Steven Jackson",5,2,"12"
"1925","Ben Tate",5,2,"11.9"
"2025","Lorenzo Taliaferro",5,2,"11.2"
"2129","Darrin Reaves",5,2,"10.9"
"2227","Matt Forte",5,2,"10.9"
"2325","Shonn Greene",5,2,"10.7"
"2425","Isaiah Crowell",5,2,"10.4"
"2525","Andre Williams",5,2,"10.3"
"2625","Toby Gerhart",5,2,"10.1"
"2725","Roy Helu",5,2,"10"
"2825","Jerick McKinnon",5,2,"9.2"
"2925","Arian Foster",5,2,"9"
"3025","Zac Stacy",5,2,"8.3"
"3129","Reggie Bush",5,2,"7.8"
"3227","Bishop Sankey",5,2,"7.8"
"3325","Justin Forsett",5,2,"7.6"
"3422","Darren Sproles",5,2,"7.2"
"3521","Frank Gore",5,2,"7.1"
"3621","Trent Richardson",5,2,"6.9"
"3721","Fred Jackson",5,2,"6.8"
"3821","Montee Ball*",5,2,"6.1"
"3921","Pierre Thomas*",5,2,"5.9"
"4021","Stevan Ridley*",5,2,"5.8"
"4122","Jeremy Hill",5,2,"5.4"
"2130","Antonio Brown",5,4,"17.2"
"3109","Julio Jones",5,4,"17.1"
"435","Jordy Nelson",5,4,"16.1"
"526","Steve Smith",5,4,"15.5"
"626","A.J. Green",5,4,"14.9"
"726","Calvin Johnson",5,4,"14.6"
"826","Emmanuel Sanders",5,4,"14.2"
"926","DeAndre Hopkins",5,4,"14.2"
"1026","Victor Cruz*",5,4,"14.1"
"1126","Michael Floyd",5,4,"14.1"
"1226","Brian Quick*",5,4,"13.9"
"1326","Keenan Allen",5,4,"13.8"
"1426","Jeremy Maclin",5,4,"13.7"
"1526","Demaryius Thomas",5,4,"13.5"
"1626","Andre Johnson",5,4,"13.4"
"1726","Marques Colston",5,4,"13.2"
"1826","Pierre Garcon",5,4,"13.1"
"1926","Dez Bryant",5,4,"13.1"
"2026","Kelvin Benjamin",5,4,"13"
"2131","Percy Harvin",5,4,"12.8"
"2228","Reggie Wayne",5,4,"12.7"
"2326","Vincent Jackson",5,4,"12.7"
"2426","Roddy White",5,4,"12.5"
"2526","Randall Cobb",5,4,"12.5"
"2626","Eddie Royal",5,4,"12.4"
"2726","Allen Hurns",5,4,"12.1"
"2826","Michael Crabtree",5,4,"11.8"
"2926","Jeremy Kerley",5,4,"11.7"
"3026","Anquan Boldin",5,4,"11.3"
"3130","Torrey Smith",5,4,"11"
"3228","Sammy Watkins",5,4,"10.7"
"3326","Dwayne Bowe",5,4,"10.5"
"3423","Brandon Marshall",5,4,"10"
"3522","Doug Baldwin",5,4,"9.4"
"3622","Greg Jennings",5,4,"9.3"
"3722","Julian Edelman",5,4,"8.3"
"3822","Golden Tate",5,4,"8.1"
"3922","T.Y. Hilton",5,4,"6.6"
"4022","Markus Wheaton",5,4,"6.4"
"4123","Brandin Cooks",5,4,"6.3"
"2132","Jimmy Graham",5,6,"14.5"
"3131","Delanie Walker",5,6,"13.6"
"436","Martellus Bennett",5,6,"12"
"527","Heath Miller",5,6,"11.9"
"627","Jared Cook",5,6,"11.9"
"727","Travis Kelce",5,6,"11.9"
"827","Rob Gronkowski",5,6,"11.8"
"927","Larry Donnell",5,6,"11.7"
"1027","Julius Thomas",5,6,"11.4"
"1127","Jordan Cameron",5,6,"10.5"
"1227","Antonio Gates",5,6,"10.2"
"1327","Zach Ertz",5,6,"10"
"1427","Eric Ebron",5,6,"9.8"
"1527","Owen Daniels",5,6,"5.7"
"1627","Greg Olsen",5,6,"5.6"
"1727","Jace Amaro",5,6,"4.4"
"1827","Jason Witten",5,6,"4.1"
"1927","John Carlson",5,6,"4.1"
"2027","Jermaine Gresham",5,6,"3.7"
"2133","Austin Seferian-Jenkins",5,6,"3.6"
"2229","Dwayne Allen",5,6,"3.4"
"2327","Coby Fleener",5,6,"3.2"
"2427","Richard Rodgers",5,6,"3.2"
"2527","Niles Paul",5,6,"3"
"2627","Garrett Graham",5,6,"2.7"
"2727","Clay Harbor",5,6,"2.6"
"2827","Vance McDonald",5,6,"2.6"
"2927","Levine Toilolo",5,6,"2.5"
"3027","Lance Kendricks",5,6,"2.4"
"3132","Scott Chandler",5,6,"2.3"
"3229","Logan Paulsen",5,6,"2.1"
"3327","Ladarius Green",5,6,"2"
"3424","Anthony Fasano",5,6,"1.7"
"3523","Brandon Myers",5,6,"1.7"
"3623","Derek Carrier",5,6,"1.5"
"3723","Chase Ford",5,6,"1.5"
"3823","Josh Hill",5,6,"1.4"
"3923","Jeff Cumberland",5,6,"1.2"
"4023","Rhett Ellison",5,6,"1.1"
"4124","Brent Celek",5,6,"1"
"2134","49ers D/ST D/ST",5,16,"9"
"3133","Bengals D/ST D/ST",5,16,"8"
"437","Steelers D/ST D/ST",5,16,"8"
"528","Chargers D/ST D/ST",5,16,"8"
"628","Bears D/ST D/ST",5,16,"7"
"728","Lions D/ST D/ST",5,16,"7"
"828","Panthers D/ST D/ST",5,16,"7"
"928","Packers D/ST D/ST",5,16,"5"
"1028","Chiefs D/ST D/ST",5,16,"5"
"1128","Seahawks D/ST D/ST",5,16,"5"
"1228","Bills D/ST D/ST",5,16,"4"
"1328","Cowboys D/ST D/ST",5,16,"4"
"1428","Broncos D/ST D/ST",5,16,"4"
"1528","Titans D/ST D/ST",5,16,"4"
"1628","Saints D/ST D/ST",5,16,"4"
"1728","Redskins D/ST D/ST",5,16,"4"
"1828","Texans D/ST D/ST",5,16,"4"
"1928","Browns D/ST D/ST",5,16,"3"
"2028","Vikings D/ST D/ST",5,16,"3"
"2135","Jets D/ST D/ST",5,16,"3"
"2230","Eagles D/ST D/ST",5,16,"3"
"2328","Colts D/ST D/ST",5,16,"2"
"2428","Patriots D/ST D/ST",5,16,"2"
"2528","Giants D/ST D/ST",5,16,"2"
"2628","Cardinals D/ST D/ST",5,16,"2"
"2728","Falcons D/ST D/ST",5,16,"1"
"2828","Rams D/ST D/ST",5,16,"1"
"2928","Buccaneers D/ST D/ST",5,16,"-1"
"3028","Ravens D/ST D/ST",5,16,"-2"
"3134","Jaguars D/ST D/ST",5,16,"-4"
"3230","Raiders D/ST D/ST",5,16,NA
"3328","Dolphins D/ST D/ST",5,16,NA
"2136","Mike Nugent",5,17,"14"
"3135","Blair Walsh",5,17,"14"
"438","Shaun Suisham",5,17,"13"
"529","Cody Parkey",5,17,"13"
"629","Adam Vinatieri",5,17,"12"
"729","Matt Bryant",5,17,"12"
"829","Nick Novak",5,17,"12"
"929","Phil Dawson",5,17,"11"
"1029","Graham Gano",5,17,"11"
"1129","Ryan Succop",5,17,"11"
"1229","Greg Zuerlein",5,17,"11"
"1329","Randy Bullock",5,17,"11"
"1429","Chandler Catanzaro",5,17,"11"
"1529","Shayne Graham",5,17,"10"
"1629","Dan Bailey",5,17,"9"
"1729","Justin Tucker",5,17,"9"
"1829","Robbie Gould",5,17,"8"
"1929","Alex Henery",5,17,NA
"2029","Stephen Gostkowski",5,17,"7"
"2137","Steven Hauschka",5,17,"7"
"2231","Billy Cundiff",5,17,"6"
"2329","Mason Crosby",5,17,"6"
"2429","Kai Forbath",5,17,"6"
"2529","Brandon McManus",5,17,"6"
"2629","Cairo Santos",5,17,"6"
"2729","Josh Scobee",5,17,"5"
"2829","Patrick Murray",5,17,"5"
"2929","Josh Brown",5,17,"4"
"3029","Nick Folk",5,17,"2"
"3136","Dan Carpenter",5,17,"2"
"3231","John Kasay",5,17,NA
"3329","Jason Hanson",5,17,NA
"3425","Olindo Mare",5,17,NA
"3524","Ryan Longwell",5,17,NA
"3624","David Akers",5,17,"0"
"3724","Kris Brown",5,17,NA
"3824","Sebastian Janikowski",5,17,NA
"3924","Neil Rackers",5,17,NA
"4024","Rian Lindell",5,17,"0"
"4125","Jay Feely",5,17,"0"
"2138","Peyton Manning",6,0,"28.5"
"3137","Eli Manning",6,0,"21.6"
"439","Andrew Luck",6,0,"19.7"
"530","Ben Roethlisberger",6,0,"19.6"
"630","Philip Rivers",6,0,"19.1"
"730","Jay Cutler",6,0,"18.9"
"830","Russell Wilson",6,0,"18.3"
"930","Charlie Whitehurst",6,0,"17.8"
"1030","Joe Flacco",6,0,"17.7"
"1130","Kirk Cousins",6,0,"17.7"
"1230","Matt Ryan",6,0,"17.5"
"1330","Carson Palmer",6,0,"17.2"
"1430","Matthew Stafford",6,0,"16.9"
"1530","Aaron Rodgers",6,0,"16.9"
"1630","Andy Dalton",6,0,"16.6"
"1730","Tony Romo",6,0,"16.5"
"1830","Nick Foles*",6,0,"16.2"
"1930","Austin Davis",6,0,"16"
"2030","Tom Brady",6,0,"15.3"
"2139","Cam Newton",6,0,"14.5"
"2232","Colin Kaepernick",6,0,"13.5"
"2330","Brian Hoyer",6,0,"13.4"
"2430","Mike Glennon",6,0,"11.3"
"2530","Ryan Tannehill",6,0,"11"
"2630","Derek Carr",6,0,"10.1"
"2730","Blake Bortles",6,0,"9.3"
"2830","Kyle Orton",6,0,"9.2"
"2930","Ryan Fitzpatrick",6,0,"9.1"
"3030","Geno Smith",6,0,"7.8"
"3138","Teddy Bridgewater",6,0,"6.1"
"3232","Mark Brunell",6,0,NA
"3330","Jon Kitna",6,0,"0"
"3426","Todd Bouman",6,0,NA
"3525","Charlie Batch",6,0,NA
"3625","Matt Hasselbeck",6,0,"0"
"3725","Jake Delhomme",6,0,NA
"3825","Donovan McNabb",6,0,NA
"3925","Daunte Culpepper",6,0,NA
"4025","Chris Greisen",6,0,NA
"4126","Jeff Garcia",6,0,NA
"2140","Le'Veon Bell",6,2,"20.7"
"3139","Matt Forte",6,2,"19.3"
"440","Giovani Bernard",6,2,"18.6"
"531","DeMarco Murray",6,2,"17.7"
"631","Arian Foster",6,2,"17.6"
"731","Marshawn Lynch",6,2,"16.9"
"831","Branden Oliver",6,2,"16.7"
"931","Bishop Sankey",6,2,"16.4"
"1031","Andre Williams",6,2,"16"
"1131","Frank Gore",6,2,"15.6"
"1231","Justin Forsett",6,2,"14.9"
"1331","Andre Ellington",6,2,"14.9"
"1431","Lamar Miller",6,2,"14.7"
"1531","Fred Jackson",6,2,"14.5"
"1631","Joique Bell",6,2,"14.2"
"1731","C.J. Spiller*",6,2,"14"
"1831","Chris Ivory",6,2,"13.6"
"1931","Darren Sproles",6,2,"13.1"
"2031","Alfred Morris",6,2,"13.1"
"2141","LeSean McCoy",6,2,"12.8"
"2233","Steven Jackson",6,2,"12.7"
"2331","Eddie Lacy",6,2,"12.4"
"2431","Matt Asiata",6,2,"12.4"
"2531","Doug Martin",6,2,"12.3"
"2631","Jeremy Hill",6,2,"11.2"
"2731","Ben Tate",6,2,"10.5"
"2831","Ahmad Bradshaw",6,2,"10.3"
"2931","Isaiah Crowell",6,2,"9"
"3031","Storm Johnson",6,2,"7.5"
"3140","Trent Richardson",6,2,"7.3"
"3233","Zac Stacy",6,2,"7.2"
"3331","Knowshon Moreno*",6,2,"7"
"3427","Stevan Ridley*",6,2,"6.1"
"3526","Darrin Reaves",6,2,"6.1"
"3626","Shane Vereen",6,2,"5.1"
"3726","Roy Helu",6,2,"5"
"3826","Bobby Rainey",6,2,"4.7"
"3926","Dexter McCluster",6,2,"4.6"
"4026","Jerick McKinnon",6,2,"4.6"
"4127","Darren McFadden",6,2,"4.5"
"2142","Antonio Brown",6,4,"16.5"
"3141","Julio Jones",6,4,"16.5"
"441","Demaryius Thomas",6,4,"16.1"
"532","Jordy Nelson",6,4,"15.5"
"632","Golden Tate",6,4,"15.3"
"732","Mohamed Sanu",6,4,"15.2"
"832","Emmanuel Sanders",6,4,"15.1"
"932","Alshon Jeffery",6,4,"14.9"
"1032","Jeremy Maclin",6,4,"14.8"
"1132","Roddy White",6,4,"13.9"
"1232","Pierre Garcon",6,4,"13.9"
"1332","Percy Harvin",6,4,"13.9"
"1432","Mike Wallace",6,4,"13.5"
"1532","Andre Johnson",6,4,"13.4"
"1632","Julian Edelman",6,4,"13.2"
"1732","Reggie Wayne",6,4,"13.1"
"1832","Vincent Jackson",6,4,"13.1"
"1932","Dez Bryant",6,4,"13.1"
"2032","James Jones",6,4,"12.8"
"2143","T.Y. Hilton",6,4,"12.8"
"2234","DeSean Jackson",6,4,"12.5"
"2332","Brian Quick*",6,4,"12.5"
"2432","Brandon Marshall",6,4,"12.4"
"2532","Victor Cruz*",6,4,"12.4"
"2632","Torrey Smith",6,4,"12.4"
"2732","Kendall Wright",6,4,"12.3"
"2832","Keenan Allen",6,4,"12"
"2932","Anquan Boldin",6,4,"11.4"
"3032","Randall Cobb",6,4,"11.2"
"3142","Larry Fitzgerald",6,4,"10.7"
"3234","Wes Welker",6,4,"10.3"
"3332","Rueben Randle",6,4,"10.1"
"3428","Doug Baldwin",6,4,"10"
"3527","Cecil Shorts III",6,4,"9.2"
"3627","Steve Smith",6,4,"8"
"3727","Kelvin Benjamin",6,4,"7.5"
"3827","Justin Hunter",6,4,"7"
"3927","DeAndre Hopkins",6,4,"6.9"
"4027","Andrew Hawkins",6,4,"6.4"
"4128","Devin Hester",6,4,"5.7"
"2144","Delanie Walker",6,6,"14.8"
"3143","Rob Gronkowski",6,6,"12.8"
"442","Antonio Gates",6,6,"12.6"
"533","Greg Olsen",6,6,"12.1"
"633","Owen Daniels",6,6,"11.8"
"733","Larry Donnell",6,6,"11.7"
"833","Jason Witten",6,6,"11.5"
"933","Julius Thomas",6,6,"11.3"
"1033","Jared Cook",6,6,"10.7"
"1133","Heath Miller",6,6,"10.1"
"1233","Eric Ebron",6,6,"10"
"1333","Jordan Cameron",6,6,"8.7"
"1433","Martellus Bennett",6,6,"5.2"
"1533","Zach Ertz",6,6,"5.2"
"1633","Niles Paul",6,6,"4.8"
"1733","Dwayne Allen",6,6,"4.3"
"1833","John Carlson",6,6,"3.3"
"1933","Scott Chandler",6,6,"3.1"
"2033","Jace Amaro",6,6,"3.1"
"2145","Jordan Reed",6,6,"3"
"2235","Coby Fleener",6,6,"2.9"
"2333","Vernon Davis",6,6,"2.7"
"2433","Levine Toilolo",6,6,"2.6"
"2533","Garrett Graham",6,6,"2.5"
"2633","Clay Harbor",6,6,"2.5"
"2733","Mychal Rivera",6,6,"2.5"
"2833","Jermaine Gresham",6,6,"2.3"
"2933","Charles Clay",6,6,"2.3"
"3033","Chase Ford",6,6,"2"
"3144","Austin Seferian-Jenkins",6,6,"2"
"3235","Jeff Cumberland",6,6,"1.9"
"3333","Ladarius Green",6,6,"1.7"
"3429","Jim Dray",6,6,"1.6"
"3528","Lance Kendricks",6,6,"1.5"
"3628","Andrew Quarless",6,6,"1.4"
"3728","Brent Celek",6,6,"1.3"
"3828","Jacob Tamme",6,6,"1.1"
"3928","Rhett Ellison",6,6,"1.1"
"4028","Logan Paulsen",6,6,"1"
"4129","Luke Willson",6,6,"0.9"
"2146","Lions D/ST D/ST",6,16,"10"
"3145","Titans D/ST D/ST",6,16,"10"
"443","Chargers D/ST D/ST",6,16,"9"
"534","Seahawks D/ST D/ST",6,16,"8"
"634","Ravens D/ST D/ST",6,16,"8"
"734","Bengals D/ST D/ST",6,16,"7"
"834","Dolphins D/ST D/ST",6,16,"7"
"934","Bills D/ST D/ST",6,16,"6"
"1034","Packers D/ST D/ST",6,16,"6"
"1134","Colts D/ST D/ST",6,16,"6"
"1234","Patriots D/ST D/ST",6,16,"6"
"1334","49ers D/ST D/ST",6,16,"6"
"1434","Broncos D/ST D/ST",6,16,"5"
"1534","Giants D/ST D/ST",6,16,"5"
"1634","Rams D/ST D/ST",6,16,"4"
"1734","Vikings D/ST D/ST",6,16,"4"
"1834","Cardinals D/ST D/ST",6,16,"4"
"1934","Redskins D/ST D/ST",6,16,"4"
"2034","Bears D/ST D/ST",6,16,"2"
"2147","Eagles D/ST D/ST",6,16,"2"
"2236","Panthers D/ST D/ST",6,16,"2"
"2334","Jaguars D/ST D/ST",6,16,"2"
"2434","Texans D/ST D/ST",6,16,"2"
"2534","Falcons D/ST D/ST",6,16,"1"
"2634","Cowboys D/ST D/ST",6,16,"1"
"2734","Raiders D/ST D/ST",6,16,"1"
"2834","Buccaneers D/ST D/ST",6,16,"1"
"2934","Browns D/ST D/ST",6,16,"0"
"3034","Jets D/ST D/ST",6,16,"0"
"3146","Steelers D/ST D/ST",6,16,"0"
"3236","Chiefs D/ST D/ST",6,16,NA
"3334","Saints D/ST D/ST",6,16,NA
"2148","Cody Parkey",6,17,"15"
"3147","Adam Vinatieri",6,17,"14"
"444","Billy Cundiff",6,17,"14"
"535","Caleb Sturgis",6,17,"14"
"635","Nick Folk",6,17,"13"
"735","Nick Novak",6,17,"12"
"835","Robbie Gould",6,17,"12"
"935","Ryan Succop",6,17,"12"
"1035","Justin Tucker",6,17,"12"
"1135","Chandler Catanzaro",6,17,"12"
"1235","Matt Bryant",6,17,"10"
"1335","Graham Gano",6,17,"10"
"1435","Blair Walsh",6,17,"10"
"1535","Phil Dawson",6,17,"9"
"1635","Mike Nugent",6,17,"9"
"1735","Shaun Suisham",6,17,"9"
"1835","Mason Crosby",6,17,"9"
"1935","Steven Hauschka",6,17,"9"
"2035","Stephen Gostkowski",6,17,"8"
"2149","Dan Carpenter",6,17,"8"
"2237","Greg Zuerlein",6,17,"8"
"2335","Randy Bullock",6,17,"8"
"2435","Brandon McManus",6,17,"7"
"2535","Matt Prater",6,17,"6"
"2635","Dan Bailey",6,17,"6"
"2735","Josh Scobee",6,17,"5"
"2835","Patrick Murray",6,17,"5"
"2935","Josh Brown",6,17,"4"
"3035","Kai Forbath",6,17,"3"
"3148","Sebastian Janikowski",6,17,"1"
"3237","John Kasay",6,17,NA
"3335","Jason Hanson",6,17,NA
"3430","Olindo Mare",6,17,NA
"3529","Ryan Longwell",6,17,NA
"3629","David Akers",6,17,"0"
"3729","Kris Brown",6,17,NA
"3829","Neil Rackers",6,17,NA
"3929","Rian Lindell",6,17,"0"
"4029","Jay Feely",6,17,"0"
"4130","Lawrence Tynes",6,17,NA
"2150","Philip Rivers",7,0,"23.9"
"3149","Cam Newton",7,0,"22.3"
"445","Tom Brady",7,0,"21.6"
"536","Aaron Rodgers",7,0,"20.9"
"636","Peyton Manning",7,0,"20.5"
"736","Russell Wilson",7,0,"19.9"
"836","Joe Flacco",7,0,"19.8"
"936","Brian Hoyer",7,0,"19.5"
"1036","Andrew Luck",7,0,"18.7"
"1136","Austin Davis",7,0,"17.6"
"1236","Jay Cutler",7,0,"17.4"
"1336","Carson Palmer",7,0,"17.3"
"1436","Kirk Cousins",7,0,"16.6"
"1536","Ryan Tannehill",7,0,"16.2"
"1636","Matt Ryan",7,0,"15.6"
"1736","Derek Carr",7,0,"15.5"
"1836","Charlie Whitehurst",7,0,"15.5"
"1936","Matthew Stafford",7,0,"15.2"
"2036","Eli Manning",7,0,"14.9"
"2151","Tony Romo",7,0,"14.7"
"2238","Alex Smith",7,0,"13.8"
"2336","Blake Bortles",7,0,"13.4"
"2436","Colin Kaepernick",7,0,"13.4"
"2536","Ben Roethlisberger",7,0,"13.4"
"2636","Andy Dalton",7,0,"13.3"
"2736","Drew Brees",7,0,"12.9"
"2836","Ryan Fitzpatrick",7,0,"10.8"
"2936","Kyle Orton",7,0,"10.2"
"3036","Geno Smith",7,0,"9.9"
"3150","Teddy Bridgewater",7,0,"9.5"
"3238","Mark Brunell",7,0,NA
"3336","Jon Kitna",7,0,"0"
"3431","Todd Bouman",7,0,NA
"3530","Charlie Batch",7,0,NA
"3630","Matt Hasselbeck",7,0,"0"
"3730","Jake Delhomme",7,0,NA
"3830","Donovan McNabb",7,0,NA
"3930","Daunte Culpepper",7,0,NA
"4030","Chris Greisen",7,0,NA
"4131","Jeff Garcia",7,0,NA
"2152","Le'Veon Bell",7,2,"20.1"
"3151","DeMarco Murray",7,2,"19.4"
"446","Marshawn Lynch",7,2,"18.7"
"537","Arian Foster",7,2,"17.3"
"637","Giovani Bernard",7,2,"17.3"
"737","Andre Ellington",7,2,"17.2"
"837","Lamar Miller",7,2,"16.8"
"937","Justin Forsett",7,2,"16.7"
"1037","Matt Forte",7,2,"16.6"
"1137","Jamaal Charles",7,2,"15.8"
"1237","Andre Williams",7,2,"14.9"
"1337","Alfred Morris",7,2,"14.8"
"1437","Ben Tate",7,2,"14.5"
"1537","Trent Richardson",7,2,"14.4"
"1637","Fred Jackson",7,2,"14.3"
"1737","Eddie Lacy",7,2,"14.2"
"1837","Bishop Sankey",7,2,"13.8"
"1937","Storm Johnson",7,2,"13.7"
"2037","Joique Bell",7,2,"13.7"
"2153","Shane Vereen",7,2,"12.7"
"2239","Frank Gore",7,2,"12"
"2337","Isaiah Crowell",7,2,"11.2"
"2437","Jeremy Hill",7,2,"10.9"
"2537","Steven Jackson",7,2,"10.7"
"2637","Branden Oliver",7,2,"10.3"
"2737","Mark Ingram",7,2,"9.9"
"2837","Bernard Pierce",7,2,"9.5"
"2937","Ahmad Bradshaw",7,2,"9.2"
"3037","Reggie Bush",7,2,"6.9"
"3152","Chris Ivory",7,2,"6.4"
"3239","Jonathan Stewart",7,2,"6.2"
"3337","Jerick McKinnon",7,2,"6"
"3432","Zac Stacy",7,2,"5.9"
"3531","Darren McFadden",7,2,"5.5"
"3631","Pierre Thomas*",7,2,"5.3"
"3731","Antone Smith",7,2,"5.2"
"3831","C.J. Spiller*",7,2,"4.8"
"3931","Roy Helu",7,2,"4.8"
"4031","Ronnie Hillman",7,2,"4.7"
"4132","Chris Johnson",7,2,"4.5"
"2154","Julio Jones",7,4,"17.2"
"3153","Demaryius Thomas",7,4,"16.2"
"447","Golden Tate",7,4,"15.8"
"538","Antonio Brown",7,4,"15.8"
"638","Steve Smith",7,4,"15.4"
"738","James Jones",7,4,"15.4"
"838","Jordy Nelson",7,4,"15.3"
"938","T.Y. Hilton",7,4,"15"
"1038","Mohamed Sanu",7,4,"14.9"
"1138","Andre Holmes",7,4,"13.9"
"1238","Dez Bryant",7,4,"13.6"
"1338","Torrey Smith",7,4,"13.5"
"1438","Brian Quick*",7,4,"13.5"
"1538","Andre Johnson",7,4,"13.4"
"1638","Julian Edelman",7,4,"13.2"
"1738","Mike Wallace",7,4,"13.1"
"1838","Emmanuel Sanders",7,4,"13.1"
"1938","Cecil Shorts III",7,4,"12.7"
"2038","Michael Floyd",7,4,"12.4"
"2155","Odell Beckham Jr.",7,4,"12.3"
"2240","Marques Colston",7,4,"12.1"
"2338","Randall Cobb",7,4,"12.1"
"2438","Larry Fitzgerald",7,4,"12"
"2538","Brandon Marshall",7,4,"12"
"2638","Kelvin Benjamin",7,4,"11.8"
"2738","Terrance Williams",7,4,"11.5"
"2838","Pierre Garcon",7,4,"11.4"
"2938","Rueben Randle",7,4,"11.3"
"3038","Malcom Floyd",7,4,"11.1"
"3154","Greg Jennings",7,4,"11.1"
"3240","Jermaine Kearse",7,4,"10.9"
"3338","Keenan Allen",7,4,"10.5"
"3433","Sammy Watkins",7,4,"10.4"
"3532","Kendall Wright",7,4,"10.3"
"3632","Miles Austin",7,4,"9.8"
"3732","Doug Baldwin",7,4,"9.8"
"3832","DeSean Jackson",7,4,"7.8"
"3932","Alshon Jeffery",7,4,"7.6"
"4032","Reggie Wayne",7,4,"7.2"
"4133","Roddy White",7,4,"7"
"2156","Jordan Cameron",7,6,"15.4"
"3155","Jordan Reed",7,6,"12.7"
"448","Delanie Walker",7,6,"12.5"
"539","Martellus Bennett",7,6,"12.2"
"639","Travis Kelce",7,6,"11.8"
"739","Antonio Gates",7,6,"11.7"
"839","Rob Gronkowski",7,6,"11.5"
"939","Julius Thomas",7,6,"11.2"
"1039","Jared Cook",7,6,"10.7"
"1139","Dwayne Allen",7,6,"10.6"
"1239","Jace Amaro",7,6,"10.5"
"1339","Vernon Davis",7,6,"9"
"1439","Andrew Quarless",7,6,"8.3"
"1539","Charles Clay",7,6,"8"
"1639","Greg Olsen",7,6,"6.2"
"1739","Jimmy Graham",7,6,"5.2"
"1839","Jason Witten",7,6,"5"
"1939","Ladarius Green",7,6,"4.8"
"2039","Jermaine Gresham",7,6,"4.3"
"2157","Larry Donnell",7,6,"4.1"
"2241","Heath Miller",7,6,"4"
"2339","Owen Daniels",7,6,"3.6"
"2439","Coby Fleener",7,6,"3.5"
"2539","Scott Chandler",7,6,"3.4"
"2639","Clay Harbor",7,6,"3.2"
"2739","Anthony Fasano",7,6,"2.6"
"2839","Jim Dray",7,6,"2.6"
"2939","Chase Ford",7,6,"2.6"
"3039","Niles Paul",7,6,"2.5"
"3156","Mychal Rivera",7,6,"2.4"
"3241","Lance Kendricks",7,6,"2.3"
"3339","John Carlson",7,6,"1.9"
"3434","Levine Toilolo",7,6,"1.9"
"3533","Brandon Pettigrew",7,6,"1.8"
"3633","Cooper Helfet",7,6,"1.8"
"3733","Tim Wright",7,6,"1.7"
"3833","Crockett Gillmore",7,6,"1.6"
"3933","Daniel Fells",7,6,"1.3"
"4033","Derek Carrier",7,6,"1.3"
"4134","Josh Hill",7,6,"1.2"
"2158","Bills D/ST D/ST",7,16,"12"
"3157","Patriots D/ST D/ST",7,16,"10"
"449","Browns D/ST D/ST",7,16,"7"
"540","Redskins D/ST D/ST",7,16,"7"
"640","Bears D/ST D/ST",7,16,"6"
"740","Dolphins D/ST D/ST",7,16,"6"
"840","Broncos D/ST D/ST",7,16,"5"
"940","Packers D/ST D/ST",7,16,"5"
"1040","Cardinals D/ST D/ST",7,16,"5"
"1140","Steelers D/ST D/ST",7,16,"5"
"1240","Chargers D/ST D/ST",7,16,"5"
"1340","Seahawks D/ST D/ST",7,16,"5"
"1440","Cowboys D/ST D/ST",7,16,"4"
"1540","Vikings D/ST D/ST",7,16,"4"
"1640","Lions D/ST D/ST",7,16,"3"
"1740","Titans D/ST D/ST",7,16,"3"
"1840","Giants D/ST D/ST",7,16,"3"
"1940","49ers D/ST D/ST",7,16,"3"
"2040","Panthers D/ST D/ST",7,16,"3"
"2159","Texans D/ST D/ST",7,16,"3"
"2242","Colts D/ST D/ST",7,16,"2"
"2340","Rams D/ST D/ST",7,16,"2"
"2440","Saints D/ST D/ST",7,16,"2"
"2540","Jets D/ST D/ST",7,16,"2"
"2640","Ravens D/ST D/ST",7,16,"2"
"2740","Bengals D/ST D/ST",7,16,"1"
"2840","Chiefs D/ST D/ST",7,16,"1"
"2940","Raiders D/ST D/ST",7,16,"1"
"3040","Jaguars D/ST D/ST",7,16,"-2"
"3158","Falcons D/ST D/ST",7,16,"-4"
"3242","Eagles D/ST D/ST",7,16,NA
"3340","Buccaneers D/ST D/ST",7,16,NA
"2160","Adam Vinatieri",7,17,"15"
"3159","Stephen Gostkowski",7,17,"15"
"450","Steven Hauschka",7,17,"15"
"541","Matt Prater",7,17,"14"
"641","Dan Bailey",7,17,"12"
"741","Brandon McManus",7,17,"12"
"841","Dan Carpenter",7,17,"11"
"941","Graham Gano",7,17,"11"
"1041","Greg Zuerlein",7,17,"11"
"1141","Billy Cundiff",7,17,"10"
"1241","Blair Walsh",7,17,"10"
"1341","Justin Tucker",7,17,"10"
"1441","Mike Nugent",7,17,"9"
"1541","Nick Novak",7,17,"9"
"1641","Robbie Gould",7,17,"9"
"1741","Kai Forbath",7,17,"9"
"1841","Chandler Catanzaro",7,17,"9"
"1941","Phil Dawson",7,17,"8"
"2041","Matt Bryant",7,17,"8"
"2161","Shaun Suisham",7,17,"8"
"2243","Randy Bullock",7,17,"8"
"2341","Nick Folk",7,17,"7"
"2441","Mason Crosby",7,17,"7"
"2541","Caleb Sturgis",7,17,"6"
"2641","Sebastian Janikowski",7,17,"5"
"2741","Shayne Graham",7,17,"5"
"2841","Josh Scobee",7,17,"5"
"2941","Cairo Santos",7,17,"5"
"3041","Josh Brown",7,17,"3"
"3160","Ryan Succop",7,17,"3"
"3243","John Kasay",7,17,NA
"3341","Jason Hanson",7,17,NA
"3435","Olindo Mare",7,17,NA
"3534","Ryan Longwell",7,17,NA
"3634","David Akers",7,17,"0"
"3734","Kris Brown",7,17,NA
"3834","Neil Rackers",7,17,NA
"3934","Rian Lindell",7,17,NA
"4034","Jay Feely",7,17,"0"
"4135","Lawrence Tynes",7,17,NA
"2162","Russell Wilson",8,0,"28.2"
"3161","Aaron Rodgers",8,0,"23.3"
"451","Peyton Manning",8,0,"22.6"
"542","Cam Newton",8,0,"21.2"
"642","Ryan Tannehill",8,0,"21.1"
"742","Tom Brady",8,0,"20.1"
"842","Matthew Stafford",8,0,"20.1"
"942","Andrew Luck",8,0,"19.8"
"1042","Philip Rivers",8,0,"19.6"
"1142","Alex Smith",8,0,"18.5"
"1242","Carson Palmer",8,0,"18.1"
"1342","Joe Flacco",8,0,"17.8"
"1442","Kyle Orton",8,0,"17.5"
"1542","Tony Romo",8,0,"17.3"
"1642","Nick Foles*",8,0,"17"
"1742","Teddy Bridgewater",8,0,"16.6"
"1842","Jay Cutler",8,0,"16.4"
"1942","Austin Davis",8,0,"15.4"
"2042","Colt McCoy",8,0,"15.2"
"2163","Andy Dalton",8,0,"15.2"
"2244","Mike Glennon",8,0,"14.1"
"2342","Zach Mettenberger",8,0,"13.1"
"2442","Brian Hoyer",8,0,"12.9"
"2542","Matt Ryan",8,0,"12.9"
"2642","Drew Brees",8,0,"12.3"
"2742","Ryan Fitzpatrick",8,0,"11.7"
"2842","Ben Roethlisberger",8,0,"11.4"
"2942","Geno Smith",8,0,"11.3"
"3042","Blake Bortles",8,0,"10.7"
"3162","Derek Carr",8,0,"10.3"
"3244","Mark Brunell",8,0,NA
"3342","Jon Kitna",8,0,"0"
"3436","Todd Bouman",8,0,NA
"3535","Charlie Batch",8,0,NA
"3635","Matt Hasselbeck",8,0,"0"
"3735","Jake Delhomme",8,0,NA
"3835","Donovan McNabb",8,0,NA
"3935","Daunte Culpepper",8,0,NA
"4035","Chris Greisen",8,0,NA
"4136","Jeff Garcia",8,0,NA
"2164","Arian Foster",8,2,"19.6"
"3163","DeMarco Murray",8,2,"17.6"
"452","Mark Ingram",8,2,"17.5"
"543","Joique Bell",8,2,"17.4"
"643","Le'Veon Bell",8,2,"17.3"
"743","Matt Forte",8,2,"16.9"
"843","Jamaal Charles",8,2,"16.6"
"943","Lamar Miller",8,2,"16.6"
"1043","Giovani Bernard",8,2,"16.4"
"1143","Marshawn Lynch",8,2,"16.2"
"1243","Jerick McKinnon",8,2,"16"
"1343","Shane Vereen",8,2,"15.4"
"1443","Ben Tate",8,2,"15.1"
"1543","Trent Richardson",8,2,"14.4"
"1643","Darren McFadden",8,2,"14.2"
"1743","Justin Forsett",8,2,"13.8"
"1843","LeSean McCoy",8,2,"13.7"
"1943","Branden Oliver",8,2,"13.3"
"2043","Ahmad Bradshaw",8,2,"13.2"
"2165","Chris Ivory",8,2,"12.9"
"2245","Bishop Sankey",8,2,"12.5"
"2343","Eddie Lacy",8,2,"12.2"
"2443","Doug Martin",8,2,"12.1"
"2543","Isaiah Crowell",8,2,"11.5"
"2643","Alfred Morris",8,2,"11.2"
"2743","Denard Robinson",8,2,"10.9"
"2843","Andre Ellington",8,2,"10.6"
"2943","Lorenzo Taliaferro",8,2,"10.4"
"3043","Steven Jackson",8,2,"9.4"
"3164","Ronnie Hillman",8,2,"6.9"
"3245","Anthony Dixon",8,2,"6.4"
"3343","Travaris Cadet",8,2,"6.3"
"3437","Tre Mason",8,2,"6.1"
"3536","Bobby Rainey",8,2,"5.7"
"3636","Knile Davis",8,2,"5.2"
"3736","Matt Asiata",8,2,"5.1"
"3836","Benjamin Cunningham",8,2,"4.5"
"3936","Stepfan Taylor*",8,2,"4.3"
"4036","Jeremy Hill",8,2,"4.2"
"4137","Jonathan Stewart",8,2,"4.1"
"2166","Golden Tate",8,4,"16.7"
"3165","Jordy Nelson",8,4,"16.4"
"453","Jeremy Maclin",8,4,"16.3"
"544","Demaryius Thomas",8,4,"15.4"
"644","Antonio Brown",8,4,"15.2"
"744","Steve Smith",8,4,"15.1"
"844","Julio Jones",8,4,"15.1"
"944","Mohamed Sanu",8,4,"14.9"
"1044","Mike Wallace",8,4,"13.8"
"1144","Torrey Smith",8,4,"13.7"
"1244","Emmanuel Sanders",8,4,"13.5"
"1344","Doug Baldwin",8,4,"13.5"
"1444","Sammy Watkins",8,4,"13.5"
"1544","James Jones",8,4,"13.4"
"1644","Julian Edelman",8,4,"13.4"
"1744","Randall Cobb",8,4,"13.4"
"1844","Dez Bryant",8,4,"13.3"
"1944","Andre Johnson",8,4,"13.2"
"2044","Kelvin Benjamin",8,4,"12.8"
"2167","Dwayne Bowe",8,4,"12.6"
"2246","Cordarrelle Patterson",8,4,"12.4"
"2344","Brandon Marshall",8,4,"12.3"
"2444","Eric Decker",8,4,"12.3"
"2544","Michael Floyd",8,4,"12"
"2644","Allen Robinson",8,4,"11.6"
"2744","Pierre Garcon",8,4,"11.5"
"2844","Keenan Allen",8,4,"11.5"
"2944","Larry Fitzgerald",8,4,"11.4"
"3044","Vincent Jackson",8,4,"11.3"
"3166","Greg Jennings",8,4,"11.3"
"3246","Brian Quick*",8,4,"11.1"
"3344","Jermaine Kearse",8,4,"10.7"
"3438","Kendall Wright",8,4,"10.6"
"3537","T.Y. Hilton",8,4,"10.6"
"3637","Terrance Williams",8,4,"10.2"
"3737","Mike Evans",8,4,"10.2"
"3837","Davante Adams",8,4,"9.7"
"3937","Brandin Cooks",8,4,"7.7"
"4037","DeSean Jackson",8,4,"7.4"
"4138","Malcom Floyd",8,4,"7.1"
"2168","Greg Olsen",8,6,"12.5"
"3167","Rob Gronkowski",8,6,"12.3"
"454","Zach Ertz",8,6,"11.6"
"545","Jimmy Graham",8,6,"11.5"
"645","Scott Chandler",8,6,"11.2"
"745","Antonio Gates",8,6,"10.7"
"845","Charles Clay",8,6,"10.6"
"945","Travis Kelce",8,6,"10.5"
"1045","Dwayne Allen",8,6,"10.4"
"1145","Julius Thomas",8,6,"10.3"
"1245","Jared Cook",8,6,"10.2"
"1345","Jordan Cameron",8,6,"9.2"
"1445","Jordan Reed",8,6,"5.6"
"1545","Delanie Walker",8,6,"5.5"
"1645","Martellus Bennett",8,6,"5.3"
"1745","Coby Fleener",8,6,"4.9"
"1845","Crockett Gillmore",8,6,"4.8"
"1945","Jermaine Gresham",8,6,"4.1"
"2045","Clay Harbor",8,6,"4"
"2169","Jace Amaro",8,6,"3.4"
"2247","Jason Witten",8,6,"3"
"2345","Heath Miller",8,6,"2.9"
"2445","Kellen Davis",8,6,"2.9"
"2545","Niles Paul",8,6,"2.8"
"2645","Cooper Helfet",8,6,"2.4"
"2745","Austin Seferian-Jenkins",8,6,"2.4"
"2845","John Carlson",8,6,"2.1"
"2945","Lance Kendricks",8,6,"2"
"3045","Levine Toilolo",8,6,"1.9"
"3168","Luke Willson",8,6,"1.9"
"3247","Anthony Fasano",8,6,"1.8"
"3345","Andrew Quarless",8,6,"1.8"
"3439","Garrett Graham",8,6,"1.7"
"3538","Mychal Rivera",8,6,"1.7"
"3638","Brandon Myers",8,6,"1.5"
"3738","Brent Celek",8,6,"1.4"
"3838","Rhett Ellison",8,6,"1.3"
"3938","Chase Ford",8,6,"1.3"
"4038","Dion Sims",8,6,"1.2"
"4139","Ladarius Green",8,6,"1.1"
"2170","Dolphins D/ST D/ST",8,16,"12"
"3169","Giants D/ST D/ST",8,16,NA
"455","49ers D/ST D/ST",8,16,NA
"546","Bills D/ST D/ST",8,16,"9"
"646","Vikings D/ST D/ST",8,16,"7"
"746","Patriots D/ST D/ST",8,16,"7"
"846","Browns D/ST D/ST",8,16,"6"
"946","Cowboys D/ST D/ST",8,16,"6"
"1046","Texans D/ST D/ST",8,16,"6"
"1146","Lions D/ST D/ST",8,16,"5"
"1246","Colts D/ST D/ST",8,16,"5"
"1346","Chiefs D/ST D/ST",8,16,"5"
"1446","Buccaneers D/ST D/ST",8,16,"5"
"1546","Bears D/ST D/ST",8,16,"4"
"1646","Falcons D/ST D/ST",8,16,"3"
"1746","Broncos D/ST D/ST",8,16,"3"
"1846","Titans D/ST D/ST",8,16,"3"
"1946","Jets D/ST D/ST",8,16,"3"
"2046","Eagles D/ST D/ST",8,16,"3"
"2171","Cardinals D/ST D/ST",8,16,"3"
"2248","Seahawks D/ST D/ST",8,16,"3"
"2346","Packers D/ST D/ST",8,16,"2"
"2446","Chargers D/ST D/ST",8,16,"2"
"2546","Redskins D/ST D/ST",8,16,"2"
"2646","Panthers D/ST D/ST",8,16,"2"
"2746","Ravens D/ST D/ST",8,16,"2"
"2846","Rams D/ST D/ST",8,16,"1"
"2946","Saints D/ST D/ST",8,16,"1"
"3046","Steelers D/ST D/ST",8,16,"1"
"3170","Jaguars D/ST D/ST",8,16,"1"
"3248","Raiders D/ST D/ST",8,16,"0"
"3346","Bengals D/ST D/ST",8,16,"-3"
"2172","Dan Bailey",8,17,"15"
"3171","Cairo Santos",8,17,"15"
"456","Shayne Graham",8,17,"14"
"547","Graham Gano",8,17,"14"
"647","Chandler Catanzaro",8,17,"14"
"747","Adam Vinatieri",8,17,"12"
"847","Billy Cundiff",8,17,"12"
"947","Stephen Gostkowski",8,17,"12"
"1047","Caleb Sturgis",8,17,"12"
"1147","Dan Carpenter",8,17,"11"
"1247","Randy Bullock",8,17,"11"
"1347","Mason Crosby",8,17,"10"
"1447","Justin Tucker",8,17,"9"
"1547","Brandon McManus",8,17,"9"
"1647","Cody Parkey",8,17,"9"
"1747","Matt Bryant",8,17,"8"
"1847","Robbie Gould",8,17,"8"
"1947","Shaun Suisham",8,17,"8"
"2047","Kai Forbath",8,17,"8"
"2173","Greg Zuerlein",8,17,"8"
"2249","Steven Hauschka",8,17,"7"
"2347","Nick Novak",8,17,"6"
"2447","Matt Prater",8,17,"6"
"2547","Blair Walsh",8,17,"6"
"2647","Josh Scobee",8,17,"5"
"2747","Mike Nugent",8,17,"5"
"2847","Nick Folk",8,17,"5"
"2947","Ryan Succop",8,17,"5"
"3047","Patrick Murray",8,17,"3"
"3172","Sebastian Janikowski",8,17,"2"
"3249","John Kasay",8,17,NA
"3347","Jason Hanson",8,17,NA
"3440","Olindo Mare",8,17,NA
"3539","Ryan Longwell",8,17,NA
"3639","Phil Dawson",8,17,NA
"3739","David Akers",8,17,"0"
"3839","Kris Brown",8,17,NA
"3939","Neil Rackers",8,17,NA
"4039","Rian Lindell",8,17,"0"
"4140","Jay Feely",8,17,"0"
"2174","Tom Brady",9,0,"22.4"
"3173","Russell Wilson",9,0,"22"
"457","Andrew Luck",9,0,"21.7"
"548","Colin Kaepernick",9,0,"20.6"
"648","Philip Rivers",9,0,"20.6"
"748","Peyton Manning",9,0,"20.5"
"848","Ben Roethlisberger",9,0,"20.3"
"948","Andy Dalton",9,0,"19.8"
"1048","Nick Foles*",9,0,"19.3"
"1148","Cam Newton",9,0,"19.3"
"1248","Brian Hoyer",9,0,"19.2"
"1348","Drew Brees",9,0,"18.9"
"1448","Ryan Fitzpatrick",9,0,"18.7"
"1548","Alex Smith",9,0,"18"
"1648","Robert Griffin",9,0,"17.9"
"1748","Ryan Tannehill",9,0,"16.8"
"1848","Joe Flacco",9,0,"16.5"
"1948","Eli Manning",9,0,"15.9"
"2048","Brandon Weeden",9,0,"15.4"
"2175","Austin Davis",9,0,"14.7"
"2250","Carson Palmer",9,0,"13.6"
"2348","Mike Glennon",9,0,"12.2"
"2448","Blake Bortles",9,0,"11.7"
"2548","Michael Vick",9,0,"11"
"2648","Derek Carr",9,0,"11"
"2748","Teddy Bridgewater",9,0,"9.7"
"2848","Mark Brunell",9,0,NA
"2948","Jon Kitna",9,0,"0"
"3048","Todd Bouman",9,0,NA
"3174","Charlie Batch",9,0,NA
"3250","Matt Hasselbeck",9,0,"0"
"3348","Jake Delhomme",9,0,NA
"3441","Donovan McNabb",9,0,NA
"3540","Daunte Culpepper",9,0,NA
"3640","Chris Greisen",9,0,NA
"3740","Jeff Garcia",9,0,NA
"3840","Chris Redman",9,0,NA
"3940","Billy Volek",9,0,NA
"4040","Sage Rosenfels",9,0,NA
"4141","A.J. Feeley",9,0,NA
"2176","Mark Ingram",9,2,"23.6"
"3175","Le'Veon Bell",9,2,"18.4"
"458","DeMarco Murray",9,2,"18.3"
"549","Arian Foster",9,2,"18.2"
"649","Andre Ellington",9,2,"17.8"
"749","Bobby Rainey",9,2,"17.5"
"849","Jeremy Hill",9,2,"17.3"
"949","Marshawn Lynch",9,2,"16.6"
"1049","Jamaal Charles",9,2,"15.3"
"1149","Denard Robinson",9,2,"15.1"
"1249","Lamar Miller",9,2,"15"
"1349","Ahmad Bradshaw",9,2,"14.3"
"1449","Jerick McKinnon",9,2,"14.3"
"1549","Frank Gore",9,2,"14.2"
"1649","Ben Tate",9,2,"13.9"
"1749","Andre Williams",9,2,"13.7"
"1849","Alfred Morris",9,2,"12.6"
"1949","Shane Vereen",9,2,"10.5"
"2049","Tre Mason",9,2,"10.3"
"2177","Justin Forsett",9,2,"10.1"
"2251","Terrance West",9,2,"10.1"
"2349","Ronnie Hillman",9,2,"9.9"
"2449","DeAngelo Williams",9,2,"9.9"
"2549","Lorenzo Taliaferro",9,2,"9.5"
"2649","LeSean McCoy",9,2,"8.6"
"2749","Juwan Thompson",9,2,"8.4"
"2849","Travaris Cadet",9,2,"6.8"
"2949","Darren Sproles",9,2,"6.7"
"3049","Branden Oliver",9,2,"6.4"
"3176","Trent Richardson",9,2,"6.1"
"3251","Roy Helu",9,2,"4.9"
"3349","Carlos Hyde",9,2,"4.7"
"3442","Chris Ivory",9,2,"4.6"
"3541","Darren McFadden",9,2,"4.5"
"3641","Alfred Blue",9,2,"4.2"
"3741","Jonathan Stewart",9,2,"4.1"
"3841","Isaiah Crowell",9,2,"3.9"
"3941","Matt Asiata",9,2,"3.8"
"4041","Knile Davis",9,2,"3.8"
"4142","LeGarrette Blount",9,2,"3.7"
"2178","T.Y. Hilton",9,4,"16.7"
"3177","Antonio Brown",9,4,"16.2"
"459","Demaryius Thomas",9,4,"16"
"550","A.J. Green",9,4,"15.8"
"650","Jeremy Maclin",9,4,"15.4"
"750","Kelvin Benjamin",9,4,"15.4"
"850","Dez Bryant",9,4,"15.2"
"950","Emmanuel Sanders",9,4,"14.5"
"1050","DeAndre Hopkins",9,4,"14.5"
"1150","Mohamed Sanu",9,4,"14.3"
"1250","Steve Smith",9,4,"14.2"
"1350","Andrew Hawkins",9,4,"13.8"
"1450","Andre Johnson",9,4,"13.5"
"1550","Allen Robinson",9,4,"13.1"
"1650","Doug Baldwin",9,4,"13"
"1750","Torrey Smith",9,4,"12.8"
"1850","Brandin Cooks",9,4,"12.8"
"1950","DeSean Jackson",9,4,"12.7"
"2050","Brandon LaFell",9,4,"12.3"
"2179","Larry Fitzgerald",9,4,"12.1"
"2252","Mike Wallace",9,4,"12"
"2350","Anquan Boldin",9,4,"11.5"
"2450","James Jones",9,4,"11.4"
"2550","Terrance Williams",9,4,"11.4"
"2650","Kenny Britt",9,4,"11.3"
"2750","Cordarrelle Patterson",9,4,"11.3"
"2850","Malcom Floyd",9,4,"11.2"
"2950","Miles Austin",9,4,"11.2"
"3050","Keenan Allen",9,4,"11.2"
"3178","Vincent Jackson",9,4,"11.1"
"3252","Michael Crabtree",9,4,"11"
"3350","Odell Beckham Jr.",9,4,"10.9"
"3443","Pierre Garcon",9,4,"10.8"
"3542","Dwayne Bowe",9,4,"10.5"
"3642","Eric Decker",9,4,"10.1"
"3742","Jarvis Landry",9,4,"9.6"
"3842","Marques Colston",9,4,"6.7"
"3942","Julian Edelman",9,4,"6.4"
"4042","Reggie Wayne",9,4,"6.2"
"4143","Donte Moncrief",9,4,"5.9"
"2180","Rob Gronkowski",9,6,"13.5"
"3179","Greg Olsen",9,6,"13.3"
"460","Jimmy Graham",9,6,"13.1"
"551","Larry Donnell",9,6,"11.3"
"651","Zach Ertz",9,6,"11.3"
"751","Antonio Gates",9,6,"11.1"
"851","Travis Kelce",9,6,"10.9"
"951","Jared Cook",9,6,"10.4"
"1051","Julius Thomas",9,6,"10"
"1151","Dwayne Allen",9,6,"10"
"1251","Luke Willson",9,6,"7.8"
"1351","Jordan Reed",9,6,"5.3"
"1451","Jason Witten",9,6,"4.6"
"1551","Heath Miller",9,6,"4.5"
"1651","Clay Harbor",9,6,"4"
"1751","Jim Dray",9,6,"3.2"
"1851","Coby Fleener",9,6,"3.2"
"1951","Mychal Rivera",9,6,"3.2"
"2051","John Carlson",9,6,"3.1"
"2181","Jermaine Gresham",9,6,"3"
"2253","Niles Paul",9,6,"3"
"2351","Crockett Gillmore",9,6,"3"
"2451","Austin Seferian-Jenkins",9,6,"3"
"2551","Tim Wright",9,6,"2.6"
"2651","Owen Daniels",9,6,"2.3"
"2751","Vernon Davis",9,6,"2.2"
"2851","Jace Amaro",9,6,"2.2"
"2951","Daniel Fells",9,6,"2.1"
"3051","Charles Clay",9,6,"2.1"
"3180","Garrett Graham",9,6,"2"
"3253","Josh Hill",9,6,"1.9"
"3351","Brandon Myers",9,6,"1.7"
"3444","Lance Kendricks",9,6,"1.6"
"3543","Gary Barnidge",9,6,"1.5"
"3643","Chase Ford",9,6,"1.5"
"3743","Gavin Escobar",9,6,"1.5"
"3843","Ladarius Green",9,6,"1.4"
"3943","Brent Celek",9,6,"1.3"
"4043","Cooper Helfet",9,6,"1.3"
"4144","Derek Carrier",9,6,"1.2"
"2182","Chiefs D/ST D/ST",9,16,"11"
"3181","Bengals D/ST D/ST",9,16,"10"
"461","Redskins D/ST D/ST",9,16,"10"
"552","49ers D/ST D/ST",9,16,"9"
"652","Seahawks D/ST D/ST",9,16,"9"
"752","Browns D/ST D/ST",9,16,"6"
"852","Dolphins D/ST D/ST",9,16,"6"
"952","Chargers D/ST D/ST",9,16,"6"
"1052","Colts D/ST D/ST",9,16,"5"
"1152","Cardinals D/ST D/ST",9,16,"5"
"1252","Vikings D/ST D/ST",9,16,"4"
"1352","Patriots D/ST D/ST",9,16,"4"
"1452","Jets D/ST D/ST",9,16,"4"
"1552","Eagles D/ST D/ST",9,16,"4"
"1652","Saints D/ST D/ST",9,16,"3"
"1752","Broncos D/ST D/ST",9,16,"2"
"1852","Steelers D/ST D/ST",9,16,"2"
"1952","Texans D/ST D/ST",9,16,"2"
"2052","Cowboys D/ST D/ST",9,16,"0"
"2183","Jaguars D/ST D/ST",9,16,"0"
"2254","Raiders D/ST D/ST",9,16,"-1"
"2352","Rams D/ST D/ST",9,16,"-1"
"2452","Giants D/ST D/ST",9,16,"-1"
"2552","Buccaneers D/ST D/ST",9,16,"-1"
"2652","Panthers D/ST D/ST",9,16,"-1"
"2752","Ravens D/ST D/ST",9,16,"-1"
"2852","Falcons D/ST D/ST",9,16,NA
"2952","Bills D/ST D/ST",9,16,NA
"3052","Bears D/ST D/ST",9,16,NA
"3182","Lions D/ST D/ST",9,16,NA
"3254","Packers D/ST D/ST",9,16,NA
"3352","Titans D/ST D/ST",9,16,NA
"2184","Adam Vinatieri",9,17,"15"
"3183","Phil Dawson",9,17,"15"
"462","Cairo Santos",9,17,"15"
"553","Cody Parkey",9,17,"14"
"653","Mike Nugent",9,17,"12"
"753","Stephen Gostkowski",9,17,"12"
"853","Steven Hauschka",9,17,"12"
"953","Blair Walsh",9,17,"11"
"1053","Billy Cundiff",9,17,"10"
"1153","Graham Gano",9,17,"9"
"1253","Dan Bailey",9,17,"9"
"1353","Justin Tucker",9,17,"9"
"1453","Shaun Suisham",9,17,"8"
"1553","Chandler Catanzaro",9,17,"8"
"1653","Sebastian Janikowski",9,17,"7"
"1753","Shayne Graham",9,17,"7"
"1853","Nick Folk",9,17,"7"
"1953","Brandon McManus",9,17,"7"
"2053","Josh Brown",9,17,"6"
"2185","Nick Novak",9,17,"6"
"2255","Randy Bullock",9,17,"6"
"2353","Caleb Sturgis",9,17,"6"
"2453","Patrick Murray",9,17,"5"
"2553","Kai Forbath",9,17,"3"
"2653","Greg Zuerlein",9,17,"3"
"2753","Josh Scobee",9,17,"2"
"2853","John Kasay",9,17,NA
"2953","Jason Hanson",9,17,NA
"3053","Olindo Mare",9,17,NA
"3184","Ryan Longwell",9,17,NA
"3255","David Akers",9,17,NA
"3353","Kris Brown",9,17,NA
"3445","Neil Rackers",9,17,NA
"3544","Rian Lindell",9,17,"0"
"3644","Jay Feely",9,17,"0"
"3744","Lawrence Tynes",9,17,NA
"3844","Matt Bryant",9,17,NA
"3944","Jeff Reed",9,17,NA
"4044","Nate Kaeding",9,17,NA
"4145","Dave Rayner",9,17,NA
